kind	module	dlib	tk5_rmid	ce_rmid	len_tk5	len_ce	verdict	ndiff
divergent	AHLCWRIT	AOS11	UZ48441	UZ79327	8757	8705	len-diff	5802
divergent	AHLIWRIT	AOS11	UZ48441	UZ79327	7081	7021	len-diff	5121
divergent	AHLTSLIP	AOS11	UZ61726	UZ36952	7817	7809	len-diff	5306
divergent	AHLWTO	AOS11	UZ60842	FBB1221	1373	1337	len-diff	989
divergent	AHLWWRIT	AOS11	UY14400	UZ79327	9173	9081	len-diff	7031
divergent	AKJLKL01	ACMDLIB	UZ71478	UZ34914	10587	10569	len-diff	9134
divergent	AMDPRGET	AOS12	UY47701	UZ62809	5285	5317	len-diff	4110
divergent	AMDSAUCB	AOS12	UZ54894	FBB1221	1341	1297	len-diff	1020
divergent	AMDSYS01	AOS12	UZ47317	UZ79292	12201	12233	len-diff	9466
divergent	BLSFLD00	AOS32	UZ57960	EIP1102	1972	1968	len-diff	1602
divergent	BLSRCOMP	AOS32	UZ58904	UZ28623	5271	5168	len-diff	4568
divergent	BLSRDUIN	AOS32	UZ58273	UZ56228	1774	1758	len-diff	941
divergent	BLSRSUTC	AOS32	UZ60529	UZ54003	3325	3334	len-diff	2859
divergent	BNGLOGR2	AOS29	UZ62117	UZ36925	13218	13210	len-diff	3387
divergent	HASPACCT	AOSH3	UZ60375	UZ37263	758	686	len-diff	330
divergent	HASPCOMM	AOSH3	UZ79531	UZ54837	34524	34092	len-diff	31843
divergent	HASPCON	AOSH3	UZ76165	UZ37263	2938	2878	len-diff	859
divergent	HASPINIT	AOSH3	UZ76165	UZ54837	46474	46202	len-diff	38226
divergent	HASPMISC	AOSH3	UZ79531	UZ54837	15850	15674	len-diff	14093
divergent	HASPNUC	AOSH3	UZ77164	UZ54837	24550	24150	len-diff	16278
divergent	HASPPRPU	AOSH3	UZ76165	UZ54837	35250	34006	len-diff	33098
divergent	HASPRDR	AOSH3	UZ77164	UZ54837	15190	12774	len-diff	13937
divergent	HASPRTAM	AOSH3	UZ79531	UZ54837	37774	36686	len-diff	32843
divergent	HASPSSSM	AOSH3	UZ77164	UZ54837	37618	36630	len-diff	34134
divergent	HASPXEQ	AOSH3	UZ76165	UZ54837	17174	16814	len-diff	15457
divergent	HEWLDIOC	AOS05	UZ72791	EPM1102	6334	5917	len-diff	5836
divergent	HEWLDLIB	AOS05	UZ64372	EPM1102	5094	4981	len-diff	4528
divergent	HEWLFADA	AOS04	UZ74418	UZ37156	3350	3334	len-diff	2037
divergent	HEWLFAPT	AOS04	UZ69717	UZ37156	1366	1422	len-diff	161
divergent	HEWLFBTP	AOS04	UZ75395	UZ37156	5118	5022	len-diff	3634
divergent	HEWLFEND	AOS04	UZ69717	UZ37156	998	998	content-diff	49
divergent	HEWLFENS	AOS04	UZ69717	UZ37156	1214	1214	content-diff	60
divergent	HEWLFENT	AOS04	UZ69717	UZ37156	1110	1110	content-diff	45
divergent	HEWLFESD	AOS04	UZ69717	UZ37156	2538	2554	len-diff	1095
divergent	HEWLFFNL	AOS04	UZ69717	UZ37156	3414	3374	len-diff	1065
divergent	HEWLFIDR	AOS04	UZ69717	UZ37156	3062	3238	len-diff	2023
divergent	HEWLFINC	AOS04	UZ69717	UZ37156	3206	3206	content-diff	141
divergent	HEWLFINP	AOS04	UZ69717	UZ37156	2438	2446	len-diff	672
divergent	HEWLFINT	AOS04	UZ48373	UZ37156	4498	4322	len-diff	3148
divergent	HEWLFMAP	AOS04	UZ75804	UZ37156	4734	4682	len-diff	3668
divergent	HEWLFOPT	AOS04	UZ48373	UZ37156	2598	2646	len-diff	1627
divergent	HEWLFOUT	AOS04	UZ75398	UZ56772	4154	4434	len-diff	3489
divergent	HEWLFRAT	AOS04	UZ41342	UZ54638	7396	8060	len-diff	6251
divergent	HEWLFRCG	AOS04	UZ69717	UZ37156	846	846	content-diff	25
divergent	HEWLFREL	AOS04	UZ72443	UZ37156	4538	4538	content-diff	489
divergent	HEWLFROU	AOS04	UZ69717	UZ57947	4442	4642	len-diff	1085
divergent	HEWLFSCD	AOS04	UZ69717	UZ37156	6164	6180	len-diff	1791
divergent	HEWLFSCN	AOS04	UZ69717	UZ53873	5638	5638	content-diff	690
divergent	HEWLFSYM	AOS04	UZ69717	UZ37156	742	742	content-diff	31
divergent	HMBLKCTL	AOS12	UZ62743	UZ52061	10309	10301	len-diff	5793
divergent	HMBLKLDM	AOS12	UZ58963	EPM1102	4605	4485	len-diff	4239
divergent	HMBLKOBJ	AOS12	UZ71624	EPM1102	3942	4197	len-diff	3858
divergent	HMBLKXRF	AOS12	UZ58963	EPM1102	10721	11061	len-diff	10324
divergent	IASFCB26	AOSD0	UY12602	EXW1102	438	405	len-diff	156
divergent	IASFCB28	AOSD0	UY12602	EXW1102	462	429	len-diff	156
divergent	IASXSD81	AOSB0	UY00372	UZ26378	3204	3140	len-diff	1974
divergent	IASXSD82	AOSB0	UY21852	UZ51711	4624	4592	len-diff	3143
divergent	IASXWR00	AOSB0	UY20325	UZ26378	782	782	content-diff	150
divergent	ICB2MSG	AOSD0	UZ38523	UZ56366	18265	18177	len-diff	15361
divergent	ICB2SIOF	AOSD0	UZ58252	UZ29280	1013	1006	len-diff	652
divergent	ICBMSG05	AOSD0	UZ39347	UZ55256	12009	11961	len-diff	10640
divergent	ICBMSG56	AOSD0	UZ71727	UZ52095	32925	32589	len-diff	20960
divergent	ICBTMSS0	AOSD0	UZ71105	UZ32933	1301	1293	len-diff	359
divergent	ICBVCR00	AOSD0	UY00729	EMS1102	1913	1701	len-diff	1371
divergent	ICBVDM00	AOSD0	UZ51239	EMS1102	5133	5185	len-diff	4513
divergent	ICBVDR01	AOSD0	UY03283	UZ32486	8714	8513	len-diff	8030
divergent	ICBVIN00	AOSD0	UZ38355	UZ55945	14753	14713	len-diff	6040
divergent	ICBVJL00	AOSD0	UZ59949	UZ34318	5841	5801	len-diff	3561
divergent	ICBVMG00	AOSD0	UY01975	UZ57284	8022	7910	len-diff	5544
divergent	ICBVMT00	AOSD0	UY01975	UZ90149	11669	9797	len-diff	11064
divergent	ICBVPR00	AOSD0	UY20289	UZ51972	3613	3133	len-diff	2574
divergent	ICBVQM00	AOSD0	UZ51239	UZ90149	4517	4461	len-diff	2315
divergent	ICBVRR00	AOSD0	UZ49996	EMS1102	2889	3589	len-diff	2987
divergent	ICBVSC00	AOSD0	UZ39935	UZ31814	2853	2837	len-diff	393
divergent	ICBVSL00	AOSD0	UY01975	UZ56714	23641	18853	len-diff	22233
divergent	ICBVTP00	AOSD0	UY38165	UZ34732	2854	2757	len-diff	2395
divergent	ICBVTP01	AOSD0	UZ38392	UZ34732	2397	2365	len-diff	966
divergent	ICBVUT00	AOSD0	UY01975	UZ54242	22657	22657	content-diff	7279
divergent	ICBVUT01	AOSD0	UY01975	UZ56159	23161	22889	len-diff	18658
divergent	ICGDSA05	AOSD0	UZ76429	UZ29041	2877	2782	len-diff	2494
divergent	ICGDSB01	AOSD0	UZ90202	UZ52792	1745	1665	len-diff	1002
divergent	ICGDSB03	AOSD0	UZ63343	UZ52792	2197	2173	len-diff	1569
divergent	ICGDSB05	AOSD0	UZ90202	UZ26803	1909	1590	len-diff	1542
divergent	ICGDSB06	AOSD0	UZ90202	UZ26803	2549	2502	len-diff	1942
divergent	ICGDSB15	AOSD0	UZ90202	UZ90025	2045	1670	len-diff	1688
divergent	ICGDSB19	AOSD0	UZ64281	UZ22729	6477	6002	len-diff	6077
divergent	ICGDSB20	AOSD0	UZ68986	UZ35644	6953	7265	len-diff	3683
divergent	ICGDSBLD	AOSD0	UZ75099	UZ34689	4189	3933	len-diff	3324
divergent	ICGDSINT	AOSD0	UZ90202	UZ90025	2301	2286	len-diff	1866
divergent	ICGDSS08	AOSD0	UZ90202	UZ26803	3553	3402	len-diff	3183
divergent	ICGDSS09	AOSD0	UZ38395	UZ31832	7482	7498	len-diff	6879
divergent	ICGDSSCN	AOSD0	UZ90202	EMS1102	2509	2469	len-diff	2137
divergent	ICGTRINT	AOSD0	UZ72110	UZ53363	15721	15433	len-diff	11443
divergent	ICKAN01	AOSU0	UZ66662	FDZ1610	8209	8085	len-diff	7072
divergent	ICKBI01	AOSU0	UY01018	FDZ1610	13789	13761	len-diff	12242
divergent	ICKDV00	AOSU0	UZ68412	FDZ1610	3773	3745	len-diff	3031
divergent	ICKDV01	AOSU0	UZ68412	FDZ1610	10549	10457	len-diff	9279
divergent	ICKDV02	AOSU0	UZ68412	FDZ1610	3793	3781	len-diff	2112
divergent	ICKDV03	AOSU0	UZ74973	FDZ1610	7317	7225	len-diff	6478
divergent	ICKDV04	AOSU0	UZ61637	FDZ1610	3241	3229	len-diff	2484
divergent	ICKIN01	AOSU0	UZ79073	FDZ1610	14329	14309	len-diff	12480
divergent	ICKIN02	AOSU0	UZ73141	FDZ1610	10245	10233	len-diff	8889
divergent	ICKIT01	AOSU0	UZ74973	FDZ1610	16009	15805	len-diff	14142
divergent	ICKPP01	AOSU0	UZ73117	FDZ1610	2593	2573	len-diff	1929
divergent	ICKRI01	AOSU0	UZ65154	FDZ1610	22301	22345	len-diff	19909
divergent	ICKSD02	AOSU0	UZ74973	FDZ1610	8285	8273	len-diff	7093
divergent	ICKTSEF1	AOSU0	UZ74973	FDZ1610	8290	8190	len-diff	7063
divergent	ICKTSRI0	AOSU0	UZ65154	FDZ1610	3334	3330	len-diff	2705
divergent	ICKWI01	AOSU0	UZ72085	FDZ1610	4249	4213	len-diff	3523
divergent	ICKWV01	AOSU0	UZ68852	FDZ1610	2841	2877	len-diff	2337
divergent	IDA0192A	AOSA0	UZ74545	UZ56097	10257	10273	len-diff	8402
divergent	IDA0192B	AOSA0	UZ73172	UZ26147	7154	7026	len-diff	6110
divergent	IDA0192C	AOSA0	UZ72378	UZ36755	8513	8457	len-diff	7220
divergent	IDA0192F	AOSA0	UZ69609	UZ28701	8394	8426	len-diff	7035
divergent	IDA0192M	AOSA0	UZ74799	EDM1102	4662	4937	len-diff	4546
divergent	IDA0192V	AOSA0	UZ60241	UZ35166	7241	7097	len-diff	6270
divergent	IDA0192Y	AOSA0	UZ74897	UZ56628	14085	14733	len-diff	13138
divergent	IDA0192Z	AOSA0	UY04882	UZ56097	8641	8641	content-diff	5429
divergent	IDA019C1	AOSA0	UZ50839	UZ53350	13277	13125	len-diff	9457
divergent	IDA019R1	AOSA0	UZ38699	UZ30330	5861	5258	len-diff	5085
divergent	IDA019R2	AOSA0	UZ38213	UZ30328	3717	3582	len-diff	3193
divergent	IDA019R4	AOSA0	UZ71742	UZ56837	6617	6545	len-diff	5402
divergent	IDA019R5	AOSA0	UZ61860	UZ56255	3489	3409	len-diff	1997
divergent	IDA019R8	AOSA0	UZ79124	UZ37832	3245	3253	len-diff	2296
divergent	IDA019RA	AOSA0	UZ73847	UZ24156	4077	3934	len-diff	3525
divergent	IDA019RE	AOSA0	UZ65704	UZ37771	5245	5141	len-diff	4395
divergent	IDA019RF	AOSA0	UZ74831	UZ54276	4773	4725	len-diff	3603
divergent	IDA019RG	AOSA0	UZ78287	EDM1102	4233	4165	len-diff	3534
divergent	IDA019RI	AOSA0	UZ78287	UZ24465	4313	4194	len-diff	3551
divergent	IDA019RJ	AOSA0	UZ78287	UZ36732	4741	4605	len-diff	3815
divergent	IDA019RK	AOSA0	UZ69605	UZ36730	2277	2221	len-diff	1685
divergent	IDA019RL	AOSA0	UZ59560	UZ37845	2685	2653	len-diff	1887
divergent	IDA019RM	AOSA0	UZ70957	UZ27997	2889	2842	len-diff	2271
divergent	IDA019RN	AOSA0	UZ57928	UZ31385	1909	1878	len-diff	1413
divergent	IDA019RO	AOSA0	UZ57355	UZ22906	1501	1534	len-diff	1124
divergent	IDA019RP	AOSA0	UY10582	UZ52080	3017	2769	len-diff	2320
divergent	IDA019RQ	AOSA0	UZ47564	UZ35343	4710	4694	len-diff	3545
divergent	IDA019RR	AOSA0	UZ40855	UZ36594	4206	4134	len-diff	3297
divergent	IDA019RS	AOSA0	UZ65257	UZ36370	4678	4654	len-diff	3476
divergent	IDA019RU	AOSA0	UZ68578	UZ56837	6181	6086	len-diff	5306
divergent	IDA019RX	AOSA0	UZ41209	UZ56967	6222	6222	content-diff	3946
divergent	IDA019RY	AOSA0	UZ47349	UZ36730	6730	6370	len-diff	5902
divergent	IDA019RZ	AOSA0	UZ45189	UZ28450	1726	1678	len-diff	979
divergent	IDA019S1	AOSA0	UZ74841	EDM1102	1510	1385	len-diff	1161
divergent	IDA019S2	AOSA0	UZ74841	UZ57027	3101	3053	len-diff	2350
divergent	IDA019S4	AOSC5	UZ74841	EDM1102	621	577	len-diff	340
divergent	IDA019S6	AOSA0	UZ60863	UZ27917	1781	1782	len-diff	1280
divergent	IDA019SE	AOSA0	UZ57928	UZ36730	3862	3741	len-diff	3213
divergent	IDA019SF	AOSA0	UZ65704	EDM1102	2686	2625	len-diff	2140
divergent	IDA019ST	AOSA0	UZ79831	UZ30219	8513	8066	len-diff	8029
divergent	IDA019SU	AOSA0	UZ79831	UZ33012	4557	4533	len-diff	3557
divergent	IDA0200B	AOSA0	UZ81213	UZ52782	6826	6382	len-diff	5987
divergent	IDA0200S	AOSA0	UZ77738	UZ34965	2069	2069	content-diff	1532
divergent	IDA0200T	AOSA0	UZ40024	UZ35972	9353	9297	len-diff	8029
divergent	IDA0231T	AOSA0	UZ39009	UZ30832	3301	3254	len-diff	2763
divergent	IDA0557A	AOSA0	UZ73436	UZ54639	14309	14317	len-diff	12448
divergent	IDA0A05B	AOSA0	UZ40565	UZ56664	9313	9249	len-diff	7638
divergent	IDA0C06C	AOSA0	UZ70803	UZ56664	5909	5925	len-diff	3796
divergent	IDA121A3	AOSC5	UZ74841	UZ36360	2742	2646	len-diff	2228
divergent	IDA121A4	AOSC5	UZ74841	UZ28833	2757	2710	len-diff	2321
divergent	IDA121CV	AOSC5	UZ68843	EDM1102	502	490	len-diff	164
divergent	IDACAT11	AOSA0	UZ66340	UZ32834	4033	3969	len-diff	2512
divergent	IDAIIPM3	AOSA0	UZ72677	UZ31841	2381	2254	len-diff	1970
divergent	IDAM19R3	AOSC5	UZ42857	UZ56344	977	885	len-diff	439
divergent	IDAOCEA1	AOSA0	UZ73436	UZ28002	1245	1214	len-diff	862
divergent	IDAOCEA2	AOSA0	UZ63830	UZ37483	2805	2757	len-diff	2309
divergent	IDAVBPC1	AOSA0	UZ61349	UZ52124	749	693	len-diff	208
divergent	IDAVBPP1	AOSA0	UZ61349	UZ52124	2049	2049	content-diff	22
divergent	IDCAL01	AOSU0	UZ67828	UZ32723	18793	18761	len-diff	2118
divergent	IDCBI01	AOSU0	UZ76648	UZ51920	16605	16613	len-diff	1290
divergent	IDCCC01	AOSU0	UZ73075	EDM1102	12181	11941	len-diff	11108
divergent	IDCCDLD	AOSU0	UY01975	EMS1102	1326	1293	len-diff	977
divergent	IDCCDMG	AOSU0	UZ40304	EMS1102	1606	1617	len-diff	1194
divergent	IDCCDMV	AOSU0	UY12664	EMS1102	1854	1821	len-diff	1426
divergent	IDCCDSD	AOSU0	UY01975	EMS1102	1334	1301	len-diff	1016
divergent	IDCCH01	AOSU0	UZ78728	UZ90118	17489	16937	len-diff	16221
divergent	IDCCH04	AOSU0	UZ77689	UZ90118	8161	8025	len-diff	6926
divergent	IDCCO01	AOSU0	UZ57201	UZ29438	12661	12413	len-diff	10057
divergent	IDCDE02	AOSU0	UZ38803	UZ34056	12245	12181	len-diff	2440
divergent	IDCDE03	AOSU0	UZ70928	EDM1102	15865	15129	len-diff	13904
divergent	IDCDL01	AOSU0	UZ59271	UZ56312	10421	10493	len-diff	7209
divergent	IDCDU01	AOSU0	UZ67200	UZ90134	16885	16797	len-diff	13805
divergent	IDCIO01	AOSU0	UZ76507	UZ53709	12077	12021	len-diff	4811
divergent	IDCIO02	AOSU0	UZ73075	UZ53784	11989	11897	len-diff	9843
divergent	IDCLC01	AOSU0	UZ75384	UZ57191	17889	17841	len-diff	13664
divergent	IDCLC02	AOSU0	UZ66932	UZ28477	19497	19474	len-diff	17190
divergent	IDCLD01	AOSU0	UY01975	EMS1102	13250	13137	len-diff	12225
divergent	IDCLV01	AOSU0	UY09934	UZ90149	14389	14285	len-diff	10576
divergent	IDCMG01	AOSU0	UZ40304	EMS1102	4634	4593	len-diff	4106
divergent	IDCMP01	AOSU0	UZ76156	UZ37989	23725	23497	len-diff	16360
divergent	IDCMV01	AOSU0	UY12664	UZ29438	14218	14333	len-diff	13110
divergent	IDCPR01	AOSU0	UZ62122	UZ51920	4713	4665	len-diff	3834
divergent	IDCRC01	AOSU0	UZ74456	UZ57196	14917	14573	len-diff	12526
divergent	IDCRC02	AOSU0	UZ65649	UZ57772	13801	13709	len-diff	6143
divergent	IDCRD03	AOSU0	UY28452	UZ22893	7213	7190	len-diff	5190
divergent	IDCRD06	AOSU0	UZ38932	EMS1102	15098	15241	len-diff	12557
divergent	IDCRI01	AOSU0	UZ64205	UZ34269	22941	22925	len-diff	2616
divergent	IDCRI04	AOSU0	UZ76315	UZ31563	15917	15909	len-diff	8999
divergent	IDCRP01	AOSU0	UZ50178	UZ51920	12813	12629	len-diff	11301
divergent	IDCRS01	AOSU0	UZ74312	UZ56650	18898	18898	content-diff	64
divergent	IDCRS02	AOSU0	UZ74312	UZ56650	18138	18138	content-diff	31
divergent	IDCRS03	AOSU0	UZ74312	UZ56650	17594	17594	content-diff	34
divergent	IDCRS04	AOSU0	UZ74312	UZ56650	9942	9942	content-diff	24
divergent	IDCRS05	AOSU0	UZ74312	UZ56650	11098	11098	content-diff	26
divergent	IDCRS06	AOSU0	UZ74312	UZ56650	13370	13362	len-diff	1200
divergent	IDCRS07	AOSU0	UZ74312	UZ56650	10370	10370	content-diff	28
divergent	IDCSA02	AOSU0	UZ67828	UZ51920	13521	13109	len-diff	10804
divergent	IDCSA07	AOSU0	UY01975	UZ55784	5941	5757	len-diff	1839
divergent	IDCSA08	AOSU0	UZ69576	EDM1102	5241	5013	len-diff	4623
divergent	IDCSA09	AOSU0	UY16087	EMS1102	3949	3869	len-diff	3355
divergent	IDCSD01	AOSU0	UY01975	EMS1102	11233	10849	len-diff	10326
divergent	IDCTP01	AOSU0	UZ74329	UZ57157	10345	10321	len-diff	6336
divergent	IDCTSCM0	AOSU0	UZ57201	UZ25620	7182	6823	len-diff	5897
divergent	IDCTSLC1	AOSU0	UZ67138	EDM1102	1954	1854	len-diff	1384
divergent	IDCTSLD0	AOSU0	UY01975	EMS1102	4814	4882	len-diff	3937
divergent	IDCTSLV0	AOSU0	UY01975	UZ90149	12838	13038	len-diff	9907
divergent	IDCTSPR0	AOSU0	UZ50178	UZ51920	2494	2266	len-diff	1831
divergent	IDCTSRD0	AOSU0	UZ38932	EMS1102	7858	7782	len-diff	6009
divergent	IDCTSTP6	AOSU0	UZ72975	EDM1102	2086	2066	len-diff	1671
divergent	IDCTSVS0	AOSU0	UZ71348	EMS1102	2106	2085	len-diff	1751
divergent	IDCVS01	AOSU0	UZ38393	UZ55784	9461	9381	len-diff	7756
divergent	IDCVS03	AOSU0	UZ46415	UZ56309	8149	8149	content-diff	50
divergent	IDCXP01	AOSU0	UZ76156	EDM1102	13801	13753	len-diff	12042
divergent	IDDWIAPP	AOSA0	UZ70140	UZ52124	2829	2773	len-diff	1923
divergent	IDDWICLS	AOSA0	UZ61349	UZ52124	909	909	content-diff	26
divergent	IDDWICPI	AOSA0	UZ70140	UZ52124	5230	5190	len-diff	4377
divergent	IDDWIJRN	AOSA0	UZ61605	UZ54991	2273	2425	len-diff	1896
divergent	IDDWITRM	AOSA0	UZ61349	UZ52124	997	997	content-diff	28
divergent	IEAVAD11	AOSC5	UY35469	UZ31337	1006	935	len-diff	621
divergent	IEAVAR05	AOSC5	UY40025	UZ37194	1229	1238	len-diff	807
divergent	IEAVEES	AOSC5	UZ58916	FBB1221	906	802	len-diff	634
divergent	IEAVLK00	AOSC5	UZ48820	UZ53937	4730	4667	len-diff	4035
divergent	IEAVLK01	AOSC5	UZ48820	UZ51713	3850	3746	len-diff	2136
divergent	IEAVMWTO	AOSC5	UZ62088	UZ52963	5662	5663	len-diff	5085
divergent	IEAVNP11	AOSC5	UZ62171	UZ56079	8818	8306	len-diff	7730
divergent	IEAVNP19	AOSC5	UZ67537	UZ90180	5149	5101	len-diff	3405
divergent	IEAVNP1A	AOSC5	UZ45387	EDM1102	11113	10825	len-diff	10485
divergent	IEAVNP1B	AOSC5	UZ62171	EDM1102	741	605	len-diff	484
divergent	IEAVNPA6	AOSC5	UZ64496	UZ25885	1125	1118	len-diff	697
divergent	IEAVRT01	AOSC5	UZ83139	EBB1102	1621	1757	len-diff	1433
divergent	IEAVTFRT	AOSC5	UZ84624	UZ21482	1469	1454	len-diff	1011
divergent	IEAVTFSD	AOSC5	UZ84624	UZ59620	1749	1725	len-diff	954
divergent	IEAVTRT2	AOSC5	UZ62340	UZ33270	4581	4574	len-diff	3928
divergent	IEAVTSDH	AOSC5	UZ54567	UZ37884	3629	3566	len-diff	3080
divergent	IEAVTSSD	AOSC5	UZ60943	UZ33882	6525	6390	len-diff	5808
divergent	IEAVVWTO	AOSC5	UZ62088	UZ60302	6757	6741	len-diff	2621
divergent	IEBASCAN	AOSU0	UZ61317	UZ25083	4858	4913	len-diff	4367
divergent	IEBCMAIN	AOSU0	UZ62024	UZ34099	9174	9133	len-diff	8120
divergent	IEBCQSAM	AOSU0	UZ62024	UZ53170	1822	1782	len-diff	1059
divergent	IEBCRANL	AOSU0	UZ71562	EUT1102	3681	3745	len-diff	3379
divergent	IEBDG	AOSU0	UZ59042	UZ26321	4958	4909	len-diff	4079
divergent	IEBDISKT	AOSD0	UZ47406	UZ33035	29642	29649	len-diff	17242
divergent	IEBDRD	AOSU0	UZ72087	UZ51873	2590	2550	len-diff	1735
divergent	IEBDSCPY	AOSU0	UZ65749	UZ54629	11102	11030	len-diff	3692
divergent	IEBDV1	AOSU0	UZ72719	UZ35013	4780	4687	len-diff	3787
divergent	IEBDWR	AOSU0	UZ72464	UZ34154	2918	2877	len-diff	2372
divergent	IEBEDIT	AOSU0	UZ70136	UZ24302	8714	8713	len-diff	7159
divergent	IEBGEN03	AOSU0	UZ71035	UZ52836	5198	5066	len-diff	4120
divergent	IEBGENR3	AOSU0	UZ66702	UZ57782	5726	5670	len-diff	4207
divergent	IEBGENRT	AOSU0	UZ49382	UZ54553	2862	2850	len-diff	892
divergent	IEBGSCAN	AOSU0	UZ73093	UZ34182	4874	4809	len-diff	4033
divergent	IEBIOE	AOSU0	UZ66774	UZ35409	3048	2999	len-diff	2453
divergent	IEBISAM	AOSU0	UZ38262	EUT1102	1730	1598	len-diff	1329
divergent	IEBISC	AOSU0	UZ38262	UZ27371	2058	2017	len-diff	1312
divergent	IEBISF	AOSU0	UZ38262	EUT1102	1190	1114	len-diff	822
divergent	IEBISL	AOSU0	UZ38262	UZ33730	1918	1861	len-diff	1345
divergent	IEBISMES	AOSU0	UZ38262	EUT1102	1686	1674	len-diff	935
divergent	IEBISPL	AOSU0	UZ38262	EUT1102	2542	2414	len-diff	1853
divergent	IEBISSI	AOSU0	UZ38262	EUT1102	1402	1358	len-diff	928
divergent	IEBISSO	AOSU0	UZ38262	EUT1102	1450	1394	len-diff	978
divergent	IEBISU	AOSU0	UZ38262	EUT1102	1354	1286	len-diff	832
divergent	IEBSCN	AOSU0	UZ74408	UZ54629	4530	4522	len-diff	354
divergent	IEBUPDT2	AOSU0	UZ66629	UZ30929	7550	7285	len-diff	6955
divergent	IEBVDM	AOSU0	UZ69525	EUT1102	2210	2174	len-diff	1831
divergent	IEBVMS	AOSU0	UZ59273	UZ33640	5464	5463	len-diff	4385
divergent	IEBVTM	AOSU0	UY02385	UZ54629	2790	2798	len-diff	1854
divergent	IECIHIO	AOSC5	UZ68680	UZ58603	2190	2191	len-diff	1545
divergent	IECIOSAM	AOSC5	UZ68196	UZ64419	16702	16510	len-diff	13977
divergent	IECLMSGC	AOSC5	UZ50248	UZ62873	1677	1677	content-diff	44
divergent	IECLMSGD	AOSC5	UZ50248	UZ62873	1909	1909	content-diff	41
divergent	IECLMSGG	AOSC5	UZ50248	UZ62873	1469	1469	content-diff	37
divergent	IECLMSGM	AOSC5	UZ50248	UZ62873	1437	1437	content-diff	37
divergent	IECLMSGT	AOSC5	UZ50248	UZ67316	1869	1869	content-diff	31
divergent	IECLMSGU	AOSC5	UZ50248	UZ62873	1893	1885	len-diff	890
divergent	IECTATEN	AOS20	UY76392	UZ57786	994	970	len-diff	469
divergent	IECTLOPN	AOS20	UY74903	UZ31417	1126	1102	len-diff	392
divergent	IECTSCAN	AOS20	UZ77326	EBT1102	4686	4653	len-diff	4192
divergent	IECVDDT1	AOSC5	UZ69419	UZ28061	582	535	len-diff	234
divergent	IECVDERP	AOSC5	UZ74474	UZ57018	5957	5901	len-diff	4252
divergent	IECVDURP	AOSC5	UZ75618	UZ52410	2581	2509	len-diff	2189
divergent	IECVERPL	AOSC5	UZ80701	UZ66206	1529	1529	content-diff	30
divergent	IECVESIO	AOSC5	UZ64174	UZ53205	3521	3362	len-diff	2977
divergent	IECVEXCP	AOSC5	UY09531	UZ73316	7058	7018	len-diff	5560
divergent	IECVEXPR	AOSC5	UY09531	UZ61195	4302	4390	len-diff	1842
divergent	IECVHREC	AOSC5	UZ58102	UZ34671	9298	9210	len-diff	5520
divergent	IECVOTBL	AOSC5	UZ48970	FBB1221	4846	5125	len-diff	2076
divergent	IECVRRSV	AOSC5	UZ65945	UZ36457	3433	3434	len-diff	2788
divergent	IECVRSTI	AOSC5	UZ62613	UZ54753	6241	6242	len-diff	5513
divergent	IEDAY8	AOST3	UY31757	UZ25386	974	886	len-diff	520
divergent	IEDAYH	AOS21	UZ58382	UZ34472	1906	1922	len-diff	596
divergent	IEDAYQ	AOS21	UZ59749	UZ56311	9498	9466	len-diff	242
divergent	IEDNSL	AOS21	UZ62603	UZ33953	8425	8417	len-diff	2941
divergent	IEDQA6	AOS21	UZ62193	UZ51974	1022	1022	content-diff	24
divergent	IEDQBI	AOS21	UZ60067	UZ35509	3746	3746	content-diff	28
divergent	IEDQFSC	AOS21	UZ61706	UZ56359	1618	1498	len-diff	1147
divergent	IEDQGA	AOS21	UZ64025	UZ34950	3454	3398	len-diff	2751
divergent	IEE0803D	AOSB3	UZ51345	FBB1221	1610	1574	len-diff	1227
divergent	IEE1403D	AOSB3	UZ45158	FBB1221	1102	1074	len-diff	633
divergent	IEE3203D	AOSB3	UZ45157	EBB1102	1574	1506	len-diff	1181
divergent	IEE3503D	AOSB3	UZ45157	EBB1102	1526	1461	len-diff	1189
divergent	IEECB906	AOSC5	UZ70880	FBB1221	3265	3301	len-diff	2652
divergent	IEECB914	AOSC5	UZ71281	FBB1221	1469	1425	len-diff	1145
divergent	IEECVETW	AOSC5	UZ74989	UZ61918	2826	3098	len-diff	2488
divergent	IEEMB803	AOSB3	UY32723	UZ64627	4373	4381	len-diff	3351
divergent	IEEMB804	AOSB3	UZ48270	UZ80275	2677	2717	len-diff	1945
divergent	IEEMB806	AOSB3	UY11943	EBB1102	1605	1517	len-diff	1260
divergent	IEEMB879	AOSB3	UZ78177	UZ33013	1309	1286	len-diff	913
divergent	IEEPRTN2	AOSB3	UZ51349	EBB1102	629	573	len-diff	375
divergent	IEEVCPU	AOSC5	UZ57937	UZ54417	14218	14242	len-diff	9510
divergent	IEEVEXSN	AOSC5	UZ56445	UZ37142	2561	2310	len-diff	2078
divergent	IEEVIPL	AOSB3	UZ79442	UZ28779	2722	2723	len-diff	2120
divergent	IEEVSND3	AOST4	UZ47795	UZ31571	1937	1873	len-diff	1359
divergent	IEFAB421	AOSB3	UZ58427	UZ36568	7842	7466	len-diff	4102
divergent	IEFAB426	AOSB3	UY31727	EBB1102	1581	1585	len-diff	1172
divergent	IEFAB432	AOSB3	UZ78302	UZ28062	2537	2530	len-diff	1919
divergent	IEFAB452	AOSB3	UY32725	EBB1102	1789	1685	len-diff	1367
divergent	IEFAB458	AOSB3	UZ84276	EBB1102	1789	1741	len-diff	1352
divergent	IEFEB400	AOSB3	UZ60947	FBB1221	2001	1989	len-diff	1402
divergent	IEFJSDTN	AOSB3	UY02859	EBB1102	765	653	len-diff	506
divergent	IEFJWTOM	AOSB3	UY27599	EBB1102	869	805	len-diff	597
divergent	IEFNB901	AOSB3	UY09721	UZ65878	1501	1501	content-diff	483
divergent	IEFRPREP	AOSB3	UY31192	EBB1102	1546	1513	len-diff	1219
divergent	IEFSD089	AOSB0	UZ71633	UZ26378	2036	2012	len-diff	637
divergent	IEFSD101	AOSB3	UY02270	EBB1102	1422	1402	len-diff	1029
divergent	IEFSD164	AOSB3	UZ43063	UZ52808	1910	1911	len-diff	1410
divergent	IEFVFB	AOSB3	UY28299	UZ80285	2478	2438	len-diff	422
divergent	IEFVINC	AOSB3	UZ44548	EBB1102	821	781	len-diff	449
divergent	IEFXB609	AOSB3	UY24918	UZ59885	16553	16433	len-diff	13254
divergent	IEHLIST1	AOSU0	UZ61769	UZ28712	16342	16445	len-diff	15236
divergent	IEHLIST3	AOSU0	UZ71482	UZ29432	1710	1739	len-diff	1442
divergent	IEHMOVE	AOSU0	UZ64586	UZ24307	1174	1045	len-diff	806
divergent	IEHMVESK	AOSU0	UZ64586	UZ24329	1273	1279	len-diff	836
divergent	IEHMVESL	AOSU0	UZ68505	UZ26050	3449	2807	len-diff	3014
divergent	IEHMVESM	AOSU0	UZ90251	UZ24397	3845	3159	len-diff	3347
divergent	IEHMVESN	AOSU0	UZ70337	UZ30285	2678	2465	len-diff	2262
divergent	IEHMVEST	AOSU0	UZ68472	EUT1102	2858	2769	len-diff	2548
divergent	IEHMVETJ	AOSU0	UZ71929	UZ33765	4801	4239	len-diff	4177
divergent	IEHMVMRZ	AOSU0	UZ90251	UZ33850	2554	2461	len-diff	1952
divergent	IEHMVMSY	AOSU0	UZ90251	UZ36443	2178	1993	len-diff	1688
divergent	IEHMVSRK	AOSU0	UZ68505	EUT1102	1261	1222	len-diff	977
divergent	IEHMVSRV	AOSU0	UZ78161	UZ35492	4338	3397	len-diff	3863
divergent	IEHMVSRX	AOSU0	UZ77472	UZ35854	4950	3245	len-diff	4501
divergent	IEHMVSRY	AOSU0	UZ68676	EUT1102	1506	1369	len-diff	1179
divergent	IEHMVSRZ	AOSU0	UZ47187	UZ24497	1578	1457	len-diff	1051
divergent	IEHMVSSF	AOSU0	UZ74453	UZ33810	3770	3581	len-diff	3055
divergent	IEHMVSSX	AOSU0	UZ76063	UZ52878	4070	3814	len-diff	3379
divergent	IEHMVSSY	AOSU0	UZ90251	UZ29701	2594	2449	len-diff	2007
divergent	IEHMVSSZ	AOSU0	UZ59466	UZ36380	2730	2805	len-diff	2117
divergent	IEHMVSTA	AOSU0	UZ71526	UZ33393	3002	2977	len-diff	2206
divergent	IEHMVSTC	AOSU0	UZ67298	UZ33806	2312	2331	len-diff	1784
divergent	IEHMVSTL	AOSU0	UZ68505	UZ24501	3510	3509	len-diff	2879
divergent	IEHMVXSE	AOSU0	UZ72602	UZ33853	4010	3985	len-diff	2985
divergent	IEHPROG1	AOSU0	UZ72844	UZ30863	6982	7005	len-diff	6016
divergent	IEHPROG2	AOSU0	UZ38302	UZ32443	5506	4889	len-diff	4958
divergent	IEHPROG3	AOSU0	UZ72844	UZ28350	4386	4385	len-diff	3760
divergent	IEWFETCH	ALPALIB	UZ41374	UZ54723	7538	7378	len-diff	5603
divergent	IEWSWOVR	ALPALIB	UZ63912	UZ27442	1726	1631	len-diff	1329
divergent	IFBOBR00	ALPALIB	UZ39057	UZ38121	3186	3146	len-diff	2329
divergent	IFBOBR01	ALPALIB	UZ82327	UZ56216	3130	3098	len-diff	2372
divergent	IFBSVC76	ALPALIB	UZ42622	UZ75187	4550	4534	len-diff	3752
divergent	IFDOLT00	AOS06	UZ49895	UZ64132	2557	2557	content-diff	171
divergent	IFDOLT22	AOS06	UZ50293	EBB1102	2349	2497	len-diff	1747
divergent	IFDOLT53	AOS06	UZ42671	UZ59401	1445	1409	len-diff	647
divergent	IFDOLT99	AOS06	UY17414	UZ32514	4634	4630	len-diff	487
divergent	IFFAAA02	AOS07	UZ60166	EGS1102	686	525	len-diff	432
divergent	IFFAAA03	AOS07	UZ60166	EGS1102	1962	1846	len-diff	1573
divergent	IFFAAA04	AOS07	UZ60166	EGS1102	974	773	len-diff	714
divergent	IFFAAA06	AOS07	UZ60166	EGS1102	958	789	len-diff	702
divergent	IFFABA	AOSG0	UZ51149	UZ57991	622	614	len-diff	123
divergent	IFFACA50	AOS07	UZ58305	UZ90085	878	870	len-diff	212
divergent	IFFADA03	AOS07	UZ66158	EGS1102	1554	1373	len-diff	1289
divergent	IFFAFA01	AOS07	UZ60166	EGS1102	2494	2398	len-diff	2088
divergent	IFFAFA02	AOS07	UZ60166	EGS1102	2942	2866	len-diff	2534
divergent	IFFAFA04	AOS07	UZ60166	EGS1102	2050	1974	len-diff	1691
divergent	IFFAFA12	AOS07	UZ60166	EGS1102	2114	1933	len-diff	1847
divergent	IFFAFA13	AOS07	UZ60166	EGS1102	1082	889	len-diff	827
divergent	IFFAFA15	AOS07	UZ63726	UZ34382	1998	1758	len-diff	1509
divergent	IFFAGA04	AOS07	UZ69351	EGS1102	678	517	len-diff	425
divergent	IFFAGA06	AOS07	UZ60166	EGS1102	3262	3141	len-diff	2973
divergent	IFFAGA07	AOS07	UZ59511	UZ35264	3214	3102	len-diff	2108
divergent	IFFAHA05	AOS07	UZ60166	UZ90085	2838	2710	len-diff	2322
divergent	IFFAJA02	AOS07	UZ60166	EGS1102	1086	946	len-diff	786
divergent	IFFCAN01	AOSG0	UZ51149	UZ31164	3050	2970	len-diff	2450
divergent	IFG0190P	AOSD0	UZ70047	UZ29538	1510	1511	len-diff	999
divergent	IFG0191Y	AOSA0	UZ45726	UZ36690	2453	2445	len-diff	1471
divergent	IFG0193A	AOSD0	UZ77778	UZ52128	2918	2918	content-diff	29
divergent	IFG0193D	AOSD0	UZ70257	EDM1102	2110	1997	len-diff	1679
divergent	IFG0194A	AOSD0	UZ79449	UZ52633	5250	5158	len-diff	3734
divergent	IFG0194C	AOSD0	UZ74083	UZ52633	7658	7198	len-diff	6564
divergent	IFG0194F	AOSD0	UZ84450	UZ51904	5910	5450	len-diff	5119
divergent	IFG0194J	AOSD0	UZ75999	UZ56066	6410	6158	len-diff	5425
divergent	IFG0195B	AOSD0	UZ66341	UZ33839	2766	2590	len-diff	2113
divergent	IFG0195H	AOSD0	UZ61367	UZ37061	1662	1590	len-diff	1052
divergent	IFG0195K	AOSD0	UZ78286	UZ31855	2182	1735	len-diff	1777
divergent	IFG0195U	AOSD0	UZ57919	EDM1102	1366	1285	len-diff	1071
divergent	IFG0195V	AOSD0	UZ61367	UZ28419	1806	1711	len-diff	1323
divergent	IFG0196L	AOSD0	UZ70047	UZ53511	2662	2654	len-diff	991
divergent	IFG0196N	AOSD0	UY07083	UZ32594	1598	1406	len-diff	1182
divergent	IFG0196T	AOSD0	UZ77545	UZ51594	2126	2094	len-diff	1362
divergent	IFG0196X	AOSD0	UZ62155	UZ55132	1622	1566	len-diff	1096
divergent	IFG0198N	AOSD0	UZ63846	UZ56908	2542	2534	len-diff	1739
divergent	IFG0199B	AOSD0	UZ73857	UZ57521	1774	1718	len-diff	841
divergent	IFG0199D	AOSD0	UZ74789	UZ53693	1622	1606	len-diff	864
divergent	IFG0199E	AOSD0	UZ76065	UZ29103	2918	2407	len-diff	2468
divergent	IFG019RA	AOSD0	UZ67976	UZ90094	6766	6719	len-diff	4893
divergent	IFG0200N	AOSA0	UZ38421	UZ34190	2949	2925	len-diff	2347
divergent	IFG0200V	AOSD0	UZ61253	UZ52294	1750	1686	len-diff	987
divergent	IFG0200W	AOSD0	UZ61367	UZ24852	1806	1807	len-diff	1038
divergent	IFG0200Y	AOSD0	UZ60593	UZ56648	2270	2198	len-diff	619
divergent	IFG0200Z	AOSD0	UZ60594	UZ53479	1670	1662	len-diff	594
divergent	IFG0202E	AOSD0	UZ65280	UZ56648	1766	1774	len-diff	1000
divergent	IFG0202F	AOSD0	UZ77744	EDM1102	2038	1365	len-diff	1729
divergent	IFG0202H	AOSD0	UZ62424	UZ37663	1742	1734	len-diff	519
divergent	IFG0202I	AOSD0	UZ62424	UZ56249	1958	1950	len-diff	738
divergent	IFG0202K	AOSD0	UZ61367	UZ52962	2610	2610	date-only	20
divergent	IFG0232D	AOSD0	UZ61367	EDM1102	1350	1317	len-diff	1022
divergent	IFG0232G	AOSD0	UY03022	UZ54762	1702	1678	len-diff	1053
divergent	IFG0232Z	AOSD0	UZ64650	UZ28431	2006	1903	len-diff	1560
divergent	IFG0550P	AOSD0	UZ45363	EDM1102	1550	1557	len-diff	1197
divergent	IFG0551B	AOSD0	UZ61367	UZ57462	2042	2042	date-only	16
divergent	IFG0551D	AOSD0	UZ61367	UZ28432	1366	1367	len-diff	950
divergent	IFG0551F	AOSD0	UZ61367	UZ54431	1774	1774	content-diff	19
divergent	IFG0551L	AOSD0	UZ73978	UZ54268	2878	2862	len-diff	1828
divergent	IFG0551R	AOSD0	UZ60594	UZ56339	2070	2062	len-diff	1401
divergent	IFG0551T	AOSD0	UZ64583	UZ22277	1222	1175	len-diff	751
divergent	IFG0552F	AOSD0	UZ60594	UZ32570	2206	2198	len-diff	1455
divergent	IFG0552R	AOSD0	UZ60767	UZ57238	2022	2022	content-diff	95
divergent	IFG0552X	AOSD0	UZ64292	UZ53310	2198	2126	len-diff	1526
divergent	IFG0553F	AOSD0	UZ45363	UZ53371	3970	3682	len-diff	3435
divergent	IFG0553P	AOSD0	UZ61367	UZ90005	1662	1663	len-diff	1118
divergent	IFG0553X	AOSD0	UZ61367	UZ28413	2622	2623	len-diff	2059
divergent	IFG0553Z	AOSD0	UZ61367	EDM1102	1134	1093	len-diff	816
divergent	IFG0554B	AOSD0	UZ61367	EDM1102	1654	1621	len-diff	1307
divergent	IFG0554N	AOSD0	UZ69799	UZ28432	1670	1455	len-diff	1263
divergent	IFG0554T	AOSD0	UZ60424	UZ30595	2182	2159	len-diff	1626
divergent	IFG0RR0B	AOSD0	UZ77448	UZ37745	9497	9457	len-diff	6422
divergent	IFG0RR0E	AOSD0	UZ66795	UZ21424	2409	2286	len-diff	1939
divergent	IFG0TC0A	AOSD0	UZ79340	UZ53681	5609	5529	len-diff	2343
divergent	IFNX1A	AOS03	UZ42140	UZ35490	14176	14227	len-diff	13589
divergent	IFNX2A	AOS03	UY77102	UZ36111	6152	6152	content-diff	39
divergent	IFNX3A	AOS03	UZ71064	EAS1102	7600	7605	len-diff	6556
divergent	IFNX3B	AOS03	UZ71064	EAS1102	1618	1606	len-diff	1285
divergent	IFNX3N	AOS03	UZ73741	EAS1102	4338	4326	len-diff	3830
divergent	IFNX4D	AOS03	UZ81148	EAS1102	2114	2102	len-diff	1750
divergent	IFNX4E	AOS03	UZ81148	EAS1102	2534	2522	len-diff	2060
divergent	IFNX4M	AOS03	UZ81148	UZ31800	3902	3849	len-diff	3404
divergent	IFNX4N	AOS03	UZ81148	EAS1102	2758	2746	len-diff	2323
divergent	IFNX4S	AOS03	UZ81148	EAS1102	814	802	len-diff	527
divergent	IFNX4T	AOS03	UZ81148	UZ31801	4182	4149	len-diff	3686
divergent	IFNX4V	AOS03	UZ81148	EAS1102	1930	1918	len-diff	1549
divergent	IFNX5D	AOS03	UZ49959	UZ36471	5662	5657	len-diff	4898
divergent	IFNX5L	AOS03	UZ73839	EAS1102	822	794	len-diff	526
divergent	IFNX5P	AOS03	UZ80273	UZ34598	2766	2765	len-diff	2285
divergent	IFNX6A	AOS03	UZ57526	UZ35791	5200	5251	len-diff	4804
divergent	IFOX0C	AOS03	UZ57269	EAS1102	2198	2186	len-diff	819
divergent	IFOX0D	AOS03	UZ57269	UZ23668	3794	3713	len-diff	3105
divergent	IFOX0H	AOS03	UZ58330	EAS1102	1434	1422	len-diff	1020
divergent	IGC0001I	AOSD0	UZ70047	UZ90094	2518	2519	len-diff	1898
divergent	IGC00020	AOSD0	UZ65904	UZ52294	2366	2318	len-diff	1296
divergent	IGC0002B	AOSD0	UZ38478	UZ28405	3970	3987	len-diff	3324
divergent	IGC0002C	AOSD0	UZ61367	UZ27984	2246	2183	len-diff	1678
divergent	IGC0002D	AOSD0	UZ73568	UZ55548	1522	1498	len-diff	998
divergent	IGC0002E	AOSD0	UZ61346	UZ37211	1818	1818	content-diff	32
divergent	IGC0002F	AOSD0	UZ77659	UZ55818	4733	4533	len-diff	4119
divergent	IGC0002G	AOSD0	UZ66793	UZ51611	2518	2262	len-diff	1436
divergent	IGC0002I	AOSD0	UZ84553	UZ55994	2398	2374	len-diff	1728
divergent	IGC0003A	AOSD0	UZ65038	UZ55906	2842	2738	len-diff	1177
divergent	IGC0005E	AOSD0	UZ67354	UZ55906	2790	2646	len-diff	1883
divergent	IGC0006A	ACMDLIB	UY03099	UZ78104	3293	3269	len-diff	2172
divergent	IGC0006D	AOSD0	UZ61367	UZ28419	1510	1511	len-diff	1050
divergent	IGC0006I	AOSD0	UZ67535	UZ35213	1646	1622	len-diff	595
divergent	IGC0007A	AOSG0	UZ70235	UZ56893	4098	4026	len-diff	3156
divergent	IGC0007C	AOSG0	UZ60117	UZ31164	1150	1142	len-diff	690
divergent	IGC0007H	AOSD0	UZ66793	EDM1102	1598	1509	len-diff	1287
divergent	IGC0008A	AOSD0	UZ46194	UZ37464	2734	2566	len-diff	1504
divergent	IGC0009D	AOST3	UZ79918	ETI1106	750	722	len-diff	407
divergent	IGC0009G	ACMDLIB	UY29952	UZ78104	7089	7041	len-diff	5015
divergent	IGC0009H	AOSD0	UZ69430	UZ35595	1986	1914	len-diff	1438
divergent	IGC0010E	AOSD0	UZ61376	UZ34904	1950	1950	content-diff	24
divergent	IGC0012F	AOSD0	UY06637	UZ54214	10993	10153	len-diff	10049
divergent	IGC0106F	AOS20	UZ77326	EBT1102	1214	1181	len-diff	931
divergent	IGC0106H	AOSD0	UZ71628	UZ90039	1110	1063	len-diff	700
divergent	IGC0107H	AOSD0	UZ66793	UZ56074	1798	1710	len-diff	1384
divergent	IGC018	AOSD0	UZ39100	UZ56062	4088	3988	len-diff	3388
divergent	IGC0203E	AOSB3	UY13810	UZ66596	1969	1945	len-diff	1492
divergent	IGC0206F	AOS20	UZ77326	EBT1102	1182	1149	len-diff	883
divergent	IGC0209H	AOSD0	UZ59657	UZ31625	1698	1659	len-diff	1298
divergent	IGC0306F	AOS20	UZ77326	EBT1102	1286	1253	len-diff	995
divergent	IGC0406F	AOS20	UZ77326	EBT1102	1238	1205	len-diff	940
divergent	IGC0406H	AOSD0	UZ57182	EDM1102	1030	986	len-diff	719
divergent	IGC0606F	AOS20	UZ77326	EBT1102	854	821	len-diff	597
divergent	IGC0706F	AOS20	UY15787	EBT1102	1086	1045	len-diff	825
divergent	IGC0806F	AOS20	UY15787	EBT1102	1310	1277	len-diff	1053
divergent	IGC0906F	AOS20	UZ77326	EBT1102	1150	1117	len-diff	873
divergent	IGC0906H	AOSD0	UZ63727	EDM1102	1246	1221	len-diff	878
divergent	IGC0A06F	AOS20	UZ77326	EBT1102	1150	1117	len-diff	875
divergent	IGC0B06F	AOS20	UZ77326	EBT1102	726	693	len-diff	450
divergent	IGC0C06F	AOS20	UZ77326	EBT1102	1286	1253	len-diff	990
divergent	IGC0D06F	AOS20	UY15787	UZ25095	1414	1414	content-diff	125
divergent	IGC0E06F	AOS20	UY15787	UZ25095	1190	1182	len-diff	430
divergent	IGC0F06F	AOS20	UY15787	UZ25095	1270	1262	len-diff	514
divergent	IGC0K05B	AOSC6	UZ66648	UZ32940	2870	2870	date-only	15
divergent	IGC0L05B	AOSC6	UZ66691	UZ24473	742	727	len-diff	404
divergent	IGC0N05B	AOSC6	UZ66717	EDM1102	2266	2490	len-diff	2052
divergent	IGC0R05B	AOSC6	UZ77806	UZ25848	2234	2203	len-diff	1800
divergent	IGC0S05B	AOSC6	UZ63538	UZ57728	2718	2710	len-diff	940
divergent	IGC0T05B	AOSC6	UZ66717	EDM1102	1334	1346	len-diff	964
divergent	IGC1006F	AOS20	UY15787	UZ25095	1302	1294	len-diff	601
divergent	IGC1106F	AOS20	UY15787	UZ25095	1358	1358	content-diff	651
divergent	IGC121	AOSC5	UZ76579	UZ54657	4245	3877	len-diff	3780
divergent	IGC1306F	AOS20	UY15787	UZ25095	1022	1022	content-diff	296
divergent	IGC1406F	AOS20	UY15787	UZ25095	1022	1014	len-diff	268
divergent	IGCMP10D	AOS21	UZ59303	UZ31467	1609	1689	len-diff	1254
divergent	IGCT0018	AOSD0	UZ60962	UZ53850	1925	1917	len-diff	958
divergent	IGCT0021	AOSD0	UZ66006	UZ55313	2030	2006	len-diff	1506
divergent	IGCVE10D	AOS21	UZ62603	UZ29170	2605	2565	len-diff	2076
divergent	IGCVF10D	AOS21	UZ59303	UZ27703	2009	1961	len-diff	1408
divergent	IGE0000G	AOSCA	UZ47741	UZ53720	5605	5117	len-diff	5101
divergent	IGE0000I	AOSCA	UZ79837	UZ68825	4522	4522	content-diff	2503
divergent	IGE0001F	AOSCA	UY55885	EMI1102	1021	965	len-diff	747
divergent	IGE0002B	AOSD0	UZ47406	UZ24023	2414	2445	len-diff	2065
divergent	IGE0002C	AOSD0	UZ81419	UZ28513	2990	2741	len-diff	2644
divergent	IGE0004C	AOS20	UZ40804	UZ51598	2090	1994	len-diff	1581
divergent	IGE0004D	AOS20	UY15207	UZ37326	2974	2950	len-diff	1475
divergent	IGE0010A	AOSG0	UZ69350	UZ56893	1450	1434	len-diff	246
divergent	IGE0010D	AOSG0	UZ59565	UZ28266	1014	1014	date-only	18
divergent	IGE0010E	AOSG0	UY37061	UZ33213	3222	3206	len-diff	2708
divergent	IGE0011C	AOSD0	UZ47406	UZ35360	1686	1494	len-diff	1332
divergent	IGE0011D	AOSD0	UZ47406	UZ35360	1470	1350	len-diff	1123
divergent	IGE0025C	ALPALIB	UZ69699	UZ67316	2349	2341	len-diff	1194
divergent	IGE0101F	AOSCA	UZ47406	UZ28840	1702	1557	len-diff	1359
divergent	IGE0104A	AOS20	UZ72363	UZ32821	1158	1142	len-diff	480
divergent	IGE0104C	AOS20	UZ40804	UZ29446	846	846	content-diff	399
divergent	IGE0204A	AOS20	UY76720	UZ25095	1222	1174	len-diff	599
divergent	IGE0204B	AOS20	UZ68854	UZ32775	966	966	content-diff	32
divergent	IGE0204C	AOS20	UZ40804	UZ51599	1774	1766	len-diff	1135
divergent	IGE0301H	AOSCA	UZ71390	UZ90135	4205	4157	len-diff	2813
divergent	IGE0304C	AOS20	UZ40804	UZ25095	870	862	len-diff	404
divergent	IGE0404B	AOS20	UZ72363	UZ30960	998	982	len-diff	354
divergent	IGE0404C	AOS20	UY76720	UZ25095	1502	1438	len-diff	1088
divergent	IGE0504B	AOS20	UZ72363	UZ28349	966	950	len-diff	260
divergent	IGE0504C	AOS20	UY77697	UZ35276	2294	2190	len-diff	1788
divergent	IGE0604C	AOS20	UY76720	UZ25096	1046	966	len-diff	627
divergent	IGE0704C	AOS20	UY61527	UZ25096	990	998	len-diff	527
divergent	IGE0804C	AOS20	UZ40804	UZ25096	1054	1046	len-diff	554
divergent	IGE0904B	AOS20	UZ75642	UZ33405	1958	1726	len-diff	1514
divergent	IGE0904C	AOS20	UY00293	UZ35277	2054	2006	len-diff	1405
divergent	IGFDM1	AOSCE	UZ81089	UZ25911	1869	1870	len-diff	1417
divergent	IGG0191A	AOSD0	UZ59848	UZ30313	1414	1415	len-diff	950
divergent	IGG0191I	AOSD0	UZ78191	UZ54126	1262	1238	len-diff	230
divergent	IGG0191N	AOSD0	UZ70771	UZ53963	2734	2646	len-diff	672
divergent	IGG0191T	AOSD0	UZ63029	UZ90037	1246	1231	len-diff	788
divergent	IGG01920	AOSD8	UZ66364	EDM1102	1526	1506	len-diff	1135
divergent	IGG0192B	AOSD8	UZ72895	UZ30108	1334	1327	len-diff	935
divergent	IGG0192P	AOSD8	UZ65546	UZ52841	1230	1230	content-diff	23
divergent	IGG0193A	AOSD7	UZ47545	UZ90072	3982	3959	len-diff	3406
divergent	IGG0193M	AOS20	UY11554	EBT1102	1382	1370	len-diff	1017
divergent	IGG0193Q	AOS20	UY76720	UZ31104	1854	1854	content-diff	1098
divergent	IGG0193S	AOS20	UY11554	UZ27940	1582	1590	len-diff	698
divergent	IGG0193Y	AOSG0	UY05260	UZ31164	2678	2718	len-diff	1595
divergent	IGG01941	AOS21	UZ59303	UZ24392	1602	1594	len-diff	1092
divergent	IGG0194N	AOS20	UY78248	EBT1102	1254	1210	len-diff	890
divergent	IGG0194P	AOS20	UY76720	UZ52176	2414	2414	content-diff	1402
divergent	IGG0194Q	AOS20	UY11554	UZ28053	1694	1694	content-diff	287
divergent	IGG0196I	AOSD0	UZ77281	UZ29852	1198	1135	len-diff	868
divergent	IGG0196M	AOSD0	UZ75241	UZ27759	1494	1495	len-diff	995
divergent	IGG0196R	AOSD0	UZ47406	EMI1102	1390	1357	len-diff	847
divergent	IGG0197F	AOSD0	UZ61261	UZ56363	1766	1766	content-diff	48
divergent	IGG0197V	AOSD0	UZ80304	UZ27606	1422	1421	len-diff	965
divergent	IGG0199F	AOSD0	UZ38207	UZ56881	1669	1669	content-diff	152
divergent	IGG0199G	AOSD0	UZ56759	UZ26206	1669	1670	len-diff	1197
divergent	IGG0199L	AOSD7	UZ72207	UZ90072	1494	1471	len-diff	1087
divergent	IGG0199W	AOSD0	UZ76220	UZ23267	1749	1614	len-diff	1383
divergent	IGG019AD	AOSD0	UZ71546	UZ28913	782	775	len-diff	392
divergent	IGG019AH	AOSD0	UZ38989	UZ30731	1581	1534	len-diff	1130
divergent	IGG019BA	AOSD0	UZ73463	UZ36655	942	942	content-diff	469
divergent	IGG019BN	AOSD0	UZ61346	EDM1102	2430	2397	len-diff	2098
divergent	IGG019BO	AOSD0	UZ64107	EDM1102	1142	1101	len-diff	851
divergent	IGG019BR	AOSD7	UZ65512	UZ36469	2438	2430	len-diff	567
divergent	IGG019CC	AOSD0	UZ61346	UZ37211	1350	1350	content-diff	25
divergent	IGG019CD	AOSD0	UZ67083	UZ54807	1446	1446	content-diff	593
divergent	IGG019CU	AOSD0	UZ74098	UZ53967	2950	2870	len-diff	2411
divergent	IGG019CV	AOSD0	UZ72535	UZ55816	1910	1886	len-diff	728
divergent	IGG019CW	AOSD0	UZ61346	UZ37211	1198	1198	content-diff	25
divergent	IGG019DA	AOSD7	UZ78992	UZ90072	1310	1311	len-diff	901
divergent	IGG019DB	AOSD7	UZ66724	UZ90072	1302	1247	len-diff	949
divergent	IGG019DJ	AOSD0	UZ72372	UZ36378	2325	2165	len-diff	1608
divergent	IGG019DK	AOSD0	UZ76001	UZ35407	2673	2625	len-diff	1945
divergent	IGG019FD	AOSD0	UZ58823	EDM1102	918	906	len-diff	601
divergent	IGG019FL	AOSD0	UZ75050	EDM1102	1014	1002	len-diff	687
divergent	IGG019IA	AOSD8	UZ68250	UZ31763	4662	4615	len-diff	4100
divergent	IGG019JH	AOSD8	UZ65643	UZ54024	4022	4006	len-diff	184
divergent	IGG019KE	AOSD7	UZ66375	EDM1102	742	677	len-diff	490
divergent	IGG019KF	AOSD7	UZ66375	EDM1102	1166	1109	len-diff	911
divergent	IGG019KJ	AOSD7	UZ67148	UZ90072	4266	4267	len-diff	3607
divergent	IGG019KU	AOSD7	UY02271	UZ54063	1414	1382	len-diff	898
divergent	IGG019MA	AOS20	UY15787	UZ56596	4522	4550	len-diff	3760
divergent	IGG019MB	AOS20	UY86189	UZ56056	7398	7078	len-diff	4828
divergent	IGG019MC	AOS20	UY05101	UZ52421	2082	2058	len-diff	1444
divergent	IGG019MR	AOS20	UY15787	UZ25095	3746	3746	content-diff	1794
divergent	IGG019OB	AOSG0	UZ62515	UZ56893	750	750	content-diff	30
divergent	IGG019OE	AOSG0	UZ65007	UZ56893	2990	2862	len-diff	2279
divergent	IGG019PA	AOS20	UZ59296	UZ52994	1022	1038	len-diff	560
divergent	IGG019PG	AOS20	UY15787	UZ25094	630	662	len-diff	161
divergent	IGG019PH	AOS20	UY00891	UZ90084	510	510	content-diff	23
divergent	IGG019PI	AOS20	UY15787	UZ25094	1086	1078	len-diff	105
divergent	IGG019PK	AOS20	UY15787	UZ57416	582	590	len-diff	120
divergent	IGG019T2	AOSD0	UZ61346	UZ90002	1662	1663	len-diff	1227
divergent	IGG019TC	AOSD0	UZ61346	UZ37211	1294	1294	content-diff	20
divergent	IGG019TV	AOSD0	UZ61346	UZ90002	1590	1591	len-diff	1156
divergent	IGG019TW	AOSD0	UZ61346	UZ37211	1246	1246	content-diff	21
divergent	IGG019UP	AOS20	UY85819	UZ29482	846	854	len-diff	206
divergent	IGG019V6	AOSD0	UZ61346	UZ55916	2606	2598	len-diff	905
divergent	IGG019VW	AOSD0	UZ42656	UZ30404	1238	1221	len-diff	843
divergent	IGG0201A	AOSD0	UZ71843	UZ35025	1598	1558	len-diff	513
divergent	IGG0201W	AOSD0	UZ62779	UZ51743	1661	1661	content-diff	790
divergent	IGG0201Y	AOSD0	UZ72327	UZ53964	1390	1390	content-diff	276
divergent	IGG0201Z	AOSD0	UZ68686	UZ36761	2006	1974	len-diff	642
divergent	IGG0202A	AOSD8	UZ68416	EDM1102	1598	1525	len-diff	1321
divergent	IGG0202B	AOSD8	UZ73480	EDM1102	1366	1338	len-diff	982
divergent	IGG0203A	AOSD7	UZ70163	UZ30291	1494	1495	len-diff	1034
divergent	IGG0203M	AOS20	UY76720	UZ51809	2334	2222	len-diff	1815
divergent	IGG0203Z	AOSG0	UZ60117	UZ56893	1396	1388	len-diff	805
divergent	IGG02046	AOS21	UZ59303	ETC0108	1554	1518	len-diff	1208
divergent	IGG020P1	AOSD0	UZ63089	UZ56743	2958	2934	len-diff	1897
divergent	IGG020P3	AOSD0	UZ63089	EDM1102	1222	1077	len-diff	944
divergent	IGG020T1	AOSD0	UZ69011	EDM1102	1573	1601	len-diff	1215
divergent	IGG021AB	AOSD0	UZ60687	UZ90061	1558	1551	len-diff	1167
divergent	IGG0290A	AOSD0	UZ68267	UZ56676	1986	1898	len-diff	1365
divergent	IGG0290D	AOSD0	UZ81940	UZ57132	2374	2094	len-diff	1895
divergent	IGG0290E	AOSD0	UZ63439	UZ56676	1790	1862	len-diff	709
divergent	IGG0299A	AOSD0	UZ63439	UZ56743	1430	1558	len-diff	1112
divergent	IGG03001	AOSD0	UZ63439	UZ37677	2830	2798	len-diff	2030
divergent	IGG0325A	AOSD0	UZ67577	UZ51611	1590	1310	len-diff	1105
divergent	IGG0325D	AOSD0	UZ69130	EDM1102	1446	1389	len-diff	1132
divergent	IGG0325E	AOSD0	UZ67577	UZ53478	1438	1538	len-diff	1086
divergent	IGG0325G	AOSD0	UZ60516	UZ57120	1502	1454	len-diff	950
divergent	IGG0325H	AOSD0	UZ63439	EDM1102	1518	1426	len-diff	1183
divergent	IGG0325R	AOSD0	UZ78519	EDM1102	1638	1605	len-diff	1289
divergent	IGG032I1	AOSD0	UZ63061	EDM1102	1606	1565	len-diff	1283
divergent	IGG032I3	AOSD0	UZ67577	EDM1102	1590	1693	len-diff	1332
divergent	IGG032I5	AOSD0	UZ67577	EDM1102	1558	1589	len-diff	1247
divergent	IGG032I7	AOSD0	UZ63439	EDM1102	1566	1421	len-diff	1273
divergent	IGG032I8	AOSD0	UZ63439	EDM1102	1390	1205	len-diff	1080
divergent	IGG0553A	AOSD0	UZ63439	UZ51611	1598	1462	len-diff	811
divergent	IGG0553C	AOSD0	UZ67885	EDM1102	1694	1693	len-diff	1324
divergent	IGG0553E	AOSD0	UZ63439	EDM1102	1414	1301	len-diff	1105
divergent	IGG0553G	AOSD0	UZ67885	UZ37910	1054	1014	len-diff	624
divergent	IGG08113	AOSD0	UZ74336	UZ53854	3453	3445	len-diff	1294
divergent	IGG08117	AOSD0	UZ59019	UZ56448	3093	3093	content-diff	36
divergent	IGG09411	AOST3	UZ57962	UZ52590	693	693	content-diff	76
divergent	IGG0CLA3	AOSA0	UZ62510	UZ54429	4593	4553	len-diff	1283
divergent	IGG0CLA9	AOSA0	UZ62510	UZ56325	4681	4657	len-diff	3045
divergent	IGG0CLAF	AOSA0	UZ72803	UZ32834	5585	5301	len-diff	4223
divergent	IGG0CLAG	AOSA0	UZ58773	UZ35971	8889	8809	len-diff	5129
divergent	IGG0CLAH	AOSA0	UZ71195	UZ32834	4681	4345	len-diff	3746
divergent	IGG0CLAJ	AOSA0	UZ60327	EDM1102	4173	3997	len-diff	3546
divergent	IGG0CLAL	AOSA0	UZ77518	UZ29757	4781	4702	len-diff	3993
divergent	IGG0CLAP	AOSA0	UZ72061	UZ35054	3237	3205	len-diff	2527
divergent	IGG0CLAQ	AOSA0	UZ72965	UZ34149	4693	4661	len-diff	3500
divergent	IGG0CLAT	AOSA0	UZ72651	UZ51938	5533	5517	len-diff	3364
divergent	IGG0CLAZ	AOSA0	UZ72403	UZ27347	3605	3550	len-diff	2935
divergent	IGG0CLB6	AOSA0	UZ41208	UZ56933	3501	3349	len-diff	2775
divergent	IGG0CLB7	AOSA0	UZ59300	UZ32834	3333	3309	len-diff	2352
divergent	IGG0CLBG	AOSA0	UZ65674	UZ36792	5897	5889	len-diff	4598
divergent	IGG0CLBJ	AOSA0	UZ57742	EDM1102	1893	1805	len-diff	1531
divergent	IGG0CLBM	AOSA0	UZ41208	UZ34957	5381	5189	len-diff	4360
divergent	IGG0CLBO	AOSA0	UZ68184	UZ35588	4997	4869	len-diff	2998
divergent	IGG0CLBP	AOSA0	UZ74634	UZ27347	4654	4598	len-diff	3794
divergent	IGG0CLBU	AOSA0	UZ58280	UZ27347	2253	1846	len-diff	1798
divergent	IGG0CLBV	AOSA0	UZ58280	UZ32834	4725	4565	len-diff	3848
divergent	IGG0CLBY	AOSA0	UZ72069	UZ55976	3789	3645	len-diff	3188
divergent	IGG0CLC9	AOSA0	UZ62510	UZ35064	8865	8945	len-diff	6709
divergent	IGG0CLCA	AOSD0	UZ84866	UZ55818	8886	8642	len-diff	8012
divergent	IGG0CLCC	AOSD0	UZ79993	UZ55818	5618	5506	len-diff	4667
divergent	IGG0CLCD	AOSD0	UZ66313	UZ55818	4222	4222	content-diff	33
divergent	IGG0CLCE	AOSD0	UZ67190	UZ55818	3454	3430	len-diff	966
divergent	IGG0CLDC	AOSA0	UZ66928	UZ27355	2853	2750	len-diff	2203
divergent	IGG0CLDD	AOSA0	UZ66928	UZ27355	3469	2918	len-diff	2914
divergent	IGGMSG02	AOSD0	UZ57182	EDM1102	2774	2722	len-diff	2079
divergent	IGX00026	AOST4	UZ48765	UZ60444	1653	1485	len-diff	772
divergent	IGX00027	AOST4	UZ48765	UZ59182	981	965	len-diff	236
divergent	IHJACP02	AOSC6	UZ66717	UZ24477	1046	1111	len-diff	765
divergent	IHJACP25	AOSC6	UZ59987	UZ22244	2410	2411	len-diff	1910
divergent	IHJARS60	AOSC6	UZ63538	UZ22181	966	951	len-diff	582
divergent	IHJQRS21	AOSC6	UZ72454	UZ37487	2434	2434	content-diff	851
divergent	IHJQRS24	AOSC6	UZ71565	EDM1102	1594	1582	len-diff	1282
divergent	IKJCB831	AOST4	UY07656	EBB1102	5053	5133	len-diff	4576
divergent	IKJCT430	AOST4	UY16532	UZ80347	5128	5067	len-diff	4447
divergent	IKJCT431	AOST4	UY16532	UZ59182	7761	7761	content-diff	3525
divergent	IKJCT433	AOST4	UY17021	UZ68075	12917	12837	len-diff	10785
divergent	IKJCT436	AOST4	UY17021	UZ80347	11057	10817	len-diff	9233
divergent	IKJCT460	AOST4	UZ50509	UZ69787	1609	1569	len-diff	786
divergent	IKJEBEAE	ACMDLIB	UY12210	UZ67795	1685	1461	len-diff	1162
divergent	IKJEBEIA	ACMDLIB	UZ84183	EBB1102	3334	3221	len-diff	3025
divergent	IKJEBEIS	ACMDLIB	UY03346	EBB1102	2060	1998	len-diff	1709
divergent	IKJEBELI	ACMDLIB	UZ44111	EBB1102	2311	2214	len-diff	2007
divergent	IKJEBERU	ACMDLIB	UY12811	UZ32693	5596	5551	len-diff	5131
divergent	IKJEBESA	ACMDLIB	UZ84183	UZ38590	8378	8174	len-diff	7446
divergent	IKJEBEUN	AOST4	UZ44270	EBB1102	1529	1457	len-diff	1238
divergent	IKJEE100	ACMDLIB	UZ48524	UZ28003	5045	5101	len-diff	3556
divergent	IKJEFA20	ACMDLIB	UZ51405	UZ31166	4685	4701	len-diff	3525
divergent	IKJEFA21	ACMDLIB	UZ51405	EBB1102	3193	3145	len-diff	2414
divergent	IKJEFA55	ACMDLIB	UY08801	EBB1102	4036	3886	len-diff	3449
divergent	IKJEFD20	ACMDLIB	UY08308	UZ66821	5211	5289	len-diff	4668
divergent	IKJEFE11	ACMDLIB	UY04130	EBB1102	2360	2106	len-diff	2026
divergent	IKJEFE15	ACMDLIB	UY04130	EBB1102	1149	1061	len-diff	845
divergent	IKJEFE16	ACMDLIB	UY04130	UZ69726	733	718	len-diff	372
divergent	IKJEFF00	AOST4	UZ47243	UZ80230	6705	6681	len-diff	4107
divergent	IKJEFF02	AOST4	UZ46135	UZ55435	5531	5587	len-diff	4925
divergent	IKJEFF03	ACMDLIB	UY22333	EBB1102	2406	2325	len-diff	2030
divergent	IKJEFF04	ACMDLIB	UY07976	UZ80230	3545	3537	len-diff	2572
divergent	IKJEFF05	ACMDLIB	UY22333	UZ80230	4117	3653	len-diff	3373
divergent	IKJEFF09	ACMDLIB	UY13425	UZ26710	1469	1333	len-diff	652
divergent	IKJEFF13	ACMDLIB	UZ83913	UZ80230	1405	1397	len-diff	833
divergent	IKJEFF18	ACMDLIB	UY11778	UZ70578	12640	12619	len-diff	11512
divergent	IKJEFF50	ACMDLIB	UZ42921	UZ80230	1879	1879	content-diff	52
divergent	IKJEFF52	AOST4	UZ48744	UZ80230	2109	2133	len-diff	605
divergent	IKJEFF55	ACMDLIB	UZ48456	UZ74375	2430	2430	content-diff	30
divergent	IKJEFH01	ACMDLIB	UY20282	UZ80347	4132	3663	len-diff	3716
divergent	IKJEFH02	ACMDLIB	UZ84329	EBB1102	1525	1213	len-diff	1184
divergent	IKJEFH03	ACMDLIB	UZ84329	UZ25644	909	838	len-diff	614
divergent	IKJEFLA	AOST4	UY17588	UZ80230	2201	2201	content-diff	45
divergent	IKJEFLB	AOST4	UY07104	UZ30666	2141	2085	len-diff	1587
divergent	IKJEFLE	AOST4	UY39539	UZ70581	11065	10937	len-diff	9605
divergent	IKJEFLG	AOST4	UY17588	EBB1102	1429	1301	len-diff	1131
divergent	IKJEFLGB	AOST4	UY17588	UZ23431	2605	2261	len-diff	2106
divergent	IKJEFLGH	AOST4	UY17588	EBB1102	549	501	len-diff	276
divergent	IKJEFLGM	AOST4	UY17588	UZ23796	1857	1801	len-diff	1018
divergent	IKJEFLI	AOST4	UY17588	UZ70837	5408	5371	len-diff	4628
divergent	IKJEFLJ	AOST4	UY07104	UZ73917	1373	1373	content-diff	219
divergent	IKJEFLK	AOST4	UY07104	UZ53382	1269	1309	len-diff	858
divergent	IKJEFLL	AOST4	UY17588	UZ73871	3269	3253	len-diff	2465
divergent	IKJEFLPA	AOST4	UY17588	EBB1102	1357	1010	len-diff	1053
divergent	IKJEFLS	AOST4	UY17588	UZ59568	1765	1565	len-diff	1399
divergent	IKJEFP00	AOST4	UY17760	UZ71091	11888	11806	len-diff	10629
divergent	IKJEFP10	AOST4	UY14769	EBB1102	1370	1306	len-diff	960
divergent	IKJEFP20	AOST4	UY14769	UZ69914	2894	2886	len-diff	1576
divergent	IKJEFT01	AOST4	UY13431	UZ80347	7753	7761	len-diff	3607
divergent	IKJEFT02	AOST4	UY30864	UZ39610	12035	11217	len-diff	10912
divergent	IKJEFT03	AOST4	UY09172	UZ80230	2249	2209	len-diff	1595
divergent	IKJEFT04	AOST4	UZ83396	UZ80230	3169	2873	len-diff	1611
divergent	IKJEFT05	AOST4	UY02947	UZ39168	5901	5605	len-diff	5039
divergent	IKJEFT06	AOST4	UZ42826	UZ23796	2725	2725	content-diff	61
divergent	IKJEFT09	AOST4	UZ82014	UZ80230	1253	1253	content-diff	34
divergent	IKJEFT30	AOST4	UY13091	UZ78896	5125	5069	len-diff	2050
divergent	IKJEFT35	AOST4	UY17021	UZ35003	2809	2761	len-diff	1889
divergent	IKJEFT45	AOST4	UZ44184	UZ60105	2237	2053	len-diff	1555
divergent	IKJEFT55	AOST4	UY43689	UZ80347	4693	4517	len-diff	3955
divergent	IKJEFT80	ACMDLIB	UY01743	UZ70923	8206	8143	len-diff	7045
divergent	IKJEFTSC	AOST4	UY43678	UZ80230	4269	4061	len-diff	3021
divergent	IKJEGATN	ACMDLIB	UZ48384	EBB1102	1822	1603	len-diff	1490
divergent	IKJEGCVT	ACMDLIB	UY07264	UZ39644	10221	10140	len-diff	9161
divergent	IKJEGINT	ACMDLIB	UZ82014	UZ39563	5036	5160	len-diff	3321
divergent	IKJEGIO	ACMDLIB	UY08628	UZ23670	9763	9681	len-diff	8908
divergent	IKJEGLDF	ACMDLIB	UY29952	UZ39563	5402	5230	len-diff	4572
divergent	IKJEGLSA	ACMDLIB	UY29953	UZ39425	4698	4538	len-diff	4157
divergent	IKJEGLST	ACMDLIB	UY38623	EBB1102	4653	4421	len-diff	4182
divergent	IKJEGMNL	ACMDLIB	UY29952	UZ39563	6123	5940	len-diff	5529
divergent	IKJEGMSG	ACMDLIB	UZ48384	UZ26587	15381	15273	len-diff	11283
divergent	IKJEGOFF	ACMDLIB	UZ44378	EBB1102	3540	3466	len-diff	3139
divergent	IKJEGQFY	ACMDLIB	UY06583	EBB1102	3249	3330	len-diff	3014
divergent	IKJEGSYM	ACMDLIB	UZ81433	UZ52521	6612	6476	len-diff	5913
divergent	IKJEGWHR	ACMDLIB	UY08805	UZ32026	3921	3780	len-diff	3479
divergent	IKJEHAL1	ACMDLIB	UZ38998	UZ31416	7062	7134	len-diff	4638
divergent	IKJEHCIR	ACMDLIB	UZ43283	UZ29539	4805	4249	len-diff	4275
divergent	IKJEHDEF	ACMDLIB	UZ43283	EST1102	4532	4266	len-diff	4070
divergent	IKJEHDS1	ACMDLIB	UZ45029	UZ54574	13164	12436	len-diff	11930
divergent	IKJEHPRO	ACMDLIB	UZ38998	UZ28892	5404	5348	len-diff	1703
divergent	IKJEHREN	ACMDLIB	UZ45173	UZ26412	10216	9956	len-diff	8994
divergent	IKJRBBCM	AOST4	UZ83118	EBB1102	910	877	len-diff	630
divergent	IKJRBBMC	AOST4	UZ48765	UZ80347	3125	2909	len-diff	2184
divergent	IKJRBBU0	AOST4	UZ41714	UZ53152	8733	8725	len-diff	7053
divergent	IKJTTRM0	AOST4	UZ81247	UZ80230	1161	1097	len-diff	762
divergent	IKT09401	AOST3	UZ67122	UZ26904	709	693	len-diff	225
divergent	IKT09413	AOST3	UZ68882	UZ31365	677	645	len-diff	289
divergent	IKT3270I	AOST3	UZ71054	UZ30658	3541	3525	len-diff	2400
divergent	IKT3270O	AOST3	UZ67122	UZ55134	10545	10385	len-diff	8097
divergent	IKTVTGET	AOST3	UZ57385	UZ55134	3029	3037	len-diff	1899
divergent	IKTXMTPT	AOST3	UZ61840	UZ27111	1525	1477	len-diff	475
divergent	IOEDKMSG	AOSD0	UZ47406	EMI1102	3334	3301	len-diff	2797
divergent	IOEDKOPN	AOSD0	UY33436	EMI1102	2181	2101	len-diff	1841
divergent	IOEDKRDR	AOSD0	UY11736	UZ27310	14005	13909	len-diff	11534
divergent	IOEDKWTR	AOSD0	UY49149	UZ25396	8361	8065	len-diff	7593
divergent	IOESDKTO	AOSD0	UZ47406	EMI1102	5202	5061	len-diff	4819
divergent	ISDAAPR1	AOSD0	UZ39442	UZ90150	11505	11401	len-diff	10340
divergent	ISDAEQC0	AOSD0	UZ72771	UZ28887	2413	2382	len-diff	1963
divergent	ISDAFSC0	AOSD0	UZ72771	UZ32030	6157	6085	len-diff	1459
divergent	ISDAHIST	AOSD0	UZ69705	UZ90119	1257	1201	len-diff	490
divergent	ISDAPAD0	AOSD0	UZ73396	UZ37324	2765	2645	len-diff	966
divergent	ISDASDA0	AOSD0	UY39686	UZ53613	10769	9977	len-diff	9453
divergent	ISDASUM0	AOSD0	UZ67573	UZ55255	7337	7273	len-diff	5732
divergent	ISTOCCCL	AOS26	UZ56324	UZ34365	6809	6769	len-diff	5977
divergent	READPSWD	AOSD0	UZ78474	UZ54926	1246	1230	len-diff	433
control	IGCFC10D	AOS21	UZ34384	UZ34384	1381	1381	identical	0
control	IEBVTT	AOSU0	UZ54629	UZ54629	1246	1246	identical	0
control	IGG019V3	AOSD0	EST1102	EST1102	842	842	identical	0
control	BLSUPRTA	AOS32	EIP1102	EIP1102	1497	1497	identical	0
control	HMASMTPL	AOS12	UR03815	UR03815	4558	4558	identical	0
control	IDAIIPM1	AOSA0	UZ27151	UZ27151	1310	1310	identical	0
control	IGG019C1	AOSD0	UZ33555	UZ33555	822	822	identical	0
control	BNGTLOCL	AOS29	EDE1102	EDE1102	7190	7190	identical	0
control	ISTYPSOL	AOS24	EVT0108	EVT0108	2997	2997	identical	0
control	IEFAB423	AOSB3	UZ65417	UZ65417	3261	3261	identical	0
control	BLSRVPCP	AOS32	UZ90098	UZ90098	1126	1126	identical	0
control	ICKRP01	AOSU0	FDZ1610	FDZ1610	1549	1549	identical	0
control	IKTCASOX	AOST3	UZ35215	UZ35215	1549	1549	identical	0
control	IHCGSP02	AOS07	EGS1102	EGS1102	637	637	identical	0
control	HMASMTCL	AOS12	UR03387	UR03387	5130	5130	identical	0
control	IEFSDXXX	AOSB0	UZ26378	UZ26378	1486	1486	identical	0
control	IDA0192W	AOSA0	EDM1102	EDM1102	2821	2821	identical	0
control	IKJEFF20	AOST4	UZ80230	UZ80230	837	837	identical	0
control	GRAFSPC1	AOSD0	EDM1102	EDM1102	565	565	identical	0
control	IEAVELKR	AOSC5	EBB1102	EBB1102	2182	2182	identical	0
control	IEFAB4E1	AOSB3	EBB1102	EBB1102	589	589	identical	0
control	HMASMBUE	AOS12	UR01071	UR01071	2666	2666	identical	0
control	IGG0201B	AOSD0	UZ28885	UZ28885	1359	1359	identical	0
control	BLSUSTAE	AOS32	EIP1102	EIP1102	833	833	identical	0
control	IEFAB498	AOSB3	EBB1102	EBB1102	1165	1165	identical	0
control	BLSUMONT	AOS32	EIP1102	EIP1102	529	529	identical	0
control	IEAVNPB6	AOSC5	EBB1102	EBB1102	362	362	identical	0
control	IFDOLT36	AOS06	UZ66225	UZ66225	2798	2798	identical	0
control	IHJACP20	AOSC6	EDM1102	EDM1102	874	874	identical	0
control	IEAVTSSE	AOSC5	UZ26061	UZ26061	3938	3938	identical	0
control	IEAVAD0F	AOSC5	UZ61153	UZ61153	1477	1477	identical	0
control	IFOX0A	AOS03	UZ34601	UZ34601	1645	1645	identical	0
control	IEDQKD	AOS21	UZ32475	UZ32475	2558	2558	identical	0
control	IDCEX03	AOSU0	UZ34231	UZ34231	1097	1097	identical	0
control	IEDQWID	AOS21	ETC0108	ETC0108	2129	2129	identical	0
control	IGG019GC	AOSD8	EDM1102	EDM1102	1973	1973	identical	0
control	IDCCDCV	AOSU0	EMS1102	EMS1102	1245	1245	identical	0
control	HMASMCPY	AOS12	UR00824	UR00824	4710	4710	identical	0
control	HASPFMT2	AOSH3	EJE1103	EJE1103	5046	5046	identical	0
control	IEECVFTO	AOSC5	UZ58193	UZ58193	1367	1367	identical	0
control	ISTSC026	AOS26	EVT0108	EVT0108	429	429	identical	0
control	XTB1HN	AOSD0	EDM1102	EDM1102	621	621	identical	0
control	IKJEFT53	AOST4	EBB1102	EBB1102	469	469	identical	0
control	IGC0506H	AOSD0	EDM1102	EDM1102	741	741	identical	0
control	ISTIC000	AOS26	UZ28203	UZ28203	6501	6501	identical	0
control	ISDASUM2	AOSD0	UZ90150	UZ90150	2933	2933	identical	0
control	IGG019AF	AOSD0	EDM1102	EDM1102	1186	1186	identical	0
control	IFFPFAVA	AOSG0	EGA1102	EGA1102	3125	3125	identical	0
control	IEFVPP	AOSB3	#DYP002	#DYP002	6538	6538	date-only	21
control	IEDQHK	AOS21	UZ31610	UZ31610	2482	2482	identical	0
control	IEFVGM18	AOSB3	EBB1102	EBB1102	517	517	identical	0
control	ICGDSS02	AOSD0	EMS1102	EMS1102	3037	3037	identical	0
control	IFFPJAPV	AOSG0	EGA1102	EGA1102	3733	3733	identical	0
control	ISTZIFUB	AOS24	EVT0108	EVT0108	1229	1229	identical	0
control	ISTRCC63	AOS24	EVT0108	EVT0108	2041	2041	identical	0
control	IGFPEXIT	AOSCE	EBB1102	EBB1102	921	921	identical	0
control	IRBMFRSR	AOSC5	EMF1102	EMF1102	341	341	identical	0
control	IFDOLT15	AOS06	UZ72469	UZ72469	2822	2822	identical	0
control	HMASMTSB	AOS12	UR01050	UR01050	5786	5786	identical	0
control	IEAVAD51	AOSC5	UZ61115	UZ61115	1182	1182	identical	0
control	ISTZBFID	AOS24	EVT0108	EVT0108	3193	3193	identical	0
control	IEDNKA	AOS21	UZ32845	UZ32845	3633	3633	identical	0
control	IGFDS1	AOSCE	EBB1102	EBB1102	909	909	identical	0
control	IECTCATN	AOSC5	UZ53852	UZ53852	775	775	identical	0
control	ISTOCCFR	AOS26	UZ28729	UZ28729	2325	2325	identical	0
control	IKJCT470	AOST4	EBB1102	EBB1102	1165	1165	identical	0
control	BLSSIOC	AOS32	UZ29043	UZ29043	958	958	identical	0
control	ICBVEX00	AOSD0	EMS1102	EMS1102	3077	3077	identical	0
control	IGC0505I	AOS06	UZ62236	UZ62236	1278	1278	identical	0
control	IGFCCHCR	AOSCE	UZ29478	UZ29478	4634	4634	identical	0
control	IGG0191Z	AOSD0	EDM1102	EDM1102	1285	1285	identical	0
control	ISTSC028	AOS26	EVT0108	EVT0108	669	669	identical	0
control	ISTAPC56	AOS24	EVT0108	EVT0108	589	589	identical	0
control	HMASMSEC	AOS12	UR00535	UR00535	3206	3206	identical	0
control	IDACAT13	AOSA0	UZ34255	UZ34255	1769	1769	identical	0
control	IFCEXXX4	AOSCD	EER1400	EER1400	3902	3902	identical	0
control	ISTINCMS	AOS26	UZ22722	UZ22722	3773	3773	identical	0
control	HMASMIO	AOS12	UR03386	UR03386	24346	24346	identical	0
control	HMASMALC	AOS12	UR01050	UR01050	2950	2950	identical	0
control	IGC00030	AOSD0	UZ34313	UZ34313	2166	2166	identical	0
control	IRBMFICP	AOSC5	EMF1102	EMF1102	837	837	identical	0
control	IFDMSG22	AOS06	EBB1102	EBB1102	681	681	identical	0
control	IGG019PC	AOS20	EBT1102	EBT1102	653	653	identical	0
control	IGG01913	AOSD0	EDM1102	EDM1102	965	965	identical	0
control	BLSFBP00	AOS32	EIP1102	EIP1102	625	625	identical	0
control	ISTDCC10	AOS24	EVT0108	EVT0108	877	877	identical	0
control	IGG01942	AOS21	UZ35116	UZ35116	2434	2434	identical	0
control	IEDQ28	AOS21	ETC0108	ETC0108	877	877	identical	0
control	IEAVAD0A	AOSC5	UZ25903	UZ25903	1854	1854	identical	0
control	ISTRAMA3	AOS26	UZ19883	UZ19883	1765	1765	identical	0
control	GENRMT	AOSH1	EML1102	EML1102	7205	7205	identical	0
control	IEFAB471	AOSB3	UZ24978	UZ24978	3978	3978	identical	0
control	IFDOLT11	AOS06	EBB1102	EBB1102	525	525	identical	0
control	IEAVMASV	AOSC5	EBB1102	EBB1102	1221	1221	identical	0
control	IEFVHQ	AOSB3	UZ59124	UZ59124	814	814	identical	0
control	IGG0202K	AOSD8	EDM1102	EDM1102	1229	1229	identical	0
control	IGG019RO	AOS21	UZ33489	UZ33489	1626	1626	identical	0
control	ISTSC027	AOS26	UZ33552	UZ33552	2725	2725	identical	0
control	ICGDSB09	AOSD0	UZ90113	UZ90113	6990	6990	identical	0
control	IEDQ13	AOS21	ETC0108	ETC0108	877	877	identical	0
control	IRBMFSAR	AOSC5	EMF1102	EMF1102	1649	1649	identical	0
control	IGG0325U	AOSD0	EDM1102	EDM1102	1157	1157	identical	0
control	IFCST008	AOSCD	EER1400	EER1400	6482	6482	identical	0
control	IEAVSWPC	AOSC5	EBB1102	EBB1102	901	901	identical	0
control	IKT09414	AOST3	ETV0108	ETV0108	537	537	identical	0
control	IFCSXXX1	AOSCD	EER1400	EER1400	3006	3006	identical	0
control	IGG1XN	AOSD0	EDM1102	EDM1102	866	866	identical	0
control	IGG0197J	AOSD0	EDM1102	EDM1102	389	389	identical	0
control	IGG019KR	AOSD7	EDM1102	EDM1102	1141	1141	identical	0
control	IEFDB413	AOSB3	UZ63293	UZ63293	6517	6517	identical	0
control	IEBWSAM	AOSU0	UZ53565	UZ53565	1906	1906	identical	0
control	ICKAN02	AOSU0	FDZ1610	FDZ1610	7497	7497	identical	0
control	IEDQDA	AOS21	UZ31470	UZ31470	598	598	identical	0
control	IECDAFMT	AOSC5	UZ71196	UZ71196	5533	5533	identical	0
control	IEFDB4A0	AOSB3	UZ53724	UZ53724	4502	4502	identical	0
control	IEFDPOST	AOSB3	EBB1102	EBB1102	557	557	identical	0
control	AMDSASIO	AOS12	UZ59074	UZ59074	2721	2721	identical	0
control	ISTNMC1S	AOS24	EVT0108	EVT0108	2277	2277	identical	0
control	IEDQNP	AOS21	ETC0108	ETC0108	1053	1053	identical	0
control	IFCEI145	AOSCD	EER1400	EER1400	11562	11562	identical	0
control	IFCTA301	AOSCD	EER1400	EER1400	3965	3965	identical	0
control	AHLWTMSG	AOS11	EBB1102	EBB1102	685	685	identical	0
control	IEBBSCAN	AOSU0	EUT1102	EUT1102	1777	1777	identical	0
control	IHJACP01	AOSC6	UZ53752	UZ53752	1746	1746	identical	0
control	IGG019EK	AOSD0	EDM1102	EDM1102	829	829	identical	0
control	IGC0U05B	AOSC6	EDM1102	EDM1102	1258	1258	identical	0
control	IEAVERER	AOSC5	EBB1102	EBB1102	413	413	identical	0
control	ISTZDFH0	AOS26	EVT0108	EVT0108	905	905	identical	0
control	BLSVIOX	AOS32	EIP1102	EIP1102	1789	1789	identical	0
control	ISTAPC59	AOS24	EVT0108	EVT0108	949	949	identical	0
control	IGG019SI	AOSC6	EDM1102	EDM1102	509	509	identical	0
control	IGG0202L	AOSD8	EDM1102	EDM1102	1285	1285	identical	0
control	IGG0203Y	AOSG0	UZ32823	UZ32823	1802	1802	identical	0
control	IGG019TZ	AOST3	ETI1106	ETI1106	349	349	identical	0
control	IDCIO05	AOSU0	UZ90120	UZ90120	21233	21233	identical	0
control	ISTINCW5	AOS26	EVT0108	EVT0108	837	837	identical	0
control	IGG029DU	AOSD0	EDM1102	EDM1102	389	389	identical	0
control	HMASMCMP	AOS12	UR01050	UR01050	1554	1554	identical	0
control	IEDQXB	AOS21	UZ34217	UZ34217	24056	24056	identical	0
control	HMASMMSG	AOS12	UR01071	UR01071	4218	4218	identical	0
control	IEEMB825	AOS00	UZ34226	UZ34226	1358	1358	identical	0
control	ILRTERMR	AOSC5	UZ26912	UZ26912	3822	3822	identical	0
control	IEDCSA	AOS21	ETC0108	ETC0108	1126	1126	identical	0
control	IDCTSEC0	AOSU0	EMS1102	EMS1102	765	765	identical	0
control	IGFC80	AOSCE	EBB1102	EBB1102	1026	1026	identical	0
control	BLSUVSPO	AOS32	EIP1102	EIP1102	617	617	identical	0
control	IDCDB02	AOSU0	EDM1102	EDM1102	2953	2953	identical	0
control	AHLMCER	AOS11	UZ58627	UZ58627	1923	1923	identical	0
control	IDCCH03	AOSU0	UZ90118	UZ90118	6049	6049	identical	0
control	IGG019BC	AOSD0	EDM1102	EDM1102	741	741	identical	0
control	BLSFOPEN	AOS32	EIP1102	EIP1102	897	897	identical	0
control	HMASMTEC	AOS12	UR00419	UR00419	2914	2914	identical	0
control	IEEMB815	AOSC5	EBB1102	EBB1102	5205	5205	identical	0
control	IGG019J0	AOSD8	EDM1102	EDM1102	2229	2229	identical	0
control	IEBLDUL	AOSU0	UZ57774	UZ57774	2274	2274	identical	0
control	IEHDVTOC	AOSU0	EDS1102	EDS1102	3458	3458	identical	0
control	IGG01917	AOSD0	EDM1102	EDM1102	1274	1274	identical	0
control	IGG019BH	AOSD0	UZ25687	UZ25687	887	887	identical	0
control	ISTINCMY	AOS26	UZ20218	UZ20218	5157	5157	identical	0
control	IEAVEEXT	AOSC5	UZ24824	UZ24824	1399	1399	identical	0
control	IEAQWAIT	AOS00	EBB1102	EBB1102	461	461	identical	0
control	ISTOCCCH	AOS26	UZ29275	UZ29275	2597	2597	identical	0
control	ISTIC003	AOS26	EVT0108	EVT0108	2325	2325	identical	0
control	ISTINCVN	AOS26	EVT0108	EVT0108	1389	1389	identical	0
control	ISTINCY5	AOS26	UZ28821	UZ28821	1173	1173	identical	0
control	IGC0102G	AOSD0	UZ55903	UZ55903	2005	2005	identical	0
control	ICKRL01	AOSU0	EDS1102	EDS1102	1365	1365	identical	0
control	IEAVTSLS	AOSC5	UZ57326	UZ57326	3894	3894	identical	0
control	IDCDB01	AOSU0	EDM1102	EDM1102	1673	1673	identical	0
control	IGFDU0	AOSCE	EBB1102	EBB1102	997	997	identical	0
control	IFCENFH3	AOSCD	EER1400	EER1400	2206	2206	identical	0
control	ISTINCU7	AOS26	EVT0108	EVT0108	585	585	identical	0
control	IEDAYY	AOS21	ETC0108	ETC0108	453	453	identical	0
control	ISTZDFMF	AOS26	EVT0108	EVT0108	609	609	identical	0
control	BLSFDD00	AOS32	EIP1102	EIP1102	1521	1521	identical	0
control	IEECVFTB	AOSC5	UZ33930	UZ33930	1427	1427	identical	0
control	XTB12773	AOSD0	EDM1102	EDM1102	621	621	identical	0
control	IGG019AG	AOSD0	EDM1102	EDM1102	477	477	identical	0
control	IEBCONZ2	AOSU0	EUT1102	EUT1102	477	477	identical	0
control	BLSRACC	AOS32	EIP1102	EIP1102	889	889	identical	0
control	UTRKCALC	AOSD0	M024001	M024001	890	890	content-diff	12
control	IFFAHA11	AOS07	UZ90085	UZ90085	1358	1358	identical	0
control	IDA019RB	AOSA0	EDM1102	EDM1102	1001	1001	identical	0
control	IFCEDDR0	AOSCD	EER1400	EER1400	1566	1566	identical	0
control	ISTZFFDB	AOS26	EVT0108	EVT0108	941	941	identical	0
control	IGG019CG	AOSD0	UZ28605	UZ28605	719	719	identical	0
control	IEDQ20	AOS21	ETC0108	ETC0108	877	877	identical	0
control	IGG01944	AOS21	UZ30511	UZ30511	1530	1530	identical	0
control	IEFAB4DD	AOSB3	EBB1102	EBB1102	1505	1505	identical	0
control	XTB1P11	AOSD0	EDM1102	EDM1102	621	621	identical	0
control	ISTSDCPA	AOS26	EVT0108	EVT0108	2225	2225	identical	0
control	IGCN410D	AOS21	UZ30234	UZ30234	2449	2449	identical	0
control	IEFAB4E0	AOSB3	UZ25162	UZ25162	1070	1070	identical	0
control	IEE3103D	AOSB3	UZ26628	UZ26628	1679	1679	identical	0
control	IEFSD094	AOSB0	UZ26378	UZ26378	1622	1622	identical	0
control	IGG030DU	AOSD0	EDM1102	EDM1102	389	389	identical	0
control	IEFAB4FF	AOSB3	EBB1102	EBB1102	933	933	identical	0
control	IEEBASEC	AOSB3	FBB1221	FBB1221	650	650	identical	0
control	ISTZEMAB	AOS26	UZ24634	UZ24634	1765	1765	identical	0
control	ISTPATCH	AOS24	EVT0108	EVT0108	397	397	identical	0
control	IGG01943	AOS21	UZ34005	UZ34005	2394	2394	identical	0
control	BLSRCOIN	AOS32	UZ90098	UZ90098	1438	1438	identical	0
control	BLSRADDP	AOS32	EIP1102	EIP1102	1321	1321	identical	0
control	IFCSXXX9	AOSCD	EER1400	EER1400	5498	5498	identical	0
control	ISTINCIP	AOS26	UZ18721	UZ18721	3941	3941	identical	0
control	IFCEARG1	AOSCD	EER1400	EER1400	1806	1806	identical	0
control	IEE0603D	AOSB3	EBB1102	EBB1102	1658	1658	identical	0
control	IGFPMMSG	AOSCE	EBB1102	EBB1102	565	565	identical	0
control	IRBMFLMV	AOSC5	EMF1102	EMF1102	2490	2490	identical	0
control	IGG0191U	AOSD0	UZ90037	UZ90037	1207	1207	identical	0
control	IGG019BM	AOSD0	UZ28605	UZ28605	647	647	identical	0
control	ICGDSB08	AOSD0	UZ90025	UZ90025	4126	4126	identical	0
control	IEFAB492	AOSB3	UZ59776	UZ59776	3681	3681	identical	0
control	IDCCV01	AOSU0	UZ30385	UZ30385	9138	9138	identical	0
control	IEFAB4M4	AOSB3	EBB1102	EBB1102	1101	1101	identical	0
control	ISTINCE2	AOS26	EVT0108	EVT0108	533	533	identical	0
control	IEE5103D	AOSB3	UZ52149	UZ52149	1743	1743	identical	0
control	IGE0504H	AOS21	UZ30992	UZ30992	1698	1698	identical	0
control	IEECVETQ	AOSC5	EBB1102	EBB1102	1365	1365	identical	0
control	ISTINCX6	AOS26	EVT0108	EVT0108	645	645	identical	0
control	AHLTFOR	AOS11	EBB1102	EBB1102	3685	3685	identical	0
control	ISTINCV3	AOS26	EVT0108	EVT0108	1221	1221	identical	0
control	IGFPMHCA	AOSCE	UZ24574	UZ24574	1022	1022	identical	0
control	ICKIO01	AOSU0	FDZ1610	FDZ1610	5381	5381	identical	0
control	IEAVCARR	AOSC5	EBB1102	EBB1102	1485	1485	identical	0
control	IGG019R1	AOS21	UZ25956	UZ25956	1586	1586	identical	0
control	IEE8B03D	AOSB3	UZ53225	UZ53225	5430	5430	identical	0
control	ISTINCU3	AOS26	EVT0108	EVT0108	1733	1733	identical	0
control	IEDQFE30	AOS21	UZ53076	UZ53076	3650	3650	identical	0
control	IKTIIOM	AOST4	UZ28016	UZ28016	1733	1733	identical	0
control	IGCV710D	AOS21	UZ27703	UZ27703	838	838	identical	0
control	ICKSA05	AOSU0	FDZ1610	FDZ1610	1141	1141	identical	0
control	IGG019VF	AOSD0	EMI1102	EMI1102	413	413	identical	0
control	ISTDCC32	AOS24	EVT0108	EVT0108	1525	1525	identical	0
control	IGG0325Q	AOSD0	EDM1102	EDM1102	1021	1021	identical	0
control	ICKIO02	AOSU0	FDZ1610	FDZ1610	7009	7009	identical	0
control	IEDAYD	AOS21	UZ33654	UZ33654	510	510	identical	0
control	IEDQAG	AOS21	UZ32267	UZ32267	646	646	identical	0
control	IEAVEVRR	AOSC5	EBB1102	EBB1102	1013	1013	identical	0
control	BLSRADD2	AOS32	EIP1102	EIP1102	577	577	identical	0
control	IECBBFB1	AOSD0	EDM1102	EDM1102	421	421	identical	0
control	ISTESC01	AOS24	EVT0108	EVT0108	397	397	identical	0
control	IEBCOMPM	AOSU0	EUT1102	EUT1102	4269	4269	identical	0
control	ISTINCNS	AOS26	UZ35168	UZ35168	2005	2005	identical	0
control	IGG01922	AOSD8	EDM1102	EDM1102	1338	1338	identical	0
control	IECVXMGN	AOSC5	FBB1221	FBB1221	402	402	identical	0
control	IEAVNIPX	AOSC5	UZ56350	UZ56350	4730	4730	identical	0
control	BLSELPDR	AOS32	UZ90097	UZ90097	5246	5246	identical	0
control	BLSCADYN	AOS32	UZ90098	UZ90098	1714	1714	identical	0
control	IDCEV01	AOSU0	EMS1102	EMS1102	5029	5029	identical	0
control	ISTZKFCB	AOS24	EVT0108	EVT0108	437	437	identical	0
control	IEAVTLCL	AOSC5	UZ27080	UZ27080	3314	3314	identical	0
control	IKTEXIT	AOST3	UZ22286	UZ22286	1093	1093	identical	0
control	IEE2303D	AOSB3	EBB1102	EBB1102	1485	1485	identical	0
control	IEESB605	AOSB3	UZ25780	UZ25780	3166	3166	identical	0
control	BLSRADDR	AOS32	EIP1102	EIP1102	1241	1241	identical	0
control	IEHDREST	AOSU0	EDS1102	EDS1102	3330	3330	identical	0
control	IEEVSDIO	AOST4	UZ39679	UZ39679	2518	2518	identical	0
control	IFDOLTAB	AOS06	EBB1102	EBB1102	525	525	identical	0
control	ISTSDCLM	AOS26	UZ30047	UZ30047	909	909	identical	0
control	IEFSDTTE	AOSB0	UZ54391	UZ54391	2582	2582	identical	0
control	IGCM010D	AOS21	UZ27662	UZ27662	1390	1390	identical	0
control	IFCEARG2	AOSCD	EER1400	EER1400	1798	1798	identical	0
control	HMASMAR1	AOS12	UR04551	UR04551	5669	5669	identical	0
control	IGG0192Z	AOSD8	EDM1102	EDM1102	981	981	identical	0
control	ISTCC010	AOS26	EVT0108	EVT0108	1821	1821	identical	0
control	ISTZDFWB	AOS24	EVT0108	EVT0108	405	405	identical	0
control	IKJCT432	AOST4	UZ25767	UZ25767	9113	9113	identical	0
control	ISTSDCML	AOS26	UZ30441	UZ30441	1237	1237	identical	0
control	IEAVNIP0	AOSC5	UZ55453	UZ55453	17722	17722	date-only	6
control	XTB1KN1	AOSD0	EDM1102	EDM1102	621	621	identical	0
control	IECQBFG1	AOSD0	EDM1102	EDM1102	573	573	identical	0
control	ISTZIFJB	AOS24	EVT0108	EVT0108	493	493	identical	0
control	ISTZBFDI	AOS24	EVT0108	EVT0108	1673	1673	identical	0
control	BLSDFDSD	AOS32	EIP1102	EIP1102	1689	1689	identical	0
control	ILRSRT01	AOSC5	EBB1102	EBB1102	2657	2657	identical	0
control	IEDQNW	AOS21	ETC0108	ETC0108	541	541	identical	0
control	AHLWTASK	AOS11	UZ70539	UZ70539	3365	3365	identical	0
control	IEBTCR04	AOSU0	EMI1102	EMI1102	3285	3285	identical	0
control	IEDQAY	AOS21	ETC0108	ETC0108	1205	1205	identical	0
control	IEAVTRV	AOSC5	UZ31424	UZ31424	535	535	identical	0
control	ISTINCL8	AOS26	EVT0108	EVT0108	1061	1061	identical	0
control	IEAVCSEG	AOSC5	EBB1102	EBB1102	1437	1437	identical	0
control	HMASMBDL	AOS12	UR00400	UR00400	2434	2434	identical	0
control	XTB1GS12	AOSD0	EDM1102	EDM1102	621	621	identical	0
control	ISTINCX3	AOS26	EVT0108	EVT0108	2077	2077	identical	0
control	IDCRM01	AOSU0	UZ52407	UZ52407	28981	28981	identical	0
control	BNGIDISP	AOS29	UZ26764	UZ26764	10546	10546	identical	0
control	IEDSAO	AOS21	UZ30737	UZ30737	1221	1221	identical	0
control	IFCSI145	AOSCD	EER1400	EER1400	5914	5914	identical	0
control	BLST04CV	AOS32	EIP1102	EIP1102	993	993	identical	0
control	IDCCDDL	AOSU0	EDM1102	EDM1102	2178	2178	identical	0
control	ISTYTCM2	AOS24	EVT0108	EVT0108	2181	2181	identical	0
control	ISDALOG0	AOSD0	UZ25277	UZ25277	1498	1498	identical	0
control	HMASMDLE	AOS12	UR10931	UR10931	8337	8337	identical	0
control	IRARMIPS	AOSC5	FBB1221	FBB1221	16485	16485	identical	0
control	IGCI110D	AOS21	UZ27746	UZ27746	1150	1150	identical	0
control	ISTSQC03	AOS26	EVT0108	EVT0108	837	837	identical	0
control	ISTZBFMB	AOS26	EVT0108	EVT0108	897	897	identical	0
control	IEE90110	AOSB3	EBB1102	EBB1102	517	517	identical	0
