sysmod	tk5_applied	tk5_accepted	ce_applied	ce_accepted
RRKF001	1	1	0	0
RRKF002	1	1	0	0
RRKF003	1	1	0	0
RRKF004	1	1	0	0
RRKF005	1	1	0	0
RRKF006	1	1	0	0
RRKF007	1	0	0	0
RRKF008	1	0	0	0
RRKF009	1	0	0	0
UR13349	1	1	1	1
UR15994	1	1	1	1
UR17644	1	1	1	1
UR19590	1	1	1	1
USMP001	0	0	1	0
UY00293	1	1	0	0
UY00372	1	1	0	0
UY00729	1	1	0	0
UY00891	1	1	0	0
UY01018	1	1	0	0
UY01186	1	1	1	0
UY01301	1	1	1	0
UY01743	1	1	0	0
UY01975	1	1	0	0
UY02270	1	1	0	0
UY02271	1	1	0	0
UY02385	1	1	0	0
UY02859	1	1	1	0
UY02947	1	1	1	0
UY03022	1	1	0	0
UY03099	1	1	0	0
UY03106	1	1	0	0
UY03187	1	1	0	0
UY03283	1	1	0	0
UY03346	1	1	0	0
UY03471	1	1	0	0
UY04130	1	1	0	0
UY04882	1	1	0	0
UY05101	1	1	0	0
UY05119	1	1	0	0
UY05260	1	1	0	0
UY06583	1	1	0	0
UY06637	1	1	0	0
UY06697	1	1	0	0
UY07083	1	1	0	0
UY07104	1	1	1	0
UY07264	1	1	0	0
UY07656	1	1	0	0
UY07976	1	1	0	0
UY08308	1	1	0	0
UY08628	1	1	0	0
UY08801	1	1	0	0
UY08805	1	1	0	0
UY09172	1	1	0	0
UY09531	1	1	0	0
UY09721	1	1	0	0
UY09934	1	1	0	0
UY10582	1	1	0	0
UY10657	1	1	1	1
UY11554	1	1	0	0
UY11736	1	1	0	0
UY11778	1	1	0	0
UY11838	1	1	0	0
UY11943	1	1	0	0
UY12210	1	1	0	0
UY12602	1	1	0	0
UY12664	1	1	0	0
UY12811	1	1	0	0
UY13091	1	1	1	0
UY13425	1	1	0	0
UY13431	1	1	0	0
UY13810	1	1	1	0
UY14400	1	1	0	0
UY14769	1	1	0	0
UY15207	1	1	0	0
UY15787	1	1	0	0
UY16087	1	1	0	0
UY16532	1	1	1	0
UY17021	1	1	1	0
UY17414	1	1	0	0
UY17588	1	1	1	0
UY17760	1	1	0	0
UY20282	1	1	0	0
UY20289	1	1	0	0
UY20325	1	1	0	0
UY21852	1	1	0	0
UY22333	1	1	0	0
UY24918	1	1	0	0
UY25532	1	1	0	0
UY27599	1	1	0	0
UY28299	1	1	0	0
UY28452	1	1	0	0
UY29952	1	1	0	0
UY29953	1	1	1	0
UY30864	1	1	0	0
UY31192	1	1	0	0
UY31727	1	1	0	0
UY31757	1	1	0	0
UY32723	1	1	0	0
UY32725	1	1	0	0
UY33436	1	1	0	0
UY34388	1	1	0	0
UY35469	1	1	0	0
UY37061	1	1	0	0
UY38165	1	1	0	0
UY38623	1	1	0	0
UY39539	1	1	0	0
UY39686	1	1	0	0
UY40025	1	1	0	0
UY43678	1	1	0	0
UY43689	1	1	0	0
UY47701	1	1	0	0
UY49149	1	1	0	0
UY55885	1	1	0	0
UY61527	1	1	0	0
UY65386	1	1	0	0
UY74903	1	1	0	0
UY76392	1	1	0	0
UY76720	1	1	0	0
UY77102	1	1	0	0
UY77697	1	1	0	0
UY78248	1	1	0	0
UY85819	1	1	0	0
UY86189	1	1	0	0
UZ38207	1	1	0	0
UZ38213	1	1	0	0
UZ38262	1	1	0	0
UZ38302	1	1	0	0
UZ38355	1	1	0	0
UZ38392	1	1	0	0
UZ38393	1	1	0	0
UZ38395	1	1	0	0
UZ38421	1	1	0	0
UZ38478	1	1	0	0
UZ38523	1	1	0	0
UZ38699	1	1	0	0
UZ38763	1	1	0	0
UZ38803	1	1	0	0
UZ38810	1	1	0	0
UZ38932	1	1	0	0
UZ38989	1	1	0	0
UZ38998	1	1	0	0
UZ39009	1	1	0	0
UZ39057	1	1	0	0
UZ39100	1	1	0	0
UZ39136	1	1	0	0
UZ39347	1	1	0	0
UZ39442	1	1	0	0
UZ39584	1	1	0	0
UZ39631	1	1	0	0
UZ39662	1	1	0	0
UZ39935	1	1	0	0
UZ40024	1	1	0	0
UZ40222	1	1	0	0
UZ40304	1	1	0	0
UZ40444	1	1	0	0
UZ40565	1	1	0	0
UZ40804	1	1	0	0
UZ40855	1	1	0	0
UZ41208	1	1	0	0
UZ41209	1	1	0	0
UZ41342	1	1	0	0
UZ41374	1	1	0	0
UZ41399	1	1	0	0
UZ41437	1	1	0	0
UZ41573	1	1	0	0
UZ41707	1	1	0	0
UZ41714	1	1	0	0
UZ41764	1	1	0	0
UZ42140	1	1	0	0
UZ42622	1	1	1	0
UZ42627	1	1	0	0
UZ42656	1	1	0	0
UZ42671	1	1	0	0
UZ42826	1	1	0	0
UZ42856	1	1	0	0
UZ42857	1	1	0	0
UZ42921	1	1	0	0
UZ43063	1	1	0	0
UZ43283	1	1	0	0
UZ44086	1	1	0	0
UZ44111	1	1	0	0
UZ44133	1	1	0	0
UZ44177	1	1	1	0
UZ44184	1	1	0	0
UZ44270	1	1	0	0
UZ44378	1	1	0	0
UZ44479	1	1	0	0
UZ44548	1	1	0	0
UZ44753	1	1	1	0
UZ44846	1	1	0	0
UZ45029	1	1	0	0
UZ45157	1	1	1	0
UZ45158	1	1	1	0
UZ45173	1	1	0	0
UZ45189	1	1	0	0
UZ45363	1	1	0	0
UZ45387	1	1	0	0
UZ45726	1	1	0	0
UZ45794	1	1	1	1
UZ45903	1	1	0	0
UZ46135	1	1	0	0
UZ46193	1	1	0	0
UZ46194	1	1	0	0
UZ46415	1	1	0	0
UZ47024	1	1	0	0
UZ47187	1	1	0	0
UZ47243	1	1	0	0
UZ47247	1	1	0	0
UZ47249	1	1	0	0
UZ47317	1	1	0	0
UZ47349	1	1	0	0
UZ47406	1	1	0	0
UZ47438	1	1	0	0
UZ47545	1	1	0	0
UZ47564	1	1	0	0
UZ47575	1	1	1	0
UZ47740	1	1	0	0
UZ47741	1	1	0	0
UZ47795	1	1	0	0
UZ47871	1	1	1	0
UZ48270	1	1	0	0
UZ48373	1	1	1	0
UZ48384	1	1	1	0
UZ48441	1	1	0	0
UZ48456	1	1	0	0
UZ48523	1	1	0	0
UZ48524	1	1	0	0
UZ48744	1	1	1	0
UZ48765	1	1	1	0
UZ48810	1	1	0	0
UZ48820	1	1	0	0
UZ48970	1	1	0	0
UZ49382	1	1	0	0
UZ49510	1	1	0	0
UZ49895	1	1	0	0
UZ49959	1	1	0	0
UZ49996	1	1	0	0
UZ50033	1	1	0	0
UZ50178	1	1	0	0
UZ50248	1	1	0	0
UZ50293	1	1	0	0
UZ50509	1	1	0	0
UZ50553	1	1	1	1
UZ50839	1	1	0	0
UZ51149	1	1	0	0
UZ51239	1	1	0	0
UZ51345	1	1	0	0
UZ51349	1	1	0	0
UZ51405	1	1	0	0
UZ52227	1	1	1	1
UZ54567	1	1	0	0
UZ54894	1	1	0	0
UZ55093	1	1	1	1
UZ55453	1	1	1	1
UZ56324	1	1	0	0
UZ56445	1	1	1	0
UZ56759	1	1	1	0
UZ57182	1	1	0	0
UZ57201	1	1	0	0
UZ57269	1	1	0	0
UZ57298	1	1	0	0
UZ57355	1	1	0	0
UZ57385	1	1	1	0
UZ57498	1	1	1	1
UZ57526	1	1	0	0
UZ57742	1	1	0	0
UZ57911	1	1	1	0
UZ57919	1	1	1	0
UZ57920	1	1	0	0
UZ57928	1	1	0	0
UZ57937	1	1	0	0
UZ57960	1	1	0	0
UZ57962	1	1	0	0
UZ58102	1	1	0	0
UZ58146	1	1	0	0
UZ58204	1	1	0	0
UZ58220	1	1	1	1
UZ58252	1	1	0	0
UZ58273	1	1	0	0
UZ58280	1	1	0	0
UZ58305	1	1	0	0
UZ58330	1	1	0	0
UZ58382	1	1	0	0
UZ58427	1	1	0	0
UZ58603	1	1	1	1
UZ58634	1	1	0	0
UZ58751	1	1	0	0
UZ58773	1	1	0	0
UZ58823	1	1	0	0
UZ58904	1	1	0	0
UZ58916	1	1	0	0
UZ58963	1	1	0	0
UZ59019	1	1	0	0
UZ59042	1	1	0	0
UZ59072	1	1	1	1
UZ59217	1	1	0	0
UZ59271	1	1	0	0
UZ59273	1	1	0	0
UZ59296	1	1	0	0
UZ59300	1	1	0	0
UZ59303	1	1	0	0
UZ59466	1	1	0	0
UZ59511	1	1	0	0
UZ59560	1	1	0	0
UZ59565	1	1	0	0
UZ59657	1	1	0	0
UZ59749	1	1	0	0
UZ59848	1	1	0	0
UZ59885	1	1	1	1
UZ59911	1	1	0	0
UZ59949	1	1	0	0
UZ59987	1	1	0	0
UZ59997	1	1	0	0
UZ60057	1	1	1	1
UZ60067	1	1	0	0
UZ60082	1	1	0	0
UZ60083	1	1	0	0
UZ60117	1	1	0	0
UZ60166	1	1	0	0
UZ60241	1	1	0	0
UZ60302	1	1	1	1
UZ60327	1	1	0	0
UZ60341	1	1	1	1
UZ60375	1	1	1	0
UZ60424	1	1	0	0
UZ60488	1	1	0	0
UZ60516	1	1	0	0
UZ60529	1	1	0	0
UZ60593	1	1	0	0
UZ60594	1	1	0	0
UZ60687	1	1	0	0
UZ60767	1	1	0	0
UZ60842	1	1	0	0
UZ60863	1	1	0	0
UZ60943	1	1	0	0
UZ60947	1	1	0	0
UZ60962	1	1	0	0
UZ61025	0	0	1	1
UZ61148	1	1	1	1
UZ61200	1	1	1	1
UZ61253	1	1	0	0
UZ61261	1	1	0	0
UZ61317	1	1	0	0
UZ61346	1	1	1	0
UZ61349	1	1	1	0
UZ61367	1	1	1	0
UZ61374	1	1	0	0
UZ61376	1	1	0	0
UZ61605	1	1	0	0
UZ61637	1	1	0	0
UZ61700	1	1	0	0
UZ61706	1	1	0	0
UZ61713	1	1	0	0
UZ61726	1	1	0	0
UZ61769	1	1	0	0
UZ61819	1	1	1	1
UZ61840	1	1	0	0
UZ61860	1	1	0	0
UZ61918	1	1	1	1
UZ62024	1	1	0	0
UZ62088	1	1	1	0
UZ62117	1	1	0	0
UZ62122	1	1	0	0
UZ62155	1	1	0	0
UZ62171	1	1	0	0
UZ62193	1	1	0	0
UZ62340	1	1	0	0
UZ62424	1	1	0	0
UZ62510	1	1	0	0
UZ62515	1	1	0	0
UZ62586	1	1	0	0
UZ62603	1	1	0	0
UZ62613	1	1	0	0
UZ62743	1	1	0	0
UZ62779	1	1	0	0
UZ62873	1	1	1	1
UZ63029	1	1	0	0
UZ63061	1	1	0	0
UZ63089	1	1	0	0
UZ63343	1	1	0	0
UZ63374	1	1	1	0
UZ63409	1	1	0	0
UZ63439	1	1	0	0
UZ63538	1	1	0	0
UZ63628	1	1	0	0
UZ63726	1	1	0	0
UZ63727	1	1	0	0
UZ63830	1	1	0	0
UZ63846	1	1	0	0
UZ63912	1	1	0	0
UZ64025	1	1	0	0
UZ64107	1	1	0	0
UZ64174	1	1	0	0
UZ64191	1	1	0	0
UZ64205	1	1	0	0
UZ64216	1	1	1	1
UZ64281	1	1	0	0
UZ64292	1	1	0	0
UZ64372	1	1	0	0
UZ64384	1	1	0	0
UZ64403	1	1	0	0
UZ64419	1	1	1	1
UZ64496	1	1	0	0
UZ64583	1	1	0	0
UZ64586	1	1	0	0
UZ64650	1	1	0	0
UZ65007	1	1	0	0
UZ65038	1	1	0	0
UZ65154	1	1	0	0
UZ65177	1	1	0	0
UZ65257	1	1	0	0
UZ65280	1	1	0	0
UZ65512	1	1	0	0
UZ65546	1	1	0	0
UZ65613	1	1	0	0
UZ65643	1	1	0	0
UZ65649	1	1	0	0
UZ65674	1	1	0	0
UZ65704	1	1	0	0
UZ65742	1	1	1	0
UZ65749	1	1	0	0
UZ65843	1	1	0	0
UZ65850	1	1	0	0
UZ65904	1	1	0	0
UZ65945	1	1	0	0
UZ66006	1	1	0	0
UZ66158	1	1	0	0
UZ66313	1	1	0	0
UZ66340	1	1	0	0
UZ66341	1	1	0	0
UZ66353	1	1	0	0
UZ66364	1	1	0	0
UZ66375	1	1	0	0
UZ66379	1	1	0	0
UZ66629	1	1	0	0
UZ66648	1	1	0	0
UZ66662	1	1	0	0
UZ66691	1	1	0	0
UZ66702	1	1	0	0
UZ66717	1	1	0	0
UZ66724	1	1	0	0
UZ66774	1	1	0	0
UZ66793	1	1	0	0
UZ66795	1	1	0	0
UZ66928	1	1	0	0
UZ66932	1	1	0	0
UZ67029	1	1	0	0
UZ67083	1	1	0	0
UZ67122	1	1	1	0
UZ67138	1	1	0	0
UZ67148	1	1	0	0
UZ67182	1	1	1	1
UZ67190	1	1	0	0
UZ67200	1	1	0	0
UZ67247	1	1	0	0
UZ67298	1	1	0	0
UZ67316	1	1	1	1
UZ67354	1	1	0	0
UZ67391	1	1	1	1
UZ67485	1	1	1	1
UZ67500	1	1	0	0
UZ67535	1	1	0	0
UZ67537	1	1	0	0
UZ67573	1	1	0	0
UZ67577	1	1	0	0
UZ67660	1	1	0	0
UZ67723	1	1	0	0
UZ67761	1	1	0	0
UZ67828	1	1	0	0
UZ67858	1	1	0	0
UZ67885	1	1	0	0
UZ67976	1	1	0	0
UZ68026	1	1	0	0
UZ68081	1	1	0	0
UZ68184	1	1	0	0
UZ68196	1	1	1	0
UZ68250	1	1	0	0
UZ68267	1	1	0	0
UZ68412	1	1	0	0
UZ68416	1	1	0	0
UZ68472	1	1	0	0
UZ68505	1	1	0	0
UZ68537	1	1	1	0
UZ68578	1	1	0	0
UZ68676	1	1	0	0
UZ68680	1	1	0	0
UZ68682	1	1	0	0
UZ68686	1	1	0	0
UZ68825	1	1	1	1
UZ68843	1	1	0	0
UZ68844	1	1	0	0
UZ68852	1	1	0	0
UZ68854	1	1	0	0
UZ68882	1	1	1	0
UZ68884	1	1	0	0
UZ68986	1	1	0	0
UZ69011	1	1	0	0
UZ69130	1	1	0	0
UZ69168	1	1	1	1
UZ69239	1	1	0	0
UZ69289	1	1	0	0
UZ69350	1	1	0	0
UZ69351	1	1	0	0
UZ69419	1	1	0	0
UZ69430	1	1	0	0
UZ69525	1	1	0	0
UZ69576	1	1	0	0
UZ69605	1	1	0	0
UZ69609	1	1	0	0
UZ69699	1	1	0	0
UZ69705	1	1	0	0
UZ69717	1	1	1	0
UZ69799	1	1	0	0
UZ69948	1	1	0	0
UZ70047	1	1	0	0
UZ70136	1	1	0	0
UZ70140	1	1	0	0
UZ70162	1	1	0	0
UZ70163	1	1	0	0
UZ70235	1	1	0	0
UZ70257	1	1	0	0
UZ70337	1	1	0	0
UZ70696	1	1	0	0
UZ70771	1	1	0	0
UZ70803	1	1	0	0
UZ70880	1	1	0	0
UZ70928	1	1	0	0
UZ70957	1	1	0	0
UZ71035	1	1	0	0
UZ71054	1	1	1	0
UZ71064	1	1	0	0
UZ71105	1	1	0	0
UZ71195	1	1	0	0
UZ71281	1	1	0	0
UZ71294	1	1	1	1
UZ71324	1	1	0	0
UZ71340	1	1	0	0
UZ71348	1	1	0	0
UZ71390	1	1	0	0
UZ71437	1	1	1	0
UZ71478	1	1	0	0
UZ71482	1	1	0	0
UZ71526	1	1	0	0
UZ71546	1	1	0	0
UZ71562	1	1	0	0
UZ71565	1	1	0	0
UZ71613	1	1	1	1
UZ71624	1	1	0	0
UZ71628	1	1	0	0
UZ71633	1	1	0	0
UZ71727	1	1	0	0
UZ71742	1	1	0	0
UZ71843	1	1	0	0
UZ71903	1	1	1	1
UZ71929	1	1	0	0
UZ72061	1	1	0	0
UZ72069	1	1	0	0
UZ72085	1	1	0	0
UZ72087	1	1	0	0
UZ72110	1	1	0	0
UZ72152	1	1	1	1
UZ72207	1	1	0	0
UZ72327	1	1	0	0
UZ72363	1	1	0	0
UZ72372	1	1	0	0
UZ72378	1	1	0	0
UZ72384	1	1	1	1
UZ72403	1	1	0	0
UZ72443	1	1	0	0
UZ72454	1	1	0	0
UZ72464	1	1	0	0
UZ72535	1	1	0	0
UZ72602	1	1	0	0
UZ72608	1	1	1	1
UZ72651	1	1	0	0
UZ72677	1	1	0	0
UZ72719	1	1	0	0
UZ72771	1	1	0	0
UZ72791	1	1	0	0
UZ72803	1	1	0	0
UZ72844	1	1	0	0
UZ72895	1	1	0	0
UZ72965	1	1	0	0
UZ72975	1	1	0	0
UZ73075	1	1	0	0
UZ73093	1	1	0	0
UZ73117	1	1	0	0
UZ73141	1	1	0	0
UZ73172	1	1	0	0
UZ73250	1	1	0	0
UZ73396	1	1	0	0
UZ73436	1	1	0	0
UZ73463	1	1	0	0
UZ73480	1	1	0	0
UZ73568	1	1	0	0
UZ73741	1	1	0	0
UZ73839	1	1	0	0
UZ73847	1	1	0	0
UZ73857	1	1	0	0
UZ73978	1	1	0	0
UZ74083	1	1	0	0
UZ74098	1	1	0	0
UZ74248	1	1	0	0
UZ74292	1	1	0	0
UZ74312	1	1	0	0
UZ74329	1	1	0	0
UZ74335	1	1	0	0
UZ74336	1	1	0	0
UZ74408	1	1	0	0
UZ74418	1	1	0	0
UZ74453	1	1	0	0
UZ74456	1	1	0	0
UZ74474	1	1	0	0
UZ74545	1	1	0	0
UZ74634	1	1	0	0
UZ74789	1	1	0	0
UZ74799	1	1	0	0
UZ74831	1	1	0	0
UZ74841	1	1	0	0
UZ74897	1	1	0	0
UZ74973	1	1	0	0
UZ74989	1	1	0	0
UZ75050	1	1	0	0
UZ75099	1	1	0	0
UZ75241	1	1	0	0
UZ75301	1	1	0	0
UZ75384	1	1	0	0
UZ75395	1	1	0	0
UZ75398	1	1	1	0
UZ75618	1	1	0	0
UZ75642	1	1	0	0
UZ75804	1	1	0	0
UZ75999	1	1	0	0
UZ76001	1	1	0	0
UZ76063	1	1	0	0
UZ76065	1	1	0	0
UZ76141	1	1	0	0
UZ76156	1	1	0	0
UZ76165	1	1	1	0
UZ76220	1	1	0	0
UZ76247	1	1	0	0
UZ76315	1	1	0	0
UZ76429	1	1	0	0
UZ76507	1	1	0	0
UZ76579	1	1	0	0
UZ76648	1	1	0	0
UZ77164	1	1	1	0
UZ77281	1	1	0	0
UZ77326	1	1	0	0
UZ77448	1	1	0	0
UZ77472	1	1	0	0
UZ77518	1	1	0	0
UZ77545	1	1	0	0
UZ77659	1	1	0	0
UZ77689	1	1	0	0
UZ77738	1	1	0	0
UZ77744	1	1	0	0
UZ77778	1	1	0	0
UZ77806	1	1	0	0
UZ78161	1	1	0	0
UZ78177	1	1	0	0
UZ78191	1	1	0	0
UZ78286	1	1	0	0
UZ78287	1	1	0	0
UZ78302	1	1	0	0
UZ78320	1	1	0	0
UZ78474	1	1	0	0
UZ78519	1	1	0	0
UZ78728	1	1	0	0
UZ78992	1	1	0	0
UZ79012	1	1	1	1
UZ79073	1	1	0	0
UZ79124	1	1	0	0
UZ79340	1	1	0	0
UZ79442	1	1	0	0
UZ79449	1	1	0	0
UZ79497	1	1	0	0
UZ79531	1	1	1	0
UZ79831	1	1	0	0
UZ79837	1	1	0	0
UZ79918	1	1	0	0
UZ79993	1	1	0	0
UZ80273	1	1	0	0
UZ80304	1	1	0	0
UZ80701	1	1	0	0
UZ80992	1	1	0	0
UZ81089	1	1	0	0
UZ81148	1	1	0	0
UZ81213	1	1	0	0
UZ81247	1	1	0	0
UZ81419	1	1	0	0
UZ81433	1	1	0	0
UZ81940	1	1	0	0
UZ82014	1	1	1	0
UZ82327	1	1	0	0
UZ82941	1	1	1	0
UZ83118	1	1	0	0
UZ83139	1	1	0	0
UZ83396	1	1	1	0
UZ83530	1	1	1	0
UZ83913	1	1	0	0
UZ84183	1	1	0	0
UZ84209	1	1	0	0
UZ84276	1	1	0	0
UZ84329	1	1	0	0
UZ84429	1	1	0	0
UZ84430	1	1	0	0
UZ84450	1	1	0	0
UZ84553	1	1	0	0
UZ84624	1	1	0	0
UZ84866	1	1	0	0
UZ90202	1	1	0	0
UZ90251	1	1	0	0
UZ90390	1	1	0	0
