ptf	component	fmid	tk5_applied	tk5_accepted	on_ce	n_modules	modules
RRKF001	RAKF — RACF-compatible security (v1.2.0)	TRKF120	yes	yes	no	0	
RRKF002	RAKF — RACF-compatible security (v1.2.0)	TRKF120	yes	yes	no	0	
RRKF003	RAKF — RACF-compatible security (v1.2.0)	TRKF120	yes	yes	no	0	
RRKF004	RAKF — RACF-compatible security (v1.2.0)	TRKF120	yes	yes	no	0	
RRKF005	RAKF — RACF-compatible security (v1.2.0)	TRKF120	yes	yes	no	0	
RRKF006	RAKF — RACF-compatible security (v1.2.0)	TRKF120	yes	yes	no	0	
RRKF007	RAKF — RACF-compatible security (v1.2.0)	TRKF120	yes	no	no	0	
RRKF008	RAKF — RACF-compatible security (v1.2.0)	TRKF120	yes	no	no	0	
RRKF009	RAKF — RACF-compatible security (v1.2.0)	TRKF120	yes	no	no	0	
UR13349	SMP — System Modification Program (SMP4)	ESY1400	yes	yes	yes	3	HMASMBUR HMASMTM4 HMASMTMD
UR15994	SMP — System Modification Program (SMP4)	ESY1400	yes	yes	yes	1	HMASMTMS
UR17644	SMP — System Modification Program (SMP4)	ESY1400	yes	yes	yes	2	HMASMCPL HMASMREC
UR19590	SMP — System Modification Program (SMP4)	ESY1400	yes	yes	yes	3	HMASMDC2 HMASMSUP HMASMTPA
UY00293	BTAM — Basic Telecommunications Access Method	EBT1102	yes	yes	no	1	IGE0904C
UY00372	XWTR — External Writer	EXW1102	yes	yes	no	1	IASXSD81
UY00729	MSS — Mass Storage System	EMS1102	yes	yes	no	1	ICBVCR00
UY00891	BTAM — Basic Telecommunications Access Method	EBT1102	yes	yes	no	1	IGG019PH
UY01018	DSF — Device Support Facility (ICKDSF)	FDZ1610	yes	yes	no	1	ICKBI01
UY01186	Base Control Program (BCP)	EBB1102	yes	yes	yes	0	
UY01301	Base Control Program (BCP)	EBB1102	yes	yes	yes	0	
UY01743	Base Control Program (BCP)	EBB1102	yes	yes	no	1	IKJEFT80
UY01975	MSS — Mass Storage System	EMS1102	yes	yes	no	12	ICBVMG00 ICBVMT00 ICBVSL00 ICBVUT00 ICBVUT01 IDCCDLD IDCCDSD IDCLD01 IDCSA07 IDCSD01 IDCTSLD0 IDCTSLV0
UY02270	Base Control Program (BCP)	EBB1102	yes	yes	no	1	IEFSD101
UY02271	Data Management	EDM1102	yes	yes	no	1	IGG019KU
UY02385	Utilities	EUT1102	yes	yes	no	1	IEBVTM
UY02859	Base Control Program (BCP)	EBB1102	yes	yes	yes	1	IEFJSDTN
UY02947	Base Control Program (BCP)	EBB1102	yes	yes	yes	1	IKJEFT05
UY03022	Data Management	EDM1102	yes	yes	no	1	IFG0232G
UY03099	Base Control Program (BCP)	EBB1102	yes	yes	no	1	IGC0006A
UY03106	Base Control Program (BCP)	EBB1102	yes	yes	no	0	
UY03187	System Support	EST1102	yes	yes	no	0	
UY03283	MSS — Mass Storage System	EMS1102	yes	yes	no	1	ICBVDR01
UY03346	Base Control Program (BCP)	EBB1102	yes	yes	no	1	IKJEBEIS
UY03471	Data Management	EDM1102	yes	yes	no	0	
UY04130	Base Control Program (BCP)	EBB1102	yes	yes	no	3	IKJEFE11 IKJEFE15 IKJEFE16
UY04882	Data Management	EDM1102	yes	yes	no	1	IDA0192Z
UY05101	BTAM — Basic Telecommunications Access Method	EBT1102	yes	yes	no	1	IGG019MC
UY05119	MSS — Mass Storage System	EMS1102	yes	yes	no	0	
UY05260	GAM/GPS — Graphic Access Method / Graphic Program Service	EGA1102	yes	yes	no	1	IGG0193Y
UY06583	Base Control Program (BCP)	EBB1102	yes	yes	no	1	IKJEGQFY
UY06637	MSS — Mass Storage System	EMS1102	yes	yes	no	1	IGC0012F
UY06697	3800 Enhancements — Data Management	FDM1133	yes	yes	no	0	
UY07083	Data Management	EDM1102	yes	yes	no	1	IFG0196N
UY07104	Base Control Program (BCP)	EBB1102	yes	yes	yes	3	IKJEFLB IKJEFLJ IKJEFLK
UY07264	Base Control Program (BCP)	EBB1102	yes	yes	no	1	IKJEGCVT
UY07656	Base Control Program (BCP)	EBB1102	yes	yes	no	1	IKJCB831
UY07976	Base Control Program (BCP)	EBB1102	yes	yes	no	1	IKJEFF04
UY08308	Base Control Program (BCP)	EBB1102	yes	yes	no	1	IKJEFD20
UY08628	Base Control Program (BCP)	EBB1102	yes	yes	no	1	IKJEGIO
UY08801	Base Control Program (BCP)	EBB1102	yes	yes	no	1	IKJEFA55
UY08805	Base Control Program (BCP)	EBB1102	yes	yes	no	1	IKJEGWHR
UY09172	Base Control Program (BCP)	EBB1102	yes	yes	no	1	IKJEFT03
UY09531	Base Control Program (BCP)	EBB1102	yes	yes	no	2	IECVEXCP IECVEXPR
UY09721	Base Control Program (BCP)	EBB1102	yes	yes	no	1	IEFNB901
UY09934	MSS — Mass Storage System	EMS1102	yes	yes	no	1	IDCLV01
UY10582	Data Management	EDM1102	yes	yes	no	1	IDA019RP
UY10657	MVS Processor Support 2	FBB1221	yes	yes	yes	1	IECVTCCW
UY11554	BTAM — Basic Telecommunications Access Method	EBT1102	yes	yes	no	3	IGG0193M IGG0193S IGG0194Q
UY11736	MICR/OCR	EMI1102	yes	yes	no	1	IOEDKRDR
UY11778	Base Control Program (BCP)	EBB1102	yes	yes	no	1	IKJEFF18
UY11838	Base Control Program (BCP)	EBB1102	yes	yes	no	0	
UY11943	Base Control Program (BCP)	EBB1102	yes	yes	no	1	IEEMB806
UY12210	Base Control Program (BCP)	EBB1102	yes	yes	no	1	IKJEBEAE
UY12602	XWTR — External Writer	EXW1102	yes	yes	no	2	IASFCB26 IASFCB28
UY12664	MSS — Mass Storage System	EMS1102	yes	yes	no	2	IDCCDMV IDCMV01
UY12811	Base Control Program (BCP)	EBB1102	yes	yes	no	1	IKJEBERU
UY13091	Base Control Program (BCP)	EBB1102	yes	yes	yes	1	IKJEFT30
UY13425	Base Control Program (BCP)	EBB1102	yes	yes	no	1	IKJEFF09
UY13431	Base Control Program (BCP)	EBB1102	yes	yes	no	1	IKJEFT01
UY13810	Base Control Program (BCP)	EBB1102	yes	yes	yes	1	IGC0203E
UY14400	Base Control Program (BCP)	EBB1102	yes	yes	no	1	AHLWWRIT
UY14769	Base Control Program (BCP)	EBB1102	yes	yes	no	2	IKJEFP10 IKJEFP20
UY15207	BTAM — Basic Telecommunications Access Method	EBT1102	yes	yes	no	1	IGE0004D
UY15787	BTAM — Basic Telecommunications Access Method	EBT1102	yes	yes	no	14	IGC0706F IGC0806F IGC0D06F IGC0E06F IGC0F06F IGC1006F IGC1106F IGC1306F IGC1406F IGG019MA IGG019MR IGG019PG IGG019PI IGG019PK
UY16087	MSS — Mass Storage System	EMS1102	yes	yes	no	1	IDCSA09
UY16532	Base Control Program (BCP)	EBB1102	yes	yes	yes	2	IKJCT430 IKJCT431
UY17021	Base Control Program (BCP)	EBB1102	yes	yes	yes	3	IKJCT433 IKJCT436 IKJEFT35
UY17414	Base Control Program (BCP)	EBB1102	yes	yes	no	1	IFDOLT99
UY17588	Base Control Program (BCP)	EBB1102	yes	yes	yes	9	IKJEFLA IKJEFLG IKJEFLGB IKJEFLGH IKJEFLGM IKJEFLI IKJEFLL IKJEFLPA IKJEFLS
UY17760	Base Control Program (BCP)	EBB1102	yes	yes	no	1	IKJEFP00
UY20282	Base Control Program (BCP)	EBB1102	yes	yes	no	1	IKJEFH01
UY20289	MSS — Mass Storage System	EMS1102	yes	yes	no	1	ICBVPR00
UY20325	XWTR — External Writer	EXW1102	yes	yes	no	1	IASXWR00
UY21852	XWTR — External Writer	EXW1102	yes	yes	no	1	IASXSD82
UY22333	Base Control Program (BCP)	EBB1102	yes	yes	no	2	IKJEFF03 IKJEFF05
UY24918	MVS Processor Support 2	FBB1221	yes	yes	no	1	IEFXB609
UY25532	Base Control Program (BCP)	EBB1102	yes	yes	no	0	
UY27599	Base Control Program (BCP)	EBB1102	yes	yes	no	1	IEFJWTOM
UY28299	Base Control Program (BCP)	EBB1102	yes	yes	no	1	IEFVFB
UY28452	MSS — Mass Storage System	EMS1102	yes	yes	no	1	IDCRD03
UY29952	Base Control Program (BCP)	EBB1102	yes	yes	no	3	IGC0009G IKJEGLDF IKJEGMNL
UY29953	Base Control Program (BCP)	EBB1102	yes	yes	yes	1	IKJEGLSA
UY30864	Base Control Program (BCP)	EBB1102	yes	yes	no	1	IKJEFT02
UY31192	Base Control Program (BCP)	EBB1102	yes	yes	no	1	IEFRPREP
UY31727	Base Control Program (BCP)	EBB1102	yes	yes	no	1	IEFAB426
UY31757	TIOC — Terminal I/O Controller	ETI1106	yes	yes	no	1	IEDAY8
UY32723	Base Control Program (BCP)	EBB1102	yes	yes	no	1	IEEMB803
UY32725	Base Control Program (BCP)	EBB1102	yes	yes	no	1	IEFAB452
UY33436	MICR/OCR	EMI1102	yes	yes	no	1	IOEDKOPN
UY34388	Base Control Program (BCP)	EBB1102	yes	yes	no	0	
UY35469	Base Control Program (BCP)	EBB1102	yes	yes	no	1	IEAVAD11
UY37061	Base Control Program (BCP)	EBB1102	yes	yes	no	1	IGE0010E
UY38165	MSS — Mass Storage System	EMS1102	yes	yes	no	1	ICBVTP00
UY38623	Base Control Program (BCP)	EBB1102	yes	yes	no	1	IKJEGLST
UY39539	Base Control Program (BCP)	EBB1102	yes	yes	no	1	IKJEFLE
UY39686	MSS — Mass Storage System	EMS1102	yes	yes	no	1	ISDASDA0
UY40025	Base Control Program (BCP)	EBB1102	yes	yes	no	1	IEAVAR05
UY43678	Base Control Program (BCP)	EBB1102	yes	yes	no	1	IKJEFTSC
UY43689	Base Control Program (BCP)	EBB1102	yes	yes	no	1	IKJEFT55
UY47701	Base Control Program (BCP)	EBB1102	yes	yes	no	1	AMDPRGET
UY49149	MICR/OCR	EMI1102	yes	yes	no	1	IOEDKWTR
UY55885	MICR/OCR	EMI1102	yes	yes	no	1	IGE0001F
UY61527	BTAM — Basic Telecommunications Access Method	EBT1102	yes	yes	no	1	IGE0704C
UY65386	BTAM — Basic Telecommunications Access Method	EBT1102	yes	yes	no	0	
UY74903	BTAM — Basic Telecommunications Access Method	EBT1102	yes	yes	no	1	IECTLOPN
UY76392	BTAM — Basic Telecommunications Access Method	EBT1102	yes	yes	no	1	IECTATEN
UY76720	BTAM — Basic Telecommunications Access Method	EBT1102	yes	yes	no	6	IGE0204A IGE0404C IGE0604C IGG0193Q IGG0194P IGG0203M
UY77102	XF Assembler (Assembler F)	EAS1102	yes	yes	no	1	IFNX2A
UY77697	BTAM — Basic Telecommunications Access Method	EBT1102	yes	yes	no	1	IGE0504C
UY78248	BTAM — Basic Telecommunications Access Method	EBT1102	yes	yes	no	1	IGG0194N
UY85819	BTAM — Basic Telecommunications Access Method	EBT1102	yes	yes	no	1	IGG019UP
UY86189	BTAM — Basic Telecommunications Access Method	EBT1102	yes	yes	no	1	IGG019MB
UZ38207	Data Management	EDM1102	yes	yes	no	1	IGG0199F
UZ38213	Data Management	EDM1102	yes	yes	no	1	IDA019R2
UZ38262	Utilities	EUT1102	yes	yes	no	9	IEBISAM IEBISC IEBISF IEBISL IEBISMES IEBISPL IEBISSI IEBISSO IEBISU
UZ38302	Utilities	EUT1102	yes	yes	no	1	IEHPROG2
UZ38355	MSS — Mass Storage System	EMS1102	yes	yes	no	1	ICBVIN00
UZ38392	MSS — Mass Storage System	EMS1102	yes	yes	no	1	ICBVTP01
UZ38393	MSS — Mass Storage System	EMS1102	yes	yes	no	1	IDCVS01
UZ38395	MSS — Mass Storage System	EMS1102	yes	yes	no	1	ICGDSS09
UZ38421	Data Management	EDM1102	yes	yes	no	1	IFG0200N
UZ38478	Data Management	EDM1102	yes	yes	no	1	IGC0002B
UZ38523	MSS — Mass Storage System	EMS1102	yes	yes	no	1	ICB2MSG
UZ38699	Data Management	EDM1102	yes	yes	no	1	IDA019R1
UZ38763	BTAM — Basic Telecommunications Access Method	EBT1102	yes	yes	no	0	
UZ38803	Data Management	EDM1102	yes	yes	no	1	IDCDE02
UZ38810	Data Management	EDM1102	yes	yes	no	0	
UZ38932	MSS — Mass Storage System	EMS1102	yes	yes	no	2	IDCRD06 IDCTSRD0
UZ38989	Data Management	EDM1102	yes	yes	no	1	IGG019AH
UZ38998	System Support	EST1102	yes	yes	no	2	IKJEHAL1 IKJEHPRO
UZ39009	Data Management	EDM1102	yes	yes	no	1	IDA0231T
UZ39057	MVS Processor Support 2	FBB1221	yes	yes	no	1	IFBOBR00
UZ39100	Data Management	EDM1102	yes	yes	no	1	IGC018
UZ39136	MSS — Mass Storage System	EMS1102	yes	yes	no	0	
UZ39347	MSS — Mass Storage System	EMS1102	yes	yes	no	1	ICBMSG05
UZ39442	MSS — Mass Storage System	EMS1102	yes	yes	no	1	ISDAAPR1
UZ39584	MSS — Mass Storage System	EMS1102	yes	yes	no	0	
UZ39631	MSS — Mass Storage System	EMS1102	yes	yes	no	0	
UZ39662	Data Management	EDM1102	yes	yes	no	0	
UZ39935	MSS — Mass Storage System	EMS1102	yes	yes	no	1	ICBVSC00
UZ40024	Data Management	EDM1102	yes	yes	no	1	IDA0200T
UZ40222	System Support	EST1102	yes	yes	no	0	
UZ40304	MSS — Mass Storage System	EMS1102	yes	yes	no	2	IDCCDMG IDCMG01
UZ40444	BTAM — Basic Telecommunications Access Method	EBT1102	yes	yes	no	0	
UZ40565	Data Management	EDM1102	yes	yes	no	1	IDA0A05B
UZ40804	BTAM — Basic Telecommunications Access Method	EBT1102	yes	yes	no	5	IGE0004C IGE0104C IGE0204C IGE0304C IGE0804C
UZ40855	Data Management	EDM1102	yes	yes	no	1	IDA019RR
UZ41208	Data Management	EDM1102	yes	yes	no	2	IGG0CLB6 IGG0CLBM
UZ41209	Data Management	EDM1102	yes	yes	no	1	IDA019RX
UZ41342	Program Management (Linkage Editor / Loader)	EPM1102	yes	yes	no	1	HEWLFRAT
UZ41374	Program Management (Linkage Editor / Loader)	EPM1102	yes	yes	no	1	IEWFETCH
UZ41399	Data Management Support	EDS1102	yes	yes	no	0	
UZ41437	BTAM — Basic Telecommunications Access Method	EBT1102	yes	yes	no	0	
UZ41573	System Support	EST1102	yes	yes	no	0	
UZ41707	Base Control Program (BCP)	EBB1102	yes	yes	no	0	
UZ41714	Base Control Program (BCP)	EBB1102	yes	yes	no	1	IKJRBBU0
UZ41764	BTAM — Basic Telecommunications Access Method	EBT1102	yes	yes	no	0	
UZ42140	XF Assembler (Assembler F)	EAS1102	yes	yes	no	1	IFNX1A
UZ42622	Base Control Program (BCP)	EBB1102	yes	yes	yes	1	IFBSVC76
UZ42627	Utilities	EUT1102	yes	yes	no	0	
UZ42656	MICR/OCR	EMI1102	yes	yes	no	1	IGG019VW
UZ42671	Base Control Program (BCP)	EBB1102	yes	yes	no	1	IFDOLT53
UZ42826	Base Control Program (BCP)	EBB1102	yes	yes	no	1	IKJEFT06
UZ42856	TIOC — Terminal I/O Controller	ETI1106	yes	yes	no	0	
UZ42857	Data Management	EDM1102	yes	yes	no	1	IDAM19R3
UZ42921	Base Control Program (BCP)	EBB1102	yes	yes	no	1	IKJEFF50
UZ43063	Base Control Program (BCP)	EBB1102	yes	yes	no	1	IEFSD164
UZ43283	System Support	EST1102	yes	yes	no	2	IKJEHCIR IKJEHDEF
UZ44086	BTAM — Basic Telecommunications Access Method	EBT1102	yes	yes	no	0	
UZ44111	Base Control Program (BCP)	EBB1102	yes	yes	no	1	IKJEBELI
UZ44133	Base Control Program (BCP)	EBB1102	yes	yes	no	0	
UZ44177	Base Control Program (BCP)	EBB1102	yes	yes	yes	0	
UZ44184	Base Control Program (BCP)	EBB1102	yes	yes	no	1	IKJEFT45
UZ44270	Base Control Program (BCP)	EBB1102	yes	yes	no	1	IKJEBEUN
UZ44378	Base Control Program (BCP)	EBB1102	yes	yes	no	1	IKJEGOFF
UZ44479	Base Control Program (BCP)	EBB1102	yes	yes	no	0	
UZ44548	Base Control Program (BCP)	EBB1102	yes	yes	no	1	IEFVINC
UZ44753	TIOC — Terminal I/O Controller	ETI1106	yes	yes	yes	0	
UZ44846	TIOC — Terminal I/O Controller	ETI1106	yes	yes	no	0	
UZ45029	System Support	EST1102	yes	yes	no	1	IKJEHDS1
UZ45157	Base Control Program (BCP)	EBB1102	yes	yes	yes	2	IEE3203D IEE3503D
UZ45158	MVS Processor Support 2	FBB1221	yes	yes	yes	1	IEE1403D
UZ45173	System Support	EST1102	yes	yes	no	1	IKJEHREN
UZ45189	Data Management	EDM1102	yes	yes	no	1	IDA019RZ
UZ45363	Data Management	EDM1102	yes	yes	no	2	IFG0550P IFG0553F
UZ45387	Data Management	EDM1102	yes	yes	no	1	IEAVNP1A
UZ45726	Data Management	EDM1102	yes	yes	no	1	IFG0191Y
UZ45794	MVS Processor Support 2	FBB1221	yes	yes	yes	0	
UZ45903	TIOC — Terminal I/O Controller	ETI1106	yes	yes	no	0	
UZ46135	Base Control Program (BCP)	EBB1102	yes	yes	no	1	IKJEFF02
UZ46193	Data Management	EDM1102	yes	yes	no	0	
UZ46194	3800 Enhancements — Data Management	FDM1133	yes	yes	no	1	IGC0008A
UZ46415	MSS — Mass Storage System	EMS1102	yes	yes	no	1	IDCVS03
UZ47024	Base Control Program (BCP)	EBB1102	yes	yes	no	0	
UZ47187	Utilities	EUT1102	yes	yes	no	1	IEHMVSRZ
UZ47243	Base Control Program (BCP)	EBB1102	yes	yes	no	1	IKJEFF00
UZ47247	Base Control Program (BCP)	EBB1102	yes	yes	no	0	
UZ47249	MVS Processor Support 2	FBB1221	yes	yes	no	0	
UZ47317	Base Control Program (BCP)	EBB1102	yes	yes	no	1	AMDSYS01
UZ47349	Data Management	EDM1102	yes	yes	no	1	IDA019RY
UZ47406	MICR/OCR	EMI1102	yes	yes	no	8	IEBDISKT IGE0002B IGE0011C IGE0011D IGE0101F IGG0196R IOEDKMSG IOESDKTO
UZ47438	Data Management	EDM1102	yes	yes	no	0	
UZ47545	Data Management	EDM1102	yes	yes	no	1	IGG0193A
UZ47564	Data Management	EDM1102	yes	yes	no	1	IDA019RQ
UZ47575	Base Control Program (BCP)	EBB1102	yes	yes	yes	0	
UZ47740	Data Management Support	EDS1102	yes	yes	no	0	
UZ47741	3800 Enhancements — Data Management Support	FDS1133	yes	yes	no	1	IGE0000G
UZ47795	Base Control Program (BCP)	EBB1102	yes	yes	no	1	IEEVSND3
UZ47871	Base Control Program (BCP)	EBB1102	yes	yes	yes	0	
UZ48270	Base Control Program (BCP)	EBB1102	yes	yes	no	1	IEEMB804
UZ48373	Program Management (Linkage Editor / Loader)	EPM1102	yes	yes	yes	2	HEWLFINT HEWLFOPT
UZ48384	Base Control Program (BCP)	EBB1102	yes	yes	yes	2	IKJEGATN IKJEGMSG
UZ48441	Base Control Program (BCP)	EBB1102	yes	yes	no	2	AHLCWRIT AHLIWRIT
UZ48456	Base Control Program (BCP)	EBB1102	yes	yes	no	1	IKJEFF55
UZ48523	Base Control Program (BCP)	EBB1102	yes	yes	no	0	
UZ48524	MVS Processor Support 2	FBB1221	yes	yes	no	1	IKJEE100
UZ48744	Base Control Program (BCP)	EBB1102	yes	yes	yes	1	IKJEFF52
UZ48765	Base Control Program (BCP)	EBB1102	yes	yes	yes	3	IGX00026 IGX00027 IKJRBBMC
UZ48810	Base Control Program (BCP)	EBB1102	yes	yes	no	0	
UZ48820	Base Control Program (BCP)	EBB1102	yes	yes	no	2	IEAVLK00 IEAVLK01
UZ48970	MVS Processor Support 2	FBB1221	yes	yes	no	1	IECVOTBL
UZ49382	Utilities	EUT1102	yes	yes	no	1	IEBGENRT
UZ49510	Base Control Program (BCP)	EBB1102	yes	yes	no	0	
UZ49895	Base Control Program (BCP)	EBB1102	yes	yes	no	1	IFDOLT00
UZ49959	XF Assembler (Assembler F)	EAS1102	yes	yes	no	1	IFNX5D
UZ49996	MSS — Mass Storage System	EMS1102	yes	yes	no	1	ICBVRR00
UZ50033	Base Control Program (BCP)	EBB1102	yes	yes	no	0	
UZ50178	Data Management	EDM1102	yes	yes	no	2	IDCRP01 IDCTSPR0
UZ50248	MVS Processor Support 2	FBB1221	yes	yes	no	6	IECLMSGC IECLMSGD IECLMSGG IECLMSGM IECLMSGT IECLMSGU
UZ50293	Base Control Program (BCP)	EBB1102	yes	yes	no	1	IFDOLT22
UZ50509	Base Control Program (BCP)	EBB1102	yes	yes	no	1	IKJCT460
UZ50553	MVS Processor Support 2	FBB1221	yes	yes	yes	1	IEFAB464
UZ50839	Data Management	EDM1102	yes	yes	no	1	IDA019C1
UZ51149	GAM/GPS — Graphic Access Method / Graphic Program Service	EGA1102	yes	yes	no	2	IFFABA IFFCAN01
UZ51239	MSS — Mass Storage System	EMS1102	yes	yes	no	2	ICBVDM00 ICBVQM00
UZ51345	MVS Processor Support 2	FBB1221	yes	yes	no	1	IEE0803D
UZ51349	Base Control Program (BCP)	EBB1102	yes	yes	no	1	IEEPRTN2
UZ51405	Base Control Program (BCP)	EBB1102	yes	yes	no	2	IKJEFA20 IKJEFA21
UZ52227	XF Assembler (Assembler F)	EAS1102	yes	yes	yes	3	IFNX1K IFNX3K IFNX5M
UZ54567	MVS Processor Support 2	FBB1221	yes	yes	no	1	IEAVTSDH
UZ54894	MVS Processor Support 2	FBB1221	yes	yes	no	1	AMDSAUCB
UZ55093	MVS Processor Support 2	FBB1221	yes	yes	yes	0	
UZ55453	MVS Processor Support 2	FBB1221	yes	yes	yes	1	IEAVNIP0
UZ56324	VTAM	EVT0108	yes	yes	no	1	ISTOCCCL
UZ56445	MVS Processor Support 2	FBB1221	yes	yes	yes	1	IEEVEXSN
UZ56759	Data Management	EDM1102	yes	yes	yes	1	IGG0199G
UZ57182	Data Management	EDM1102	yes	yes	no	2	IGC0406H IGGMSG02
UZ57201	MSS — Mass Storage System	EMS1102	yes	yes	no	2	IDCCO01 IDCTSCM0
UZ57269	XF Assembler (Assembler F)	EAS1102	yes	yes	no	2	IFOX0C IFOX0D
UZ57298	Data Management	EDM1102	yes	yes	no	0	
UZ57355	Data Management	EDM1102	yes	yes	no	1	IDA019RO
UZ57385	TSO/VTAM	ETV0108	yes	yes	yes	1	IKTVTGET
UZ57498	MVS Processor Support 2	FBB1221	yes	yes	yes	1	IECVGENA
UZ57526	XF Assembler (Assembler F)	EAS1102	yes	yes	no	1	IFNX6A
UZ57742	Data Management	EDM1102	yes	yes	no	1	IGG0CLBJ
UZ57911	JES2 (with 3800 Enhancements)	EJE1103	yes	yes	yes	0	
UZ57919	Data Management	EDM1102	yes	yes	yes	1	IFG0195U
UZ57920	Data Management	EDM1102	yes	yes	no	0	
UZ57928	Data Management	EDM1102	yes	yes	no	2	IDA019RN IDA019SE
UZ57937	MVS Processor Support 2	FBB1221	yes	yes	no	1	IEEVCPU
UZ57960	IPCS — Interactive Problem Control System	EIP1102	yes	yes	no	1	BLSFLD00
UZ57962	TCAM — Telecommunications Access Method	ETC0108	yes	yes	no	1	IGG09411
UZ58102	MVS Processor Support 2	FBB1221	yes	yes	no	1	IECVHREC
UZ58146	Data Management	EDM1102	yes	yes	no	0	
UZ58204	MVS Processor Support 2	FDS1122	yes	yes	no	0	
UZ58220	MVS Processor Support 2	FBB1221	yes	yes	yes	0	
UZ58252	MSS — Mass Storage System	EMS1102	yes	yes	no	1	ICB2SIOF
UZ58273	IPCS — Interactive Problem Control System	EIP1102	yes	yes	no	1	BLSRDUIN
UZ58280	Data Management	EDM1102	yes	yes	no	2	IGG0CLBU IGG0CLBV
UZ58305	GSP — Graphic Subroutine Package	EGS1102	yes	yes	no	1	IFFACA50
UZ58330	XF Assembler (Assembler F)	EAS1102	yes	yes	no	1	IFOX0H
UZ58382	TCAM — Telecommunications Access Method	ETC0108	yes	yes	no	1	IEDAYH
UZ58427	MVS Processor Support 2	FBB1221	yes	yes	no	1	IEFAB421
UZ58603	MVS Processor Support 2	FBB1221	yes	yes	yes	1	IGC0003C
UZ58634	Data Management	EDM1102	yes	yes	no	0	
UZ58751	Data Management	EDM1102	yes	yes	no	0	
UZ58773	Data Management	EDM1102	yes	yes	no	1	IGG0CLAG
UZ58823	Data Management	EDM1102	yes	yes	no	1	IGG019FD
UZ58904	IPCS — Interactive Problem Control System	EIP1102	yes	yes	no	1	BLSRCOMP
UZ58916	MVS Processor Support 2	FBB1221	yes	yes	no	1	IEAVEES
UZ58963	Program Management (Linkage Editor / Loader)	EPM1102	yes	yes	no	2	HMBLKLDM HMBLKXRF
UZ59019	3800 Enhancements — Data Management	FDM1133	yes	yes	no	1	IGG08117
UZ59042	Utilities	EUT1102	yes	yes	no	1	IEBDG
UZ59072	MVS Processor Support 2	FBB1221	yes	yes	yes	1	AHLSETEV
UZ59217	MSS — Mass Storage System	EMS1102	yes	yes	no	0	
UZ59271	Data Management	EDM1102	yes	yes	no	1	IDCDL01
UZ59273	Utilities	EUT1102	yes	yes	no	1	IEBVMS
UZ59296	BTAM — Basic Telecommunications Access Method	EBT1102	yes	yes	no	1	IGG019PA
UZ59300	Data Management	EDM1102	yes	yes	no	1	IGG0CLB7
UZ59303	TCAM — Telecommunications Access Method	ETC0108	yes	yes	no	4	IGCMP10D IGCVF10D IGG01941 IGG02046
UZ59466	Utilities	EUT1102	yes	yes	no	1	IEHMVSSZ
UZ59511	GSP — Graphic Subroutine Package	EGS1102	yes	yes	no	1	IFFAGA07
UZ59560	Data Management	EDM1102	yes	yes	no	1	IDA019RL
UZ59565	GAM/GPS — Graphic Access Method / Graphic Program Service	EGA1102	yes	yes	no	1	IGE0010D
UZ59657	Data Management	EDM1102	yes	yes	no	1	IGC0209H
UZ59749	TCAM — Telecommunications Access Method	ETC0108	yes	yes	no	1	IEDAYQ
UZ59848	Data Management	EDM1102	yes	yes	no	1	IGG0191A
UZ59885	MVS Processor Support 2	FBB1221	yes	yes	yes	0	
UZ59911	GAM/GPS — Graphic Access Method / Graphic Program Service	EGA1102	yes	yes	no	0	
UZ59949	MSS — Mass Storage System	EMS1102	yes	yes	no	1	ICBVJL00
UZ59987	Data Management	EDM1102	yes	yes	no	1	IHJACP25
UZ59997	TCAM — Telecommunications Access Method	ETC0108	yes	yes	no	0	
UZ60057	MVS Processor Support 2	FBB1221	yes	yes	yes	2	AMDPRAPP AMDPRFRM
UZ60067	TCAM — Telecommunications Access Method	ETC0108	yes	yes	no	1	IEDQBI
UZ60082	Utilities	EUT1102	yes	yes	no	0	
UZ60083	Utilities	EUT1102	yes	yes	no	0	
UZ60117	GAM/GPS — Graphic Access Method / Graphic Program Service	EGA1102	yes	yes	no	2	IGC0007C IGG0203Z
UZ60166	GSP — Graphic Subroutine Package	EGS1102	yes	yes	no	12	IFFAAA02 IFFAAA03 IFFAAA04 IFFAAA06 IFFAFA01 IFFAFA02 IFFAFA04 IFFAFA12 IFFAFA13 IFFAGA06 IFFAHA05 IFFAJA02
UZ60241	Data Management	EDM1102	yes	yes	no	1	IDA0192V
UZ60302	MVS Processor Support 2	FBB1221	yes	yes	yes	0	
UZ60327	Data Management	EDM1102	yes	yes	no	1	IGG0CLAJ
UZ60341	MVS Processor Support 2	FBB1221	yes	yes	yes	1	IEAVTRTM
UZ60375	JES2 (with 3800 Enhancements)	EJE1103	yes	yes	yes	1	HASPACCT
UZ60424	Data Management	EDM1102	yes	yes	no	1	IFG0554T
UZ60488	TIOC — Terminal I/O Controller	ETI1106	yes	yes	no	0	
UZ60516	Data Management	EDM1102	yes	yes	no	1	IGG0325G
UZ60529	IPCS — Interactive Problem Control System	EIP1102	yes	yes	no	1	BLSRSUTC
UZ60593	Data Management	EDM1102	yes	yes	no	1	IFG0200Y
UZ60594	Data Management	EDM1102	yes	yes	no	3	IFG0200Z IFG0551R IFG0552F
UZ60687	Data Management	EDM1102	yes	yes	no	1	IGG021AB
UZ60767	Data Management	EDM1102	yes	yes	no	1	IFG0552R
UZ60842	MVS Processor Support 2	FBB1221	yes	yes	no	1	AHLWTO
UZ60863	Data Management	EDM1102	yes	yes	no	1	IDA019S6
UZ60943	MVS Processor Support 2	FBB1221	yes	yes	no	1	IEAVTSSD
UZ60947	MVS Processor Support 2	FBB1221	yes	yes	no	1	IEFEB400
UZ60962	Data Management	EDM1102	yes	yes	no	1	IGCT0018
UZ61148	MVS Processor Support 2	FBB1221	yes	yes	yes	0	
UZ61200	MVS Processor Support 2	FBB1221	yes	yes	yes	1	IECVHDET
UZ61253	Data Management	EDM1102	yes	yes	no	1	IFG0200V
UZ61261	Data Management	EDM1102	yes	yes	no	1	IGG0197F
UZ61317	Utilities	EUT1102	yes	yes	no	1	IEBASCAN
UZ61346	Data Management	EDM1102	yes	yes	yes	9	IGC0002E IGG019BN IGG019CC IGG019CW IGG019T2 IGG019TC IGG019TV IGG019TW IGG019V6
UZ61349	Data Management	EDM1102	yes	yes	yes	4	IDAVBPC1 IDAVBPP1 IDDWICLS IDDWITRM
UZ61367	Data Management	EDM1102	yes	yes	yes	14	IFG0195H IFG0195V IFG0200W IFG0202K IFG0232D IFG0551B IFG0551D IFG0551F IFG0553P IFG0553X IFG0553Z IFG0554B IGC0002C IGC0006D
UZ61374	DSF — Device Support Facility (ICKDSF)	FDZ1610	yes	yes	no	0	
UZ61376	3800 Enhancements — Data Management	FDM1133	yes	yes	no	1	IGC0010E
UZ61605	Data Management	EDM1102	yes	yes	no	1	IDDWIJRN
UZ61637	DSF — Device Support Facility (ICKDSF)	FDZ1610	yes	yes	no	1	ICKDV04
UZ61700	Data Management	EDM1102	yes	yes	no	0	
UZ61706	TCAM — Telecommunications Access Method	ETC0108	yes	yes	no	1	IEDQFSC
UZ61713	BTAM — Basic Telecommunications Access Method	EBT1102	yes	yes	no	0	
UZ61726	MVS Processor Support 2	FBB1221	yes	yes	no	1	AHLTSLIP
UZ61769	Utilities	EUT1102	yes	yes	no	1	IEHLIST1
UZ61819	MVS Processor Support 2	FBB1221	yes	yes	yes	1	AMDPRFLT
UZ61840	TSO/VTAM	ETV0108	yes	yes	no	1	IKTXMTPT
UZ61860	Data Management	EDM1102	yes	yes	no	1	IDA019R5
UZ61918	MVS Processor Support 2	FBB1221	yes	yes	yes	2	IEAV1052 IEAVSWCH
UZ62024	Utilities	EUT1102	yes	yes	no	2	IEBCMAIN IEBCQSAM
UZ62088	MVS Processor Support 2	FBB1221	yes	yes	yes	2	IEAVMWTO IEAVVWTO
UZ62117	DEMF — Display Exception Monitoring Facility	EDE1102	yes	yes	no	1	BNGLOGR2
UZ62122	Data Management	EDM1102	yes	yes	no	1	IDCPR01
UZ62155	Data Management	EDM1102	yes	yes	no	1	IFG0196X
UZ62171	Data Management	EDM1102	yes	yes	no	2	IEAVNP11 IEAVNP1B
UZ62193	TCAM — Telecommunications Access Method	ETC0108	yes	yes	no	1	IEDQA6
UZ62340	MVS Processor Support 2	FBB1221	yes	yes	no	1	IEAVTRT2
UZ62424	Data Management	EDM1102	yes	yes	no	2	IFG0202H IFG0202I
UZ62510	Data Management	EDM1102	yes	yes	no	3	IGG0CLA3 IGG0CLA9 IGG0CLC9
UZ62515	GAM/GPS — Graphic Access Method / Graphic Program Service	EGA1102	yes	yes	no	1	IGG019OB
UZ62586	Data Management	EDM1102	yes	yes	no	0	
UZ62603	TCAM — Telecommunications Access Method	ETC0108	yes	yes	no	2	IEDNSL IGCVE10D
UZ62613	MVS Processor Support 2	FBB1221	yes	yes	no	1	IECVRSTI
UZ62743	Program Management (Linkage Editor / Loader)	EPM1102	yes	yes	no	1	HMBLKCTL
UZ62779	Data Management	EDM1102	yes	yes	no	1	IGG0201W
UZ62873	MVS Processor Support 2	FBB1221	yes	yes	yes	0	
UZ63029	Data Management	EDM1102	yes	yes	no	1	IGG0191T
UZ63061	Data Management	EDM1102	yes	yes	no	1	IGG032I1
UZ63089	Data Management	EDM1102	yes	yes	no	2	IGG020P1 IGG020P3
UZ63343	MSS — Mass Storage System	EMS1102	yes	yes	no	1	ICGDSB03
UZ63374	JES2 (with 3800 Enhancements)	EJE1103	yes	yes	yes	0	
UZ63409	Data Management	EDM1102	yes	yes	no	0	
UZ63439	Data Management	EDM1102	yes	yes	no	8	IGG0290E IGG0299A IGG03001 IGG0325H IGG032I7 IGG032I8 IGG0553A IGG0553E
UZ63538	Data Management	EDM1102	yes	yes	no	2	IGC0S05B IHJARS60
UZ63628	XWTR — External Writer	EXW1102	yes	yes	no	0	
UZ63726	GSP — Graphic Subroutine Package	EGS1102	yes	yes	no	1	IFFAFA15
UZ63727	Data Management	EDM1102	yes	yes	no	1	IGC0906H
UZ63830	Data Management	EDM1102	yes	yes	no	1	IDAOCEA2
UZ63846	Data Management	EDM1102	yes	yes	no	1	IFG0198N
UZ63912	Program Management (Linkage Editor / Loader)	EPM1102	yes	yes	no	1	IEWSWOVR
UZ64025	TCAM — Telecommunications Access Method	ETC0108	yes	yes	no	1	IEDQGA
UZ64107	Data Management	EDM1102	yes	yes	no	1	IGG019BO
UZ64174	MVS Processor Support 2	FBB1221	yes	yes	no	1	IECVESIO
UZ64191	Data Management	EDM1102	yes	yes	no	0	
UZ64205	Data Management	EDM1102	yes	yes	no	1	IDCRI01
UZ64216	MVS Processor Support 2	FBB1221	yes	yes	yes	1	IEFAB4E5
UZ64281	MSS — Mass Storage System	EMS1102	yes	yes	no	1	ICGDSB19
UZ64292	Data Management	EDM1102	yes	yes	no	1	IFG0552X
UZ64372	Program Management (Linkage Editor / Loader)	EPM1102	yes	yes	no	1	HEWLDLIB
UZ64384	Data Management Support	EDS1102	yes	yes	no	0	
UZ64403	Data Management	EDM1102	yes	yes	no	0	
UZ64419	MVS Processor Support 2	FBB1221	yes	yes	yes	1	IECVCINT
UZ64496	MVS Processor Support 2	FBB1221	yes	yes	no	1	IEAVNPA6
UZ64583	Data Management	EDM1102	yes	yes	no	1	IFG0551T
UZ64586	Utilities	EUT1102	yes	yes	no	2	IEHMOVE IEHMVESK
UZ64650	Data Management	EDM1102	yes	yes	no	1	IFG0232Z
UZ65007	GAM/GPS — Graphic Access Method / Graphic Program Service	EGA1102	yes	yes	no	1	IGG019OE
UZ65038	Data Management	EDM1102	yes	yes	no	1	IGC0003A
UZ65154	DSF — Device Support Facility (ICKDSF)	FDZ1610	yes	yes	no	2	ICKRI01 ICKTSRI0
UZ65177	MVS Processor Support 2	FDS1122	yes	yes	no	0	
UZ65257	Data Management	EDM1102	yes	yes	no	1	IDA019RS
UZ65280	Data Management	EDM1102	yes	yes	no	1	IFG0202E
UZ65512	Data Management	EDM1102	yes	yes	no	1	IGG019BR
UZ65546	Data Management	EDM1102	yes	yes	no	1	IGG0192P
UZ65613	DEMF — Display Exception Monitoring Facility	EDE1102	yes	yes	no	0	
UZ65643	Data Management	EDM1102	yes	yes	no	1	IGG019JH
UZ65649	Data Management	EDM1102	yes	yes	no	1	IDCRC02
UZ65674	Data Management	EDM1102	yes	yes	no	1	IGG0CLBG
UZ65704	Data Management	EDM1102	yes	yes	no	2	IDA019RE IDA019SF
UZ65742	JES2 (with 3800 Enhancements)	EJE1103	yes	yes	yes	0	
UZ65749	Utilities	EUT1102	yes	yes	no	1	IEBDSCPY
UZ65843	MVS Processor Support 2	FDS1122	yes	yes	no	0	
UZ65850	MVS Processor Support 2	FDS1122	yes	yes	no	0	
UZ65904	Data Management	EDM1102	yes	yes	no	1	IGC00020
UZ65945	MVS Processor Support 2	FBB1221	yes	yes	no	1	IECVRRSV
UZ66006	Data Management	EDM1102	yes	yes	no	1	IGCT0021
UZ66158	GSP — Graphic Subroutine Package	EGS1102	yes	yes	no	1	IFFADA03
UZ66313	Data Management	EDM1102	yes	yes	no	1	IGG0CLCD
UZ66340	Data Management	EDM1102	yes	yes	no	1	IDACAT11
UZ66341	Data Management	EDM1102	yes	yes	no	1	IFG0195B
UZ66353	Data Management	EDM1102	yes	yes	no	0	
UZ66364	Data Management	EDM1102	yes	yes	no	1	IGG01920
UZ66375	Data Management	EDM1102	yes	yes	no	2	IGG019KE IGG019KF
UZ66379	Data Management	EDM1102	yes	yes	no	0	
UZ66629	Utilities	EUT1102	yes	yes	no	1	IEBUPDT2
UZ66648	Data Management	EDM1102	yes	yes	no	1	IGC0K05B
UZ66662	DSF — Device Support Facility (ICKDSF)	FDZ1610	yes	yes	no	1	ICKAN01
UZ66691	Data Management	EDM1102	yes	yes	no	1	IGC0L05B
UZ66702	Utilities	EUT1102	yes	yes	no	1	IEBGENR3
UZ66717	Data Management	EDM1102	yes	yes	no	3	IGC0N05B IGC0T05B IHJACP02
UZ66724	Data Management	EDM1102	yes	yes	no	1	IGG019DB
UZ66774	Utilities	EUT1102	yes	yes	no	1	IEBIOE
UZ66793	Data Management	EDM1102	yes	yes	no	3	IGC0002G IGC0007H IGC0107H
UZ66795	Data Management	EDM1102	yes	yes	no	1	IFG0RR0E
UZ66928	Data Management	EDM1102	yes	yes	no	2	IGG0CLDC IGG0CLDD
UZ66932	Data Management	EDM1102	yes	yes	no	1	IDCLC02
UZ67029	BTAM — Basic Telecommunications Access Method	EBT1102	yes	yes	no	0	
UZ67083	Data Management	EDM1102	yes	yes	no	1	IGG019CD
UZ67122	TSO/VTAM	ETV0108	yes	yes	yes	2	IKT09401 IKT3270O
UZ67138	Data Management	EDM1102	yes	yes	no	1	IDCTSLC1
UZ67148	Data Management	EDM1102	yes	yes	no	1	IGG019KJ
UZ67182	TIOC — Terminal I/O Controller	ETI1106	yes	yes	yes	0	
UZ67190	Data Management	EDM1102	yes	yes	no	1	IGG0CLCE
UZ67200	MSS — Mass Storage System	EMS1102	yes	yes	no	1	IDCDU01
UZ67247	Data Management	EDM1102	yes	yes	no	0	
UZ67298	Utilities	EUT1102	yes	yes	no	1	IEHMVSTC
UZ67316	MVS Processor Support 2	FBB1221	yes	yes	yes	0	
UZ67354	Data Management	EDM1102	yes	yes	no	1	IGC0005E
UZ67391	MVS Processor Support 2	FBB1221	yes	yes	yes	1	IEFSD263
UZ67485	MVS Processor Support 2	FBB1221	yes	yes	yes	1	IGC0F05A
UZ67500	Data Management Support	EDS1102	yes	yes	no	0	
UZ67535	Data Management	EDM1102	yes	yes	no	1	IGC0006I
UZ67537	MSS — Mass Storage System	EMS1102	yes	yes	no	1	IEAVNP19
UZ67573	MSS — Mass Storage System	EMS1102	yes	yes	no	1	ISDASUM0
UZ67577	Data Management	EDM1102	yes	yes	no	4	IGG0325A IGG0325E IGG032I3 IGG032I5
UZ67660	Data Management	EDM1102	yes	yes	no	1	IFG0199I
UZ67723	GAM/GPS — Graphic Access Method / Graphic Program Service	EGA1102	yes	yes	no	0	
UZ67761	MVS Processor Support 2	FBB1221	yes	yes	no	0	
UZ67828	Data Management	EDM1102	yes	yes	no	2	IDCAL01 IDCSA02
UZ67858	TIOC — Terminal I/O Controller	ETI1106	yes	yes	no	0	
UZ67885	Data Management	EDM1102	yes	yes	no	2	IGG0553C IGG0553G
UZ67976	Data Management	EDM1102	yes	yes	no	1	IFG019RA
UZ68026	Data Management Support	EDS1102	yes	yes	no	0	
UZ68081	Data Management	EDM1102	yes	yes	no	0	
UZ68184	Data Management	EDM1102	yes	yes	no	1	IGG0CLBO
UZ68196	MVS Processor Support 2	FBB1221	yes	yes	yes	1	IECIOSAM
UZ68250	Data Management	EDM1102	yes	yes	no	1	IGG019IA
UZ68267	Data Management	EDM1102	yes	yes	no	1	IGG0290A
UZ68412	DSF — Device Support Facility (ICKDSF)	FDZ1610	yes	yes	no	3	ICKDV00 ICKDV01 ICKDV02
UZ68416	Data Management	EDM1102	yes	yes	no	1	IGG0202A
UZ68472	Utilities	EUT1102	yes	yes	no	1	IEHMVEST
UZ68505	Utilities	EUT1102	yes	yes	no	3	IEHMVESL IEHMVSRK IEHMVSTL
UZ68537	JES2 (with 3800 Enhancements)	EJE1103	yes	yes	yes	0	
UZ68578	Data Management	EDM1102	yes	yes	no	1	IDA019RU
UZ68676	Utilities	EUT1102	yes	yes	no	1	IEHMVSRY
UZ68680	MVS Processor Support 2	FBB1221	yes	yes	no	1	IECIHIO
UZ68682	MVS Processor Support 2	FBB1221	yes	yes	no	0	
UZ68686	Data Management	EDM1102	yes	yes	no	1	IGG0201Z
UZ68825	Data Management Support	EDS1102	yes	yes	yes	1	IGE0100I
UZ68843	Data Management	EDM1102	yes	yes	no	1	IDA121CV
UZ68844	Data Management	EDM1102	yes	yes	no	0	
UZ68852	DSF — Device Support Facility (ICKDSF)	FDZ1610	yes	yes	no	1	ICKWV01
UZ68854	BTAM — Basic Telecommunications Access Method	EBT1102	yes	yes	no	1	IGE0204B
UZ68882	TSO/VTAM	ETV0108	yes	yes	yes	1	IKT09413
UZ68884	Data Management	EDM1102	yes	yes	no	0	
UZ68986	MSS — Mass Storage System	EMS1102	yes	yes	no	1	ICGDSB20
UZ69011	Data Management	EDM1102	yes	yes	no	1	IGG020T1
UZ69130	Data Management	EDM1102	yes	yes	no	1	IGG0325D
UZ69168	MVS Processor Support 2	FBB1221	yes	yes	yes	1	IEAVNP02
UZ69239	DEMF — Display Exception Monitoring Facility	EDE1102	yes	yes	no	0	
UZ69289	Data Management	EDM1102	yes	yes	no	0	
UZ69350	GAM/GPS — Graphic Access Method / Graphic Program Service	EGA1102	yes	yes	no	1	IGE0010A
UZ69351	GSP — Graphic Subroutine Package	EGS1102	yes	yes	no	1	IFFAGA04
UZ69419	Data Management	EDM1102	yes	yes	no	1	IECVDDT1
UZ69430	Data Management	EDM1102	yes	yes	no	1	IGC0009H
UZ69525	Utilities	EUT1102	yes	yes	no	1	IEBVDM
UZ69576	Data Management	EDM1102	yes	yes	no	1	IDCSA08
UZ69605	Data Management	EDM1102	yes	yes	no	1	IDA019RK
UZ69609	Data Management	EDM1102	yes	yes	no	1	IDA0192F
UZ69699	MVS Processor Support 2	FBB1221	yes	yes	no	1	IGE0025C
UZ69705	MSS — Mass Storage System	EMS1102	yes	yes	no	1	ISDAHIST
UZ69717	Program Management (Linkage Editor / Loader)	EPM1102	yes	yes	yes	14	HEWLFAPT HEWLFEND HEWLFENS HEWLFENT HEWLFESD HEWLFFNL HEWLFIDR HEWLFINC HEWLFINP HEWLFRCG HEWLFROU HEWLFSCD HEWLFSCN HEWLFSYM
UZ69799	Data Management	EDM1102	yes	yes	no	1	IFG0554N
UZ69948	Data Management Support	EDS1102	yes	yes	no	0	
UZ70047	Data Management	EDM1102	yes	yes	no	3	IFG0190P IFG0196L IGC0001I
UZ70136	Utilities	EUT1102	yes	yes	no	1	IEBEDIT
UZ70140	Data Management	EDM1102	yes	yes	no	2	IDDWIAPP IDDWICPI
UZ70162	TIOC — Terminal I/O Controller	ETI1106	yes	yes	no	0	
UZ70163	Data Management	EDM1102	yes	yes	no	1	IGG0203A
UZ70235	GAM/GPS — Graphic Access Method / Graphic Program Service	EGA1102	yes	yes	no	1	IGC0007A
UZ70257	Data Management	EDM1102	yes	yes	no	1	IFG0193D
UZ70337	Utilities	EUT1102	yes	yes	no	1	IEHMVESN
UZ70696	Data Management	EDM1102	yes	yes	no	0	
UZ70771	Data Management	EDM1102	yes	yes	no	1	IGG0191N
UZ70803	Data Management	EDM1102	yes	yes	no	1	IDA0C06C
UZ70880	MVS Processor Support 2	FBB1221	yes	yes	no	1	IEECB906
UZ70928	Data Management	EDM1102	yes	yes	no	1	IDCDE03
UZ70957	Data Management	EDM1102	yes	yes	no	1	IDA019RM
UZ71035	Utilities	EUT1102	yes	yes	no	1	IEBGEN03
UZ71054	TSO/VTAM	ETV0108	yes	yes	yes	1	IKT3270I
UZ71064	XF Assembler (Assembler F)	EAS1102	yes	yes	no	2	IFNX3A IFNX3B
UZ71105	MSS — Mass Storage System	EMS1102	yes	yes	no	1	ICBTMSS0
UZ71195	Data Management	EDM1102	yes	yes	no	1	IGG0CLAH
UZ71281	MVS Processor Support 2	FBB1221	yes	yes	no	1	IEECB914
UZ71294	MVS Processor Support 2	FBB1221	yes	yes	yes	1	IEAV1443
UZ71324	TIOC — Terminal I/O Controller	ETI1106	yes	yes	no	0	
UZ71340	System Support	EST1102	yes	yes	no	0	
UZ71348	MSS — Mass Storage System	EMS1102	yes	yes	no	1	IDCTSVS0
UZ71390	MSS — Mass Storage System	EMS1102	yes	yes	no	1	IGE0301H
UZ71437	JES2 (with 3800 Enhancements)	EJE1103	yes	yes	yes	0	
UZ71478	System Support	EST1102	yes	yes	no	1	AKJLKL01
UZ71482	Utilities	EUT1102	yes	yes	no	1	IEHLIST3
UZ71526	Utilities	EUT1102	yes	yes	no	1	IEHMVSTA
UZ71546	Data Management	EDM1102	yes	yes	no	1	IGG019AD
UZ71562	Utilities	EUT1102	yes	yes	no	1	IEBCRANL
UZ71565	Data Management	EDM1102	yes	yes	no	1	IHJQRS24
UZ71613	TIOC — Terminal I/O Controller	ETI1106	yes	yes	yes	0	
UZ71624	Program Management (Linkage Editor / Loader)	EPM1102	yes	yes	no	1	HMBLKOBJ
UZ71628	Data Management	EDM1102	yes	yes	no	1	IGC0106H
UZ71633	XWTR — External Writer	EXW1102	yes	yes	no	1	IEFSD089
UZ71727	MSS — Mass Storage System	EMS1102	yes	yes	no	1	ICBMSG56
UZ71742	Data Management	EDM1102	yes	yes	no	1	IDA019R4
UZ71843	Data Management	EDM1102	yes	yes	no	1	IGG0201A
UZ71903	Data Management Support	EDS1102	yes	yes	yes	1	IGC0009A
UZ71929	Utilities	EUT1102	yes	yes	no	1	IEHMVETJ
UZ72061	Data Management	EDM1102	yes	yes	no	1	IGG0CLAP
UZ72069	Data Management	EDM1102	yes	yes	no	1	IGG0CLBY
UZ72085	DSF — Device Support Facility (ICKDSF)	FDZ1610	yes	yes	no	1	ICKWI01
UZ72087	Utilities	EUT1102	yes	yes	no	1	IEBDRD
UZ72110	MSS — Mass Storage System	EMS1102	yes	yes	no	1	ICGTRINT
UZ72152	MVS Processor Support 2	FBB1221	yes	yes	yes	1	IECVIOPM
UZ72207	Data Management	EDM1102	yes	yes	no	1	IGG0199L
UZ72327	Data Management	EDM1102	yes	yes	no	1	IGG0201Y
UZ72363	BTAM — Basic Telecommunications Access Method	EBT1102	yes	yes	no	3	IGE0104A IGE0404B IGE0504B
UZ72372	Data Management	EDM1102	yes	yes	no	1	IGG019DJ
UZ72378	Data Management	EDM1102	yes	yes	no	1	IDA0192C
UZ72384	MVS Processor Support 2	FBB1221	yes	yes	yes	1	AMDPRSN2
UZ72403	Data Management	EDM1102	yes	yes	no	1	IGG0CLAZ
UZ72443	Program Management (Linkage Editor / Loader)	EPM1102	yes	yes	no	1	HEWLFREL
UZ72454	Data Management	EDM1102	yes	yes	no	1	IHJQRS21
UZ72464	Utilities	EUT1102	yes	yes	no	1	IEBDWR
UZ72535	Data Management	EDM1102	yes	yes	no	1	IGG019CV
UZ72602	Utilities	EUT1102	yes	yes	no	1	IEHMVXSE
UZ72608	Data Management	EDM1102	yes	yes	yes	1	IEAVNP12
UZ72651	Data Management	EDM1102	yes	yes	no	1	IGG0CLAT
UZ72677	Data Management	EDM1102	yes	yes	no	1	IDAIIPM3
UZ72719	Utilities	EUT1102	yes	yes	no	1	IEBDV1
UZ72771	MSS — Mass Storage System	EMS1102	yes	yes	no	2	ISDAEQC0 ISDAFSC0
UZ72791	Program Management (Linkage Editor / Loader)	EPM1102	yes	yes	no	1	HEWLDIOC
UZ72803	Data Management	EDM1102	yes	yes	no	1	IGG0CLAF
UZ72844	Utilities	EUT1102	yes	yes	no	2	IEHPROG1 IEHPROG3
UZ72895	Data Management	EDM1102	yes	yes	no	1	IGG0192B
UZ72965	Data Management	EDM1102	yes	yes	no	1	IGG0CLAQ
UZ72975	Data Management	EDM1102	yes	yes	no	1	IDCTSTP6
UZ73075	Data Management	EDM1102	yes	yes	no	2	IDCCC01 IDCIO02
UZ73093	Utilities	EUT1102	yes	yes	no	1	IEBGSCAN
UZ73117	DSF — Device Support Facility (ICKDSF)	FDZ1610	yes	yes	no	1	ICKPP01
UZ73141	DSF — Device Support Facility (ICKDSF)	FDZ1610	yes	yes	no	1	ICKIN02
UZ73172	Data Management	EDM1102	yes	yes	no	1	IDA0192B
UZ73250	Data Management Support	EDS1102	yes	yes	no	0	
UZ73396	MSS — Mass Storage System	EMS1102	yes	yes	no	1	ISDAPAD0
UZ73436	Data Management	EDM1102	yes	yes	no	2	IDA0557A IDAOCEA1
UZ73463	Data Management	EDM1102	yes	yes	no	1	IGG019BA
UZ73480	Data Management	EDM1102	yes	yes	no	1	IGG0202B
UZ73568	Data Management	EDM1102	yes	yes	no	1	IGC0002D
UZ73741	XF Assembler (Assembler F)	EAS1102	yes	yes	no	1	IFNX3N
UZ73839	XF Assembler (Assembler F)	EAS1102	yes	yes	no	1	IFNX5L
UZ73847	Data Management	EDM1102	yes	yes	no	1	IDA019RA
UZ73857	Data Management	EDM1102	yes	yes	no	1	IFG0199B
UZ73978	Data Management	EDM1102	yes	yes	no	1	IFG0551L
UZ74083	Data Management	EDM1102	yes	yes	no	1	IFG0194C
UZ74098	Data Management	EDM1102	yes	yes	no	1	IGG019CU
UZ74248	Data Management	EDM1102	yes	yes	no	0	
UZ74292	Utilities	EUT1102	yes	yes	no	0	
UZ74312	Data Management	EDM1102	yes	yes	no	7	IDCRS01 IDCRS02 IDCRS03 IDCRS04 IDCRS05 IDCRS06 IDCRS07
UZ74329	Data Management	EDM1102	yes	yes	no	1	IDCTP01
UZ74335	Data Management	EDM1102	yes	yes	no	0	
UZ74336	3800 Enhancements — Data Management	FDM1133	yes	yes	no	1	IGG08113
UZ74408	Utilities	EUT1102	yes	yes	no	1	IEBSCN
UZ74418	Program Management (Linkage Editor / Loader)	EPM1102	yes	yes	no	1	HEWLFADA
UZ74453	Utilities	EUT1102	yes	yes	no	1	IEHMVSSF
UZ74456	Data Management	EDM1102	yes	yes	no	1	IDCRC01
UZ74474	Data Management Support	EDS1102	yes	yes	no	1	IECVDERP
UZ74545	Data Management	EDM1102	yes	yes	no	1	IDA0192A
UZ74634	Data Management	EDM1102	yes	yes	no	1	IGG0CLBP
UZ74789	Data Management	EDM1102	yes	yes	no	1	IFG0199D
UZ74799	Data Management	EDM1102	yes	yes	no	1	IDA0192M
UZ74831	Data Management	EDM1102	yes	yes	no	1	IDA019RF
UZ74841	Data Management	EDM1102	yes	yes	no	5	IDA019S1 IDA019S2 IDA019S4 IDA121A3 IDA121A4
UZ74897	Data Management	EDM1102	yes	yes	no	1	IDA0192Y
UZ74973	DSF — Device Support Facility (ICKDSF)	FDZ1610	yes	yes	no	4	ICKDV03 ICKIT01 ICKSD02 ICKTSEF1
UZ74989	MVS Processor Support 2	FBB1221	yes	yes	no	1	IEECVETW
UZ75050	Data Management	EDM1102	yes	yes	no	1	IGG019FL
UZ75099	MSS — Mass Storage System	EMS1102	yes	yes	no	1	ICGDSBLD
UZ75241	Data Management	EDM1102	yes	yes	no	1	IGG0196M
UZ75301	MSS — Mass Storage System	EMS1102	yes	yes	no	0	
UZ75384	Data Management	EDM1102	yes	yes	no	1	IDCLC01
UZ75395	Program Management (Linkage Editor / Loader)	EPM1102	yes	yes	no	1	HEWLFBTP
UZ75398	Program Management (Linkage Editor / Loader)	EPM1102	yes	yes	yes	1	HEWLFOUT
UZ75618	MVS Processor Support 2	FDS1122	yes	yes	no	1	IECVDURP
UZ75642	BTAM — Basic Telecommunications Access Method	EBT1102	yes	yes	no	1	IGE0904B
UZ75804	Program Management (Linkage Editor / Loader)	EPM1102	yes	yes	no	1	HEWLFMAP
UZ75999	Data Management	EDM1102	yes	yes	no	1	IFG0194J
UZ76001	Data Management	EDM1102	yes	yes	no	1	IGG019DK
UZ76063	Utilities	EUT1102	yes	yes	no	1	IEHMVSSX
UZ76065	Data Management	EDM1102	yes	yes	no	1	IFG0199E
UZ76141	Data Management	EDM1102	yes	yes	no	0	
UZ76156	Data Management	EDM1102	yes	yes	no	2	IDCMP01 IDCXP01
UZ76165	JES2 (with 3800 Enhancements)	EJE1103	yes	yes	yes	4	HASPCON HASPINIT HASPPRPU HASPXEQ
UZ76220	Data Management	EDM1102	yes	yes	no	1	IGG0199W
UZ76247	Data Management	EDM1102	yes	yes	no	0	
UZ76315	Data Management	EDM1102	yes	yes	no	1	IDCRI04
UZ76429	MSS — Mass Storage System	EMS1102	yes	yes	no	1	ICGDSA05
UZ76507	Data Management	EDM1102	yes	yes	no	1	IDCIO01
UZ76579	Data Management	EDM1102	yes	yes	no	1	IGC121
UZ76648	Data Management	EDM1102	yes	yes	no	1	IDCBI01
UZ77164	JES2 (with 3800 Enhancements)	EJE1103	yes	yes	yes	3	HASPNUC HASPRDR HASPSSSM
UZ77281	Data Management	EDM1102	yes	yes	no	1	IGG0196I
UZ77326	BTAM — Basic Telecommunications Access Method	EBT1102	yes	yes	no	10	IECTSCAN IGC0106F IGC0206F IGC0306F IGC0406F IGC0606F IGC0906F IGC0A06F IGC0B06F IGC0C06F
UZ77448	Data Management	EDM1102	yes	yes	no	1	IFG0RR0B
UZ77472	Utilities	EUT1102	yes	yes	no	1	IEHMVSRX
UZ77518	Data Management	EDM1102	yes	yes	no	1	IGG0CLAL
UZ77545	Data Management	EDM1102	yes	yes	no	1	IFG0196T
UZ77659	Data Management	EDM1102	yes	yes	no	1	IGC0002F
UZ77689	MSS — Mass Storage System	EMS1102	yes	yes	no	1	IDCCH04
UZ77738	Data Management	EDM1102	yes	yes	no	1	IDA0200S
UZ77744	Data Management	EDM1102	yes	yes	no	1	IFG0202F
UZ77778	Data Management	EDM1102	yes	yes	no	1	IFG0193A
UZ77806	Data Management	EDM1102	yes	yes	no	1	IGC0R05B
UZ78161	Utilities	EUT1102	yes	yes	no	1	IEHMVSRV
UZ78177	MVS Processor Support 2	FBB1221	yes	yes	no	1	IEEMB879
UZ78191	Data Management	EDM1102	yes	yes	no	1	IGG0191I
UZ78286	Data Management	EDM1102	yes	yes	no	1	IFG0195K
UZ78287	Data Management	EDM1102	yes	yes	no	3	IDA019RG IDA019RI IDA019RJ
UZ78302	Base Control Program (BCP)	EBB1102	yes	yes	no	1	IEFAB432
UZ78320	GAM/GPS — Graphic Access Method / Graphic Program Service	EGA1102	yes	yes	no	0	
UZ78474	Data Management	EDM1102	yes	yes	no	1	READPSWD
UZ78519	Data Management	EDM1102	yes	yes	no	1	IGG0325R
UZ78728	MSS — Mass Storage System	EMS1102	yes	yes	no	1	IDCCH01
UZ78992	Data Management	EDM1102	yes	yes	no	1	IGG019DA
UZ79012	MVS Processor Support 2	FBB1221	yes	yes	yes	1	AHLGTFI
UZ79073	DSF — Device Support Facility (ICKDSF)	FDZ1610	yes	yes	no	1	ICKIN01
UZ79124	Data Management	EDM1102	yes	yes	no	1	IDA019R8
UZ79340	Data Management	EDM1102	yes	yes	no	1	IFG0TC0A
UZ79442	MVS Processor Support 2	FBB1221	yes	yes	no	1	IEEVIPL
UZ79449	Data Management	EDM1102	yes	yes	no	1	IFG0194A
UZ79497	MLWS — Multi-Leaving Work Station	EML1102	yes	yes	no	0	
UZ79531	JES2 (with 3800 Enhancements)	EJE1103	yes	yes	yes	3	HASPCOMM HASPMISC HASPRTAM
UZ79831	Data Management	EDM1102	yes	yes	no	2	IDA019ST IDA019SU
UZ79837	Data Management Support	EDS1102	yes	yes	no	1	IGE0000I
UZ79918	TIOC — Terminal I/O Controller	ETI1106	yes	yes	no	1	IGC0009D
UZ79993	Data Management	EDM1102	yes	yes	no	1	IGG0CLCC
UZ80273	XF Assembler (Assembler F)	EAS1102	yes	yes	no	1	IFNX5P
UZ80304	MICR/OCR	EMI1102	yes	yes	no	1	IGG0197V
UZ80701	Base Control Program (BCP)	EBB1102	yes	yes	no	1	IECVERPL
UZ80992	MVS Processor Support 2	FBB1221	yes	yes	no	0	
UZ81089	Base Control Program (BCP)	EBB1102	yes	yes	no	1	IGFDM1
UZ81148	XF Assembler (Assembler F)	EAS1102	yes	yes	no	7	IFNX4D IFNX4E IFNX4M IFNX4N IFNX4S IFNX4T IFNX4V
UZ81213	Data Management	EDM1102	yes	yes	no	1	IDA0200B
UZ81247	Base Control Program (BCP)	EBB1102	yes	yes	no	1	IKJTTRM0
UZ81419	MICR/OCR	EMI1102	yes	yes	no	1	IGE0002C
UZ81433	Base Control Program (BCP)	EBB1102	yes	yes	no	1	IKJEGSYM
UZ81940	Data Management	EDM1102	yes	yes	no	1	IGG0290D
UZ82014	Base Control Program (BCP)	EBB1102	yes	yes	yes	2	IKJEFT09 IKJEGINT
UZ82327	MVS Processor Support 2	FBB1221	yes	yes	no	1	IFBOBR01
UZ82941	Base Control Program (BCP)	EBB1102	yes	yes	yes	0	
UZ83118	Base Control Program (BCP)	EBB1102	yes	yes	no	1	IKJRBBCM
UZ83139	Base Control Program (BCP)	EBB1102	yes	yes	no	1	IEAVRT01
UZ83396	Base Control Program (BCP)	EBB1102	yes	yes	yes	1	IKJEFT04
UZ83530	Base Control Program (BCP)	EBB1102	yes	yes	yes	0	
UZ83913	Base Control Program (BCP)	EBB1102	yes	yes	no	1	IKJEFF13
UZ84183	Base Control Program (BCP)	EBB1102	yes	yes	no	2	IKJEBEIA IKJEBESA
UZ84209	Base Control Program (BCP)	EBB1102	yes	yes	no	0	
UZ84276	Base Control Program (BCP)	EBB1102	yes	yes	no	1	IEFAB458
UZ84329	Base Control Program (BCP)	EBB1102	yes	yes	no	2	IKJEFH02 IKJEFH03
UZ84429	MVS Processor Support 2	FDS1122	yes	yes	no	0	
UZ84430	Data Management Support	EDS1102	yes	yes	no	0	
UZ84450	Data Management	EDM1102	yes	yes	no	1	IFG0194F
UZ84553	Data Management	EDM1102	yes	yes	no	1	IGC0002I
UZ84624	Base Control Program (BCP)	EBB1102	yes	yes	no	2	IEAVTFRT IEAVTFSD
UZ84866	Data Management	EDM1102	yes	yes	no	1	IGG0CLCA
UZ90202	MSS — Mass Storage System	EMS1102	yes	yes	no	7	ICGDSB01 ICGDSB05 ICGDSB06 ICGDSB15 ICGDSINT ICGDSS08 ICGDSSCN
UZ90251	Utilities	EUT1102	yes	yes	no	4	IEHMVESM IEHMVMRZ IEHMVMSY IEHMVSSY
UZ90390	Base Control Program (BCP)	EBB1102	yes	yes	no	0	
