module	dlib	year
AHLREADR	AOS11	1978
AHLSBLOK	AOS11	1978
AHLSETD	AOS11	1978
AHLT103	AOS11	1978
AHLTCTL1	AOS11	1978
AHLTEXT	AOS11	1978
AHLTSCN	AOS11	1978
AHLTSIO	AOS11	1978
AHLTSYFL	AOS11	1978
AHLTSYSM	AOS11	1978
AMDPRCVT	AOS12	1978
AMDPRFAR	AOS12	1978
AMDPRLPA	AOS12	1978
AMDSALDR	AOS12	1978
AMDSYS00	AOS12	1978
BLSCENDD	AOS32	1978
BLSCERSE	AOS32	1978
BLSCPOIN	AOS32	1978
BLSCPUTT	AOS32	1978
BLSDSTAE	AOS32	1978
BLSUVSCR	AOS32	1978
BLSUVSMR	AOS32	1978
BLSUVSOQ	AOS32	1978
BNGIPCBX	AOS29	1978
BNGTLOCL	AOS29	1978
BNGTMENU	AOS29	1978
BNGTRMOT	AOS29	1978
HMASMVLU	AOS12	1978
ICB2AEA	AOSD0	1978
ICBINIT	AOSD0	1978
ICKTSTP0	AOSU0	1978
IDA0C05B	AOSA0	1978
IDACKRA1	AOSA0	1978
IDAVBPJ1	AOSA0	1978
IDAVBPS2	AOSA0	1978
IDCCDAU	AOSU0	1978
IDCCDDE	AOSU0	1978
IDCMC01	AOSU0	1978
IDCSA06	AOSU0	1978
IDCSA10	AOSU0	1978
IDCST01	AOSU0	1978
IDCTSAU0	AOSU0	1978
IDCTSMC0	AOSU0	1978
IEAQWAIT	AOS00	1978
IEAVAD02	AOSC5	1978
IEAVAD10	AOSC5	1978
IEAVAD71	AOSC5	1978
IEAVADUS	AOSC5	1978
IEAVAR04	AOSC5	1978
IEAVBLDP	AOSC5	1978
IEAVCARR	AOSC5	1978
IEAVCKEY	AOSC5	1978
IEAVCKRR	AOSC5	1978
IEAVDELP	AOSC5	1978
IEAVDSEG	AOSC5	1978
IEAVECBV	AOSC5	1978
IEAVECH0	AOSC5	1978
IEAVEDSR	AOSC5	1978
IEAVEED0	AOSC5	1978
IEAVEEE2	AOSC5	1978
IEAVEEEP	AOSC5	1978
IEAVEEER	AOSC5	1978
IEAVEEXP	AOSC5	1978
IEAVEF00	AOSC5	1978
IEAVEMCR	AOSC5	1978
IEAVEMDL	AOSC5	1978
IEAVEMIN	AOSC5	1978
IEAVEMRQ	AOSC5	1978
IEAVEMS0	AOSC5	1978
IEAVEPD0	AOSC5	1978
IEAVEPDR	AOSC5	1978
IEAVESCR	AOSC5	1978
IEAVESVC	AOSC5	1978
IEAVEVT0	AOSC5	1978
IEAVEXS	AOSC5	1978
IEAVGCAS	AOSC5	1978
IEAVGPRR	AOSC5	1978
IEAVIOCP	AOSC5	1978
IEAVITAS	AOSC5	1978
IEAVMASV	AOSC5	1978
IEAVMNTR	AOSC5	1978
IEAVMQWR	AOSC5	1978
IEAVPFTE	AOSC5	1978
IEAVPRSB	AOSC5	1978
IEAVRT02	AOSC5	1978
IEAVRTOD	AOSC5	1978
IEAVTMSI	AOSC5	1978
IEAVTPMT	AOSC5	1978
IEAVTRCE	AOSC5	1978
IEAVTRT1	AOSC5	1978
IEAVVINT	AOSC5	1978
IEBBSCAN	AOSU0	1978
IEBCCS02	AOSU0	1978
IEBGENS3	AOSU0	1978
IEBUPDTE	AOSU0	1978
IEBUPLOG	AOSU0	1978
IECQBFG1	AOSD0	1978
IECTTRNS	AOS20	1978
IECVOID	AOSC5	1978
IED1303D	AOS21	1978
IEDAYBX	AOS21	1978
IEDAYP	AOS21	1978
IEDAYQT	AOST3	1978
IEDAYT	AOS21	1978
IEDAYX	AOS21	1978
IEDAYY	AOS21	1978
IEDBITN	AOS21	1978
IEDBSM	AOS21	1978
IEDCMOUT	AOS21	1978
IEDCSA	AOS21	1978
IEDCSCIN	AOS21	1978
IEDDVAS	AOS21	1978
IEDIAR	AOS21	1978
IEDIAS	AOS21	1978
IEDKHISC	AOS21	1978
IEDMVBFR	AOS21	1978
IEDNCU	AOS21	1978
IEDNID	AOS21	1978
IEDPMD	AOS21	1978
IEDQA1	AOS21	1978
IEDQA2	AOS21	1978
IEDQA8	AOS21	1978
IEDQAB	AOS21	1978
IEDQAC	AOS21	1978
IEDQAD	AOS21	1978
IEDQAF	AOS21	1978
IEDQAI	AOS21	1978
IEDQAL	AOS21	1978
IEDQAN	AOS21	1978
IEDQAO	AOS21	1978
IEDQAP	AOS21	1978
IEDQAQ	AOS21	1978
IEDQAR	AOS21	1978
IEDQATTN	AOS21	1978
IEDQAU	AOS21	1978
IEDQAV	AOS21	1978
IEDQAX	AOS21	1978
IEDQB1	AOS21	1978
IEDQB2	AOS21	1978
IEDQB3	AOS21	1978
IEDQBF	AOS21	1978
IEDQBG	AOS21	1978
IEDQBN	AOS21	1978
IEDQBP	AOS21	1978
IEDQBQ	AOS21	1978
IEDQBR	AOS21	1978
IEDQBV	AOS21	1978
IEDQBX	AOS21	1978
IEDQBY	AOS21	1978
IEDQBZ	AOS21	1978
IEDQE1	AOS21	1978
IEDQE2	AOS21	1978
IEDQE3	AOS21	1978
IEDQE4	AOS21	1978
IEDQE6	AOS21	1978
IEDQE8	AOS21	1978
IEDQET	AOS21	1978
IEDQGH	AOS21	1978
IEDQGP	AOS21	1978
IEDQGR	AOS21	1978
IEDQHI	AOS21	1978
IEDQIN	AOS21	1978
IEDQNA2	AOS21	1978
IEDQNB	AOS21	1978
IEDQNJ	AOS21	1978
IEDQNT	AOS21	1978
IEDQNU	AOS21	1978
IEDQNV	AOS21	1978
IEDQNW	AOS21	1978
IEDQTL	AOS21	1978
IEDQUI	AOS21	1978
IEDQW25	AOS21	1978
IEDQW33	AOS21	1978
IEDQW42	AOS21	1978
IEDQW44	AOS21	1978
IEDQW47	AOS21	1978
IEDQWA	AOS21	1978
IEDQWA1	AOS21	1978
IEDQWAA	AOS21	1978
IEDQWAB	AOS21	1978
IEDQWAC	AOS21	1978
IEDQWAJ	AOS21	1978
IEDQWB1	AOS21	1978
IEDQWC	AOS21	1978
IEDQWC1	AOS21	1978
IEDQWC2	AOS21	1978
IEDQWD	AOS21	1978
IEDQWEC	AOS21	1978
IEDQWF	AOS21	1978
IEDQWF1	AOS21	1978
IEDQWH	AOS21	1978
IEDQWI	AOS21	1978
IEDQWI5U	AOS21	1978
IEDQWI7	AOS21	1978
IEDQWI8	AOS21	1978
IEDQWIA	AOS21	1978
IEDQWID	AOS21	1978
IEDQWIE	AOS21	1978
IEDQWJ	AOS21	1978
IEDQWJ1	AOS21	1978
IEDQWJ2	AOS21	1978
IEDQWK	AOS21	1978
IEDQWL	AOS21	1978
IEDQWL1	AOS21	1978
IEDQWL2	AOS21	1978
IEDQWL3	AOS21	1978
IEDQWM2	AOS21	1978
IEDQWN	AOS21	1978
IEDQWP	AOS21	1978
IEDQWP1	AOS21	1978
IEDQWP2	AOS21	1978
IEDQWQ	AOS21	1978
IEDQWR	AOS21	1978
IEDQWS	AOS21	1978
IEDQWX	AOS21	1978
IEDQWY	AOS21	1978
IEDQXA	AOS21	1978
IEDRQIN	AOS21	1978
IEDSCLU	AOS21	1978
IEDSCPRP	AOS21	1978
IEDSCPSS	AOS21	1978
IEDXFMI	AOS21	1978
IEDXFMO	AOS21	1978
IEDXTREQ	AOS21	1978
IEE10110	AOSC5	1978
IEE2303D	AOSB3	1978
IEE4103D	AOSB3	1978
IEE4303D	AOSB3	1978
IEE5703D	AOSB3	1978
IEE6303D	AOSB3	1978
IEE6403D	AOSB3	1978
IEE6603D	AOSC5	1978
IEE7203D	AOSB3	1978
IEE7703D	AOSB3	1978
IEE90110	AOSB3	1978
IEECB801	AOSB3	1978
IEECB908	AOSC5	1978
IEECB910	AOSC5	1978
IEECB911	AOSC5	1978
IEECVET7	AOSC5	1978
IEECVFTT	AOSC5	1978
IEEMB820	AOS00	1978
IEEMB821	AOS00	1978
IEEPALTR	AOSB3	1978
IEEPRWI2	AOSB3	1978
IEEVJCL	AOSB3	1978
IEEVSMSG	AOSB3	1978
IEEVSND4	AOST4	1978
IEEVSND5	AOST4	1978
IEEVSND6	AOST4	1978
IEEVSND8	AOST4	1978
IEEVSND9	AOST4	1978
IEEVSTAR	AOSB3	1978
IEFAB424	AOSB3	1978
IEFAB498	AOSB3	1978
IEFAB4A6	AOSB3	1978
IEFAB4E7	AOSB3	1978
IEFAB4F0	AOSB3	1978
IEFAB4M5	AOSB3	1978
IEFAB820	AOSB3	1978
IEFACT	AOSB3	1978
IEFACTRT	AOSB3	1978
IEFBB4M4	AOSB3	1978
IEFBB4M5	AOSB3	1978
IEFDB402	AOSB3	1978
IEFDB4FE	AOSB3	1978
IEFDPOST	AOSB3	1978
IEFIB620	AOSB3	1978
IEFJSSNT	AOSB3	1978
IEFNB9CR	AOSB3	1978
IEFNB9IR	AOSB3	1978
IEFSCAN	AOSB3	1978
IEFSD160	AOSB3	1978
IEFTB720	AOSB3	1978
IEFU29	AOS00	1978
IEFUJI	AOSB3	1978
IEFUJV	AOSB3	1978
IEFUSI	AOSB3	1978
IEFUTL	AOSB3	1978
IEFVGI	AOSB3	1978
IEFVGK	AOSB3	1978
IEFVGM1	AOSB3	1978
IEFVGM10	AOSB3	1978
IEFVGM11	AOSB3	1978
IEFVGM12	AOSB3	1978
IEFVGM13	AOSB3	1978
IEFVGM14	AOSB3	1978
IEFVGM15	AOSB3	1978
IEFVGM16	AOSB3	1978
IEFVGM17	AOSB3	1978
IEFVGM18	AOSB3	1978
IEFVGM19	AOSB3	1978
IEFVGM2	AOSB3	1978
IEFVGM3	AOSB3	1978
IEFVGM4	AOSB3	1978
IEFVGM5	AOSB3	1978
IEFVGM6	AOSB3	1978
IEFVGM67	AOSB3	1978
IEFVGM7	AOSB3	1978
IEFVGM70	AOSB3	1978
IEFVGM76	AOSB3	1978
IEFVGM78	AOSB3	1978
IEFVGM8	AOSB3	1978
IEFVGM9	AOSB3	1978
IEFVHEB	AOSB3	1978
IEFVHL	AOSB3	1978
IEFVHM	AOSB3	1978
IEFVHN	AOSB3	1978
IEFVHR	AOSB3	1978
IEFVINB	AOSB3	1978
IEFVIND	AOSB3	1978
IEHDCONS	AOSU0	1978
IEHMVESQ	AOSU0	1978
IEWFTMIN	AOSC2	1978
IEZDCODE	AOSB3	1978
IEZNCODE	AOSB3	1978
IFDOLTAA	AOS06	1978
IFDOLTAB	AOS06	1978
IFFPJAPV	AOSG0	1978
IFNX5F	AOS03	1978
IFNX5V	AOS03	1978
IFNX6C	AOS03	1978
IFOX0B	AOS03	1978
IFOX0E	AOS03	1978
IFOX0G	AOS03	1978
IGC0001G	ALPALIB	1978
IGC0006H	AOSD0	1978
IGC0107C	AOSG0	1978
IGC0107D	AOSG0	1978
IGC0206H	AOSD0	1978
IGC0306H	AOSD0	1978
IGC0308B	AOSU0	1978
IGC0506H	AOSD0	1978
IGC0606H	AOSD0	1978
IGC0G05B	AOSC6	1978
IGC0G95B	AOSC6	1978
IGC0H05B	AOSC6	1978
IGC0I05B	AOSC6	1978
IGC0J05B	AOS21	1978
IGC0N06C	AOSC6	1978
IGC0P05B	AOSC6	1978
IGC0Q05B	AOSC6	1978
IGC0W05B	AOSC6	1978
IGCSW10D	AOS21	1978
IGCT005C	AOSD7	1978
IGCT005G	AOSD7	1978
IGE0000D	AOSCA	1978
IGE0003C	AOSCA	1978
IGE0011E	AOSD0	1978
IGE0025D	ALPALIB	1978
IGE0804G	AOS21	1978
IGF2503D	AOSCE	1978
IGFC70	AOSCE	1978
IGFC80	AOSCE	1978
IGFCIC	AOSCE	1978
IGFDE0	AOSCE	1978
IGFDS0	AOSCE	1978
IGFDW0	AOSCE	1978
IGFPKREF	AOSCE	1978
IGFPMPFX	AOSCE	1978
IGFPMRTM	AOSCE	1978
IGFPWMSG	AOSCE	1978
IGG01922	AOSD8	1978
IGG01929	AOSD8	1978
IGG0192E	AOSD8	1978
IGG0192G	AOSD8	1978
IGG0192J	AOSD8	1978
IGG0192K	AOSD8	1978
IGG0192L	AOSD8	1978
IGG0192M	AOSD8	1978
IGG0192N	AOSD8	1978
IGG0192O	AOSD8	1978
IGG0192Q	AOSD8	1978
IGG0192T	AOSD8	1978
IGG0192V	AOSD8	1978
IGG0192X	AOSD8	1978
IGG0192Z	AOSD8	1978
IGG01940	AOS21	1978
IGG01948	AOS21	1978
IGG0195D	AOSD8	1978
IGG0195G	AOSD8	1978
IGG0195T	AOSD8	1978
IGG0195U	AOSD8	1978
IGG0196C	AOSD8	1978
IGG0196D	AOSD8	1978
IGG0197C	AOSD0	1978
IGG0198L	AOSD0	1978
IGG019AC	AOSD0	1978
IGG019AE	AOSD0	1978
IGG019AF	AOSD0	1978
IGG019AI	AOSD0	1978
IGG019AK	AOSD0	1978
IGG019AL	AOSD0	1978
IGG019AM	AOSD0	1978
IGG019AV	AOSD0	1978
IGG019AW	AOSD0	1978
IGG019BC	AOSD0	1978
IGG019BD	AOSD0	1978
IGG019BE	AOSD0	1978
IGG019BF	AOSD0	1978
IGG019BG	AOSD0	1978
IGG019BI	AOSD0	1978
IGG019BL	AOSD0	1978
IGG019BP	AOSD0	1978
IGG019CS	AOSD0	1978
IGG019CT	AOSD0	1978
IGG019EK	AOSD0	1978
IGG019FB	AOSD0	1978
IGG019FF	AOSD0	1978
IGG019FJ	AOSD0	1978
IGG019FS	AOSD0	1978
IGG019FT	AOSU0	1978
IGG019HK	AOSD8	1978
IGG019HP	AOSD8	1978
IGG019JI	AOSD8	1978
IGG019JN	AOSD8	1978
IGG019JO	AOSD8	1978
IGG019JP	AOSD8	1978
IGG019JQ	AOSD8	1978
IGG019JR	AOSD8	1978
IGG019JS	AOSD8	1978
IGG019JT	AOSD8	1978
IGG019JU	AOSD8	1978
IGG019JW	AOSD8	1978
IGG019M1	AOS20	1978
IGG019OK	AOSG0	1978
IGG019P8	AOSU0	1978
IGG019R3	AOS21	1978
IGG019RF	AOS21	1978
IGG019RG	AOS21	1978
IGG019RI	AOS21	1978
IGG019RK	AOS21	1978
IGG019RM	AOS21	1978
IGG019T8	AOST3	1978
IGG019V1	AOSD0	1978
IGG019V2	AOSD0	1978
IGG019V3	AOSD0	1978
IGG019V4	AOSD0	1978
IGG02028	AOSD8	1978
IGG0202I	AOSD8	1978
IGG0202J	AOSD8	1978
IGG0202K	AOSD8	1978
IGG0202L	AOSD8	1978
IGG0202M	AOSD8	1978
IGG0202N	AOSD8	1978
IGG02035	AOS21	1978
IGG020FC	AOSD0	1978
IGG0860A	AOSU0	1978
IGG09404	AOST3	1978
IGG0940H	AOST3	1978
IGG0CLAC	AOSA0	1978
IGX00013	AOSC5	1978
IGX00015	AOSC5	1978
IHJARS01	AOSC6	1978
IHJQCP32	AOSC6	1978
IHJQRS20	AOSC6	1978
IHJQRS22	AOSC6	1978
IHJQRS23	AOSC6	1978
IKJ5803D	AOST4	1978
IKJEBEDC	ACMDLIB	1978
IKJEBEDE	ACMDLIB	1978
IKJEBEDX	ACMDLIB	1978
IKJEBEHE	ACMDLIB	1978
IKJEBEMS	ACMDLIB	1978
IKJEBETO	ACMDLIB	1978
IKJEBEVE	ACMDLIB	1978
IKJEES40	ACMDLIB	1978
IKJEES74	AOST4	1978
IKJEES75	AOST4	1978
IKJEFA10	ACMDLIB	1978
IKJEFA12	ACMDLIB	1978
IKJEFA13	ACMDLIB	1978
IKJEFA42	ACMDLIB	1978
IKJEFP03	AOST4	1978
IKJEFP40	AOST4	1978
IKJNULL	AOSB3	1978
IKT0940C	AOST3	1978
IKTCAS21	AOST3	1978
IKTCAS55	AOST3	1978
ILRASM00	AOSC5	1978
ILRFMTPG	AOSC5	1978
ILRFRSLT	AOSC5	1978
ILRJTERM	AOSC5	1978
ILRPEX	AOSC5	1978
ILRSWPDR	AOSC5	1978
ILRTMI00	AOSC5	1978
IRBMFDSP	AOSC5	1978
IRBMFDTA	AOSC5	1978
IRBMFEVT	ALPALIB	1978
IRBMFINP	AOSC5	1978
IRBMFIOI	AOSC5	1978
IRBMFISP	AOSC5	1978
IRBMFITR	AOSC5	1978
IRBMFLAV	AOSC5	1978
IRBMFLMV	AOSC5	1978
IRBMFLSV	AOSC5	1978
IRBMFRSR	AOSC5	1978
IRBMFRTR	AOSC5	1978
IRBMFSAR	AOSC5	1978
IRBMFSDE	AOSC5	1978
IRBMFTRM	AOSC5	1978
ISTAPC35	AOS24	1978
ISTAPC36	AOS24	1978
ISTAPC37	AOS24	1978
ISTAPC38	AOS24	1978
ISTAPC51	AOS24	1978
ISTAPC56	AOS24	1978
ISTAPC57	AOS24	1978
ISTAPC59	AOS24	1978
ISTATM00	AOS26	1978
ISTCFF3D	AOSB3	1978
ISTINC32	AOS26	1978
ISTINCBL	AOS26	1978
ISTINCMD	AOS26	1978
ISTINCMR	AOS26	1978
ISTINCOS	AOS26	1978
ISTINCU6	AOS26	1978
ISTINCV5	AOS26	1978
ISTINCW9	AOS26	1978
ISTNMC9P	AOS24	1978
ISTOCCFD	AOS26	1978
ISTOCCOF	AOS26	1978
ISTOCCSD	AOS26	1978
ISTOCCSL	AOS26	1978
ISTORFBA	AOS24	1978
ISTORFBF	AOS24	1978
ISTORFBQ	AOS24	1978
ISTORFID	AOS24	1978
ISTORFSR	AOS24	1978
ISTRCC51	AOS24	1978
ISTSEC10	AOS24	1978
ISTSEC40	AOS24	1978
ISTSQC0B	AOS26	1978
ISTZDFL0	AOS24	1978
ISTZFMFA	AOS26	1978
