module	library	section	dlib_len	obj_len	verdict
AHLMCIH	AOSC5	AHLMCIH	288	288	EQUAL
AHLTMON	AOS11	AHLTMON	2160	2183	LEN_DIFF
AHLTPMT	AOS11	AHLTPMT	4020	3948	LEN_DIFF
AHLTSCN	AOS11	AHLTSCN	1568	1540	LEN_DIFF
AMDPREID	AOS12	AMDPREID	176	176	EQUAL
AMDPRFRM	AOS12	AMDPRFRM	2574	2557	LEN_DIFF
AMDPRSCN	AOS12	AMDPRSCN	4656	4716	LEN_DIFF
AMDSAGTF	AOS12	AMDSAGTF	916	916	EQUAL
AMDSAUCB	AOS12	AMDSAUCB	835	720	LEN_DIFF
BLSCANLI	AOS32	BLSCANLI	776	776	EQUAL
BLSCPOIN	AOS32	BLSCPOIN	736	736	EQUAL
BLSFTL00	AOS32	BLSFTL00	648	648	EQUAL
BLSRACC	AOS32	BLSRACC	520	520	EQUAL
BLSUZZ2D	AOS32	BLSUZZ2D	136	136	EQUAL
BLSUZZ2R	AOS32	BLSUZZ2R	96	96	EQUAL
BLSVASCB	AOS32	BLSVASCB	3152	3861	LEN_DIFF
HEWLFESD	AOS04	HEWLFESD	2003	1992	LEN_DIFF
HEWLFOPT	AOS04	HEWLFOPT	2140	2108	LEN_DIFF
HMASMAR1	AOS12	HMASMAR1	5200	5200	EQUAL
HMASMBUR	AOS12	HMASMBUR	4552	4552	EQUAL
HMASMRCC	AOS12	HMASMRCC	1320	1320	EQUAL
HMASMSTA	AOS12	HMASMSTA	728	728	EQUAL
IASFCB26	AOSD0	FCB26	69		DLIB_ONLY
IASFCB26	AOSD0	IASFCB26		69	OBJ_ONLY
ICGDSB16	AOSD0	ICGDSB16	952	728	LEN_DIFF
ICKTSBI0	AOSU0	ICKTSBI0	1763	1763	EQUAL
IDA019SM	AOSA0	IDA019SM	402	402	EQUAL
IDA019SU	AOSA0			0	OBJ_ONLY
IDA019SU	AOSA0	IDA019SU	4120	3704	LEN_DIFF
IDCMP01	AOSU0	IDCMP01	22494	21974	LEN_DIFF
IDCRC02	AOSU0	IDCRC02	12910	12942	LEN_DIFF
IDCRS07	AOSU0	IDCRS07	8764	8764	EQUAL
IDCTSDE0	AOSU0	IDCTSDE0	2165	2165	EQUAL
IEAVAD11	AOSC5	IEAVAD11	518	526	LEN_DIFF
IEAVEDR	AOSC5	IEAVEDR	664	680	LEN_DIFF
IEAVEEXT	AOSC5	IEAVEEXT	736	736	EQUAL
IEAVEUPC	AOSC5	IEAVEUPC	6	6	EQUAL
IEBUPDTE	AOSU0			0	OBJ_ONLY
IEBUPDTE	AOSU0	IEBUPDTE	776	772	LEN_DIFF
IEDAY2	AOST3	IEDAY2	696	732	LEN_DIFF
IEDBITN	AOS21	IEDBITN	739	444	LEN_DIFF
IEDQ27	AOS21	IEDQ27	516	516	EQUAL
IEDQB7	AOS21	IEDQB7	284	276	LEN_DIFF
IEDQEC	AOS21	IEDQEC	2246	2162	LEN_DIFF
IEDQNX	AOS21	IEDQNX	1688	1656	LEN_DIFF
IEDQWID	AOS21	IEDQWID	1676	1676	EQUAL
IEDSCPRQ	AOS21	IEDSCPRQ	764	720	LEN_DIFF
IEDUNBND	AOS21	IEDUNBND	724	648	LEN_DIFF
IEE4303D	AOSB3	IEE4303D	662	666	LEN_DIFF
IEEPRWI2	AOSB3	IEEPRWI2	648	624	LEN_DIFF
IEEVPTH	AOSC5	IEEVPTH	6018	5630	LEN_DIFF
IEFAB457	AOSB3	IEFAB457	3629	3436	LEN_DIFF
IEFAB49C	AOSB3	IEFAB49C	338	338	EQUAL
IEFAB4EA	AOSB3	IEFAB4EA	576	576	EQUAL
IEFDB450	AOSB3	IEFDB450	2187	2187	EQUAL
IEFDB4FA	AOSB3	IEFDB4FA	370	370	EQUAL
IEFJDSNA	AOSB3	IEFJDSNA	211	211	EQUAL
IEFJWTOM	AOSB3	IEFJWTOM	472	508	LEN_DIFF
IEFVGM	AOSB3	IEFVGM	1360	1344	LEN_DIFF
IEHDSCAN	AOSU0	IEHDSCAN	2891	2891	EQUAL
IEHMVSSF	AOSU0	IEHVOLMT	3108	2840	LEN_DIFF
IEHMVSTC	AOSU0			0	OBJ_ONLY
IEHMVSTC	AOSU0	IEHMVSTC	1788	1706	LEN_DIFF
IEHMVSTC	AOSU0	MSGSECT	37	37	EQUAL
IFCS2880	AOSCD	IFCS2880	2812	2140	LEN_DIFF
IFCSXXX4	AOSCD	IFCSXXX4	4555	3595	LEN_DIFF
IFCT2204	AOSCD	IFCT2204	3040	3040	EQUAL
IFDMSG53	AOS06	IFDMSG53	312	312	EQUAL
IFOX0G	AOS03	IFOX0G00	536	513	LEN_DIFF
IGC0005D	AOSD8	IGC0005D	516	516	EQUAL
IGCA110D	AOS21	IGCA110D	1585	1449	LEN_DIFF
IGCAD10D	AOS21	IGCAD10D	953	945	LEN_DIFF
IGE0004A	AOS20	IGE0004A	1158	888	LEN_DIFF
IGE0704A	AOS20	IGE0704A	534	462	LEN_DIFF
IGG0192V	AOSD8	IGG0192V	1032	1032	EQUAL
IGG01949	AOS21	IGG01949	1562	1418	LEN_DIFF
IGG019AA	AOSD0	IGG019AA	240	160	LEN_DIFF
IGG019AJ	AOSD0			0	OBJ_ONLY
IGG019AJ	AOSD0	IGG019AJ	408	272	LEN_DIFF
IGG019G2	AOSD8	IGG019G2	2345	2222	LEN_DIFF
IGG019GG	AOSD8	IGG019GG	1281	1386	LEN_DIFF
IGG019IB	AOSD8	IGG019IB	4320	4018	LEN_DIFF
IGG019JP	AOSD8	IGG019JP	1248	1248	EQUAL
IGG019OA	AOSG0			0	OBJ_ONLY
IGG019OA	AOSG0	IGG019OA	3000	3088	LEN_DIFF
IGG019UO	AOSD0	IGG019UO	108	108	EQUAL
IGG026DU	AOSD0	IGG026DU	12	12	EQUAL
IGG08108	AOSD0	IGG08108	2656	2128	LEN_DIFF
IGG0940D	AOST3	IGG0940D	112	112	EQUAL
IGG0CLB3	AOSA0	IGG0CLB3	976	976	EQUAL
IGG0CLBR	AOSA0	IGG0CLBR	1681	1681	EQUAL
IHJQRS24	AOSC6	IGC0905B	1201	1201	EQUAL
IKJCT433	AOST4	IKJCT433	12057	11951	LEN_DIFF
IKJCT435	AOST4	IKJCT435	3299	3764	LEN_DIFF
IKTCAS54	AOST3	IKTCAS54	6498	6498	EQUAL
IKTQMIN	AOST3	IKTQMIN	4044	4052	LEN_DIFF
IQADVM00	AOSC5	IQADVM00	4	4	EQUAL
IRBMFDPP	AOSC5	IRBMFDPP	1422	1422	EQUAL
ISTAPC63	AOS24	ISTAPC63	404	404	EQUAL
ISTESC02	AOS24	ISTESC02	144	144	EQUAL
ISTINCDT	AOS26	ISTINCDT	816	816	EQUAL
ISTINCR1	AOS26	ISTINCR1	1076	1076	EQUAL
ISTINCRR	AOS26	ISTINCRR	4736	4736	EQUAL
ISTINCVA	AOS26	ISTINCVA	9112	8984	LEN_DIFF
ISTSDCBU	AOS26	ISTSDCBU	2828	1800	LEN_DIFF
ISTZBFAM	AOS24	ISTZBFAM	304	304	EQUAL
ISTZEMBB	AOS26	ISTZEMBB	1672	1592	LEN_DIFF
ISTZGFAB	AOS24	ISTZGFAB	444	444	EQUAL
ISTZIFSC	AOS24	ISTZIFSC	1512	1512	EQUAL
