module	ours	ibm	delta	member
HEWLFESD	1992	1991	-1	DLIB
HMASMLCP	3569	3568	-1	LINKLIB(HMASMP)
IEFDB4F9	3900	3901	+1	LPALIB(IEFW21SD)
IFFAHA11	984	985	+1	DLIB
IGG08104	1305	1304	-1	LPALIB(IGC0008A)
IGG0CLB1	2412	2411	-1	LPALIB(IGG0CLA1)
IEAVAD51	796	794	-2	LPALIB(IGC0005A)
IECLMSGC	1296	1294	-2	LPALIB(IECLMSGC)
IECVXDAU	38	40	+2	NUCLEUS(IEANUC01)
IECVXGRT	30	32	+2	NUCLEUS(IEANUC01)
IECVXMGN	46	48	+2	DLIB
IECVXTAT	66	68	+2	NUCLEUS(IEANUC01)
IECVXTPT	26	28	+2	NUCLEUS(IEANUC01)
IEDAYX	58	60	+2	TELCMLIB(IEDAYX)
IEDCSA	10	12	+2	TELCMLIB(IEDIAP03)
IEDQAB	70	72	+2	TELCMLIB(IEDQAB)
IEDQATTN	44	46	+2	NUCLEUS(IEANUC01)
IEDQBF	106	108	+2	TELCMLIB(IEDQBF)
IEDQHI	720	718	-2	LINKLIB(IEDQHI)
IEDQUI	92	94	+2	TELCMLIB(IEDQUI)
IEE20110	1076	1074	-2	LPALIB(IGC20110)
IFCE2880	14307	14309	+2	LINKLIB(IFCE2880)
IFFPKADG	3880	3878	-2	DLIB
IGE0104G	984	986	+2	LPALIB(IGE0104G)
IGE0304G	426	428	+2	LPALIB(IGE0304G)
IGG0197E	1016	1014	-2	LPALIB(IGG0191A)
IGG0197P	1226	1224	-2	DLIB
IGG019FB	232	230	-2	LPALIB(IGG019FB)
IGG019Q9	1655	1657	+2	SVCLIB(IGG019Q9)
IGG019R6	1160	1162	+2	SVCLIB(IGG019R6)
IGG019RM	78	80	+2	SVCLIB(IGG019RM)
IHCGSP02	236	238	+2	DLIB
IOEDKMSG	2782	2784	+2	DLIB
IEFAB49A	1332	1335	+3	LPALIB(IEFW21SD)
IEFVGM11	386	383	-3	LPALIB(IEFVGM11)
IEFVGM12	382	379	-3	LPALIB(IEFVGM12)
IEFVGM16	200	197	-3	LPALIB(IEFVGM16)
IEFVGM2	346	343	-3	LPALIB(IEFVGM2)
IEFVGM4	314	311	-3	LPALIB(IEFVGM4)
IEFVGM5	300	297	-3	LPALIB(IEFVGM5)
IEFVGM78	297	294	-3	LPALIB(IEFVGM78)
IEFVGM9	246	243	-3	LPALIB(IEFVGM9)
IGG019VW	869	872	+3	DLIB
IKJCT435	3302	3299	-3	CMDLIB(EXEC)
ILROPS00	2839	2836	-3	LINKLIB(ILROPS00)
AMDPRFMT	780	776	-4	LPALIB(AMDPRFMT)
IASXWR00	376	372	-4	LPALIB(IASXWR00)
ICGDSB01	1320	1324	+4	DLIB
ICKSA10	1572	1568	-4	LINKLIB(ICKDSF)
ICKVLBL	492	488	-4	LINKLIB(ICKDSF)
IDCTSCK0	1123	1119	-4	LINKLIB(IDCTSCK0)
IEAVBLDP	684	680	-4	NUCLEUS(IEANUC01)
IEAVDELP	440	436	-4	NUCLEUS(IEANUC01)
IEAVEADV	140	136	-4	NUCLEUS(IEANUC01)
IEAVESC0	440	436	-4	NUCLEUS(IEANUC01)
IEAVMODE	188	184	-4	NUCLEUS(IEANUC01)
IEAVRT02	322	318	-4	NUCLEUS(IEANUC01)
IEAVTMTR	76	80	+4	LPALIB(IEAVTMTR)
IEBUPDTE	772	776	+4	LINKLIB(IEBUPDTE)
IECVHDET	1027	1023	-4	NUCLEUS(IEANUC01)
IECVXSKE	46	50	+4	NUCLEUS(IEANUC01)
IECVXSKN	114	118	+4	NUCLEUS(IEANUC01)
IEDAYII	2056	2060	+4	LPALIB(IGC0010A)
IEDQBA	586	590	+4	TELCMLIB(IEDQBA)
IEDQBC	314	318	+4	TELCMLIB(IEDQBC)
IEDQBH	865	869	+4	TELCMLIB(IEDQBH)
IEDQBL	898	902	+4	TELCMLIB(IEDQBL)
IEDQE6	92	96	+4	LINKLIB(IEDQE6)
IEDQNG	254	258	+4	LINKLIB(IEDQNG)
IEDQNH	320	324	+4	LINKLIB(IEDQNH)
IEDQNS	340	336	-4	LINKLIB(IEDQNS)
IEDQTL	106	110	+4	TELCMLIB(IEDQTL)
IEDQWIA	2504	2500	-4	LINKLIB(IEDQWIA)
IEDQWL	1566	1570	+4	LINKLIB(IEDQWL)
IEDQWL1	1864	1868	+4	LINKLIB(IEDQWL1)
IEDQWL3	2384	2388	+4	LINKLIB(IEDQWL3)
IEDQWR	1081	1077	-4	LINKLIB(IEDQW28)
IEE0703D	998	1002	+4	LPALIB(IGC0003D)
IEE1603D	1140	1136	-4	LPALIB(IGC0003D)
IEE2303D	1086	1082	-4	LPALIB(IEE3603D)
IEE4103D	910	906	-4	LPALIB(IGC0003D)
IEE4303D	666	662	-4	LPALIB(IGC0003D)
IEE5703D	706	702	-4	LPALIB(IGC0003D)
IEE7203D	792	788	-4	LPALIB(IGC0003D)
IEE7703D	497	493	-4	LPALIB(IGC0003D)
IEE90110	186	182	-4	LPALIB(IEE70110)
IEECVET6	994	998	+4	LPALIB(IGC0007B)
IEECVET8	830	834	+4	LPALIB(IGC0007B)
IEEMB821	3264	3260	-4	LINKLIB(IEEMB820)
IEEVSMSG	712	708	-4	LPALIB(IEESB605)
IEEVSND5	710	714	+4	DLIB
IEFACT	32	28	-4	DLIB
IEFSCAN	256	252	-4	DLIB
IEFUJI	34	30	-4	LPALIB(IEFSD060)
IEFUJV	30	26	-4	LPALIB(IEFUJV)
IEFUSI	34	30	-4	LPALIB(IEFSD060)
IEFUTL	34	30	-4	LPALIB(IEFSD060)
IEFVGM1	337	333	-4	LPALIB(IEFVGM1)
IEFVGM10	394	390	-4	LPALIB(IEFVGM10)
IEFVGM13	360	356	-4	LPALIB(IEFVGM13)
IEFVGM14	224	220	-4	LPALIB(IEFVGM14)
IEFVGM15	188	184	-4	LPALIB(IEFVGM15)
IEFVGM18	182	178	-4	LPALIB(IEFVGM18)
IEFVGM19	294	290	-4	LPALIB(IEFVGM19)
IEFVGM3	449	445	-4	LPALIB(IEFVGM3)
IEFVGM6	340	336	-4	LPALIB(IEFVGM6)
IEFVGM67	338	334	-4	LPALIB(IEFVGM67)
IEFVGM7	352	348	-4	LPALIB(IEFVGM7)
IEFVGM70	327	323	-4	LPALIB(IEFVGM70)
IEFVGM8	190	186	-4	LPALIB(IEFVGM8)
IEFVGS	1004	1008	+4	LPALIB(IEFNB903)
IEFVHEB	916	912	-4	LPALIB(IEFVH1)
IEFVHH	960	956	-4	LPALIB(IEFNB903)
IEFVHL	364	360	-4	LPALIB(IEFVH1)
IEFVHM	1212	1208	-4	LPALIB(IEFVH1)
IEFVHR	772	768	-4	LPALIB(IEFNB903)
IEFVINB	112	108	-4	LPALIB(IEFVH1)
IEFVIND	456	452	-4	LPALIB(IEFVH1)
IEFXB601	6860	6864	+4	LPALIB(IEFIB600)
IEHMVSRK	688	692	+4	LINKLIB(IEHMVERA)
IEHMVSTL	2792	2796	+4	LINKLIB(IEHMVETL)
IEZDCODE	364	360	-4	LPALIB(IEFVH1)
IEZNCODE	396	392	-4	LPALIB(IEFVH1)
IFCETRN4	1409	1413	+4	LINKLIB(IFCETRN4)
IFCEXXXA	7635	7631	-4	LINKLIB(IFCE8001)
IFFAHA03	482	486	+4	DLIB
IGC0410D	982	986	+4	LPALIB(IGC0410D)
IGC0706F	712	716	+4	LPALIB(IGC0706F)
IGC0810D	1073	1077	+4	LPALIB(IGC0810D)
IGC0I10D	1582	1586	+4	LPALIB(IGC0I10D)
IGC0J10D	1176	1180	+4	LPALIB(IGC0J10D)
IGC0N06C	970	966	-4	LPALIB(IGC0N06C)
IGC0U05B	907	903	-4	LPALIB(IGC0U05B)
IGC0W05B	865	861	-4	LPALIB(IGC0W05B)
IGC1306F	650	654	+4	LPALIB(IGC1306F)
IGC1406F	648	652	+4	LPALIB(IGC1406F)
IGCME10D	844	848	+4	LPALIB(IGCME10D)
IGE0004G	1392	1396	+4	LPALIB(IGE0004G)
IGE0004H	1316	1320	+4	LPALIB(IGE0004H)
IGE0104C	474	478	+4	LPALIB(IGE0104C)
IGE0604G	576	580	+4	LPALIB(IGE0604G)
IGE0904H	934	930	-4	LPALIB(IGE0904H)
IGG0191C	1144	1148	+4	LPALIB(IGG01911)
IGG0191F	1050	1046	-4	DLIB
IGG01929	1012	1008	-4	LPALIB(IGG01929)
IGG0192E	1002	998	-4	LPALIB(IGG0192E)
IGG0192G	1102	1098	-4	LPALIB(IGG0192G)
IGG0192J	718	714	-4	LPALIB(IGG0192J)
IGG0192K	842	838	-4	LPALIB(IGG0192K)
IGG0192L	650	646	-4	LPALIB(IGG0192L)
IGG0192M	716	712	-4	LPALIB(IGG0192M)
IGG0192Q	684	680	-4	LPALIB(IGG0192Q)
IGG0192X	762	758	-4	LPALIB(IGG0192X)
IGG01936	1998	2002	+4	LPALIB(IGG01936)
IGG0195G	768	764	-4	LPALIB(IGG0195G)
IGG0195U	606	602	-4	LPALIB(IGG0195U)
IGG0196C	396	392	-4	LPALIB(IGG0196C)
IGG0196L	720	724	+4	LPALIB(IGG0191D)
IGG0196S	832	828	-4	LPALIB(IGG0196S)
IGG0197A	776	772	-4	DLIB
IGG019KN	1477	1481	+4	LPALIB(IGG019KN)
IGG019Q0	4536	4540	+4	SVCLIB(IGG019Q0)
IGG019Q1	964	968	+4	SVCLIB(IGG019Q1)
IGG019RD	2396	2400	+4	SVCLIB(IGG019RD)
IGG019RG	456	460	+4	SVCLIB(IGG019RG)
IGG019RN	2699	2703	+4	SVCLIB(IGG019RN)
IGG019RO	1194	1198	+4	SVCLIB(IGG019RO)
IGG0201R	584	580	-4	DLIB
IGG02028	1171	1167	-4	LPALIB(IGG02028)
IGG02029	1358	1354	-4	LPALIB(IGG02029)
IGG0202I	936	932	-4	LPALIB(IGG0202I)
IGG0202J	1127	1123	-4	LPALIB(IGG0202J)
IGG0202L	954	950	-4	LPALIB(IGG0202L)
IGG0202N	485	481	-4	LPALIB(IGG0202N)
IGG02030	787	791	+4	LPALIB(IGG02030)
IGG09400	576	572	-4	LPALIB(IGC0009D)
IHCGSP03	348	352	+4	DLIB
IHDGSP03	348	352	+4	DLIB
IHEGSP03	428	432	+4	DLIB
IKJ5803D	188	184	-4	LPALIB(IGC0003D)
IKJEBEDE	1772	1768	-4	CMDLIB(IKJEBEDE)
IKJEBEHE	128	124	-4	CMDLIB(IKJEBEHE)
IKJEBEMS	731	727	-4	CMDLIB(IKJEBEMS)
IKJEBETO	232	228	-4	CMDLIB(IKJEBETO)
IKJEBEVE	348	344	-4	CMDLIB(IKJEBEVE)
IKJEFF19	6927	6931	+4	LINKLIB(IKJEFF19)
IKJEFLF	242	246	+4	LPALIB(IKJEFLF)
IKJEFLGN	4040	4044	+4	LPALIB(IKJEFLA)
IKJEFP03	2064	2060	-4	LPALIB(IKJPARS)
IKJEFP40	890	886	-4	LPALIB(IKJSCAN)
IKJNULL	94	90	-4	DLIB
ISTAICTN	1060	1056	-4	LPALIB(ISTAICTN)
ISTTC035	696	700	+4	VTAMLIB(ISTOLTEP)
IEE3603D	3104	3109	+5	LPALIB(IEE3603D)
IEFSD088	189	194	+5	LPALIB(IEFSD087)
IGC0P05B	735	730	-5	LPALIB(IGC0P05B)
IGG0202M	1050	1045	-5	LPALIB(IGG0202M)
BNGTQEMA	1382	1388	+6	TELCMLIB(BNGTQEMA)
IDCTSTP6	1709	1715	+6	LINKLIB(IDCTSTP6)
IEAVMED2	2310	2304	-6	LPALIB(IEAVMED2)
IECVDDT1	112	118	+6	DLIB
IECVXURT	74	80	+6	NUCLEUS(IEANUC01)
IEDQA6	650	656	+6	TELCMLIB(IEDQA6)
IEDQAE	296	302	+6	TELCMLIB(IEDQAE)
IEDQBJ	266	272	+6	TELCMLIB(IEDQBJ)
IEDQCA	5840	5834	-6	LINKLIB(IEDQCA)
IEDQNO	290	296	+6	LINKLIB(IEDQNO)
IEFAB431	1046	1040	-6	LPALIB(IEFW21SD)
IEFAB472	3220	3214	-6	LPALIB(IEFW21SD)
IGCD510D	1068	1074	+6	LPALIB(IGCD510D)
IGCD710D	369	375	+6	LPALIB(IGCD710D)
IGCI110D	772	778	+6	LPALIB(IGCI110D)
IGCM210D	586	592	+6	LPALIB(IGCM210D)
IGCM510D	571	577	+6	LPALIB(IGCM510D)
IGCMA10D	945	951	+6	LPALIB(IGCMA10D)
IGCMG10D	985	991	+6	LPALIB(IGCMG10D)
IGCR010D	1495	1501	+6	LPALIB(IGCR010D)
IGCV710D	460	466	+6	LPALIB(IGCV710D)
IGG0197Q	734	728	-6	DLIB
IGG019FJ	352	358	+6	LPALIB(IGG019FJ)
IGG019HK	738	744	+6	LPALIB(IGG019HK)
IEHDCONS	1513	1506	-7	LINKLIB(IEHDASDS)
IGCD910D	1113	1120	+7	LPALIB(IGCD910D)
IKJEFA20	4071	4064	-7	LINKLIB(IKJEFA20)
IKJEFD31	1385	1392	+7	CMDLIB(ALLOCATE)
AMDPRCVT	4594	4602	+8	LINKLIB(AMDPRCVT)
AMDPRDPS	3800	3792	-8	LINKLIB(AMDPRDPS)
AMDSALDR	5524	5516	-8	LINKLIB(AMDSALDR)
BLSCPUTT	1160	1152	-8	CMDLIB(BLSU)
BLSRVSLD	2032	2024	-8	CMDLIB(BLSRVSLD)
BLSUVSAR	1120	1112	-8	CMDLIB(BLSUINI2)
HMASMBDL	2008	2000	-8	LINKLIB(HMASMP)
HMASMCOM	5128	5120	-8	LINKLIB(HMASMP)
HMASMRCD	4728	4720	-8	DLIB
HMASMZAP	4739	4731	-8	LINKLIB(HMASMP)
HMBLKLDM	4129	4121	-8	LINKLIB(AMBLIST)
ICB2AEA	946	954	+8	DLIB
ICB2AIR	545	553	+8	DLIB
ICBIORSI	288	296	+8	DLIB
ICBTMSS0	896	904	+8	DLIB
ICGDSB10	1170	1162	-8	DLIB
ICGDSB14	1072	1064	-8	DLIB
ICGDSSCN	2043	2035	-8	DLIB
ICKRILT	144	136	-8	LINKLIB(ICKDSF)
IDA0C05B	764	772	+8	DLIB
IDAVBPJ1	1026	1034	+8	DLIB
IDAVBPP1	1490	1498	+8	LPALIB(IDDWI)
IDCCC01	11570	11562	-8	LINKLIB(IDCCC01)
IDCEX03	676	684	+8	LINKLIB(IDCAMS)
IDCIO05	20412	20404	-8	LINKLIB(IDCAMS)
IDCRS06	11728	11736	+8	LINKLIB(IDCRS01)
IDCSA10	2480	2472	-8	LINKLIB(IDCAMS)
IEAFTEED	5476	5484	+8	LINKLIB(IEAVTFMT)
IEAVAD0D	2706	2714	+8	LPALIB(IGC0005A)
IEAVAD10	788	796	+8	LPALIB(IGC0005A)
IEAVAD31	292	300	+8	LPALIB(IGC0005A)
IEAVAR02	1704	1696	-8	NUCLEUS(IEANUC01)
IEAVEEXP	828	820	-8	NUCLEUS(IEANUC01)
IEAVEMDL	1186	1178	-8	LPALIB(IGC0001C)
IEAVGCAS	2450	2442	-8	NUCLEUS(IEANUC01)
IEAVMDSV	2580	2572	-8	LPALIB(IEAVCTSK)
IEAVSWPC	576	568	-8	NUCLEUS(IEANUC01)
IEAVTJBN	932	940	+8	LPALIB(IEAVTSLP)
IEAVTRTH	1660	1652	-8	NUCLEUS(IEANUC01)
IEAXPALL	764	772	+8	LINKLIB(IEAXPALL)
IEBASCAN	4304	4296	-8	LINKLIB(IEBUPDTE)
IEBGENS3	4073	4065	-8	LINKLIB(IEBGENER)
IECIOFT1	3464	3472	+8	LINKLIB(IECIOFMT)
IECVHIDT	8	16	+8	NUCLEUS(IEANUC01)
IECVXURS	64	72	+8	NUCLEUS(IEANUC01)
IECVXVRU	50	58	+8	DLIB
IEDAYAA	1384	1392	+8	LPALIB(IGC0010A)
IEDAYQT	944	952	+8	LPALIB(IGC0010A)
IEDAYV	3004	3012	+8	TELCMLIB(IEDAYV)
IEDBITN	747	739	-8	TELCMLIB(IEDBITN)
IEDIAR	1419	1427	+8	TELCMLIB(IEDIAR)
IEDOPTN	184	192	+8	TELCMLIB(IEDOPTN)
IEDQB7	276	284	+8	TELCMLIB(IEDQB7)
IEDQBV	632	640	+8	TELCMLIB(IEDQBV)
IEDQFA1	4350	4358	+8	TELCMLIB(IEDQFA1)
IEDQFE10	716	708	-8	LINKLIB(IEDQFE10)
IEDQFM	3711	3719	+8	TELCMLIB(IEDQFM)
IEDQNT	1101	1109	+8	LINKLIB(IEDQNT)
IEDQWE	3484	3476	-8	LINKLIB(IEDQWE)
IEDQWIE	3632	3624	-8	LINKLIB(IEDQWIE)
IEDSAI	1925	1933	+8	TELCMLIB(IEDSAI)
IEDSAO	800	792	-8	TELCMLIB(IEDSAO)
IEDSNS	104	112	+8	TELCMLIB(IEDSNS)
IEDXFMI	490	482	-8	TELCMLIB(IEDXFMI)
IEE23110	1038	1030	-8	LPALIB(IGC23110)
IEE2903D	2674	2682	+8	LPALIB(IGC0003D)
IEE6803D	1076	1068	-8	LPALIB(IGC0003D)
IEECB860	1099	1107	+8	LPALIB(IEECB860)
IEECB909	19800	19808	+8	LPALIB(IEECB905)
IEECVETA	906	914	+8	LPALIB(IGC0007B)
IEEVSEND	2751	2759	+8	LINKLIB(IEEVSEND)
IEEVSND6	1575	1567	-8	LINKLIB(IEEVSEND)
IEFAB441	2232	2240	+8	LPALIB(IEFW21SD)
IEFAB486	4164	4172	+8	LPALIB(IEFW21SD)
IEFAB48A	2298	2306	+8	LPALIB(IEFW21SD)
IEFAB496	1532	1524	-8	LPALIB(IEFW21SD)
IEFAB4EF	1604	1612	+8	LPALIB(IEFW21SD)
IEFAB4UV	2293	2301	+8	LPALIB(IEFW21SD)
IEFBB4M3	8278	8286	+8	LPALIB(IEFW21SD)
IEFDB4FE	562	570	+8	LPALIB(IEFW21SD)
IEFIB660	677	685	+8	LPALIB(IEFSD060)
IEFRPREP	1136	1128	-8	LPALIB(IEFW21SD)
IEFTB720	332	324	-8	LPALIB(IEFW21SD)
IEFTB723	258	266	+8	LPALIB(IEFW21SD)
IEFVHC	544	552	+8	LPALIB(IEFVH1)
IEFVINC	380	372	-8	LPALIB(IEFVH1)
IEFVJA	1776	1784	+8	LPALIB(IEFNB903)
IEHDDOIO	3868	3860	-8	LINKLIB(IEHDDUMP)
IEHDINIT	1900	1892	-8	LINKLIB(IEHDREST)
IEHDRCVR	2474	2482	+8	LINKLIB(IEHDRCVR)
IFCST008	5985	5993	+8	LINKLIB(IFCST008)
IFCSXXXE	3591	3599	+8	LINKLIB(IFCS0817)
IFDOLT18	3584	3576	-8	LINKLIB(IFDOLT)
IFFACA50	504	512	+8	DLIB
IFFAEA04	1016	1008	-8	DLIB
IFG0195A	704	712	+8	DLIB
IFG0196O	664	656	-8	DLIB
IFG0196U	1008	1016	+8	DLIB
IFG019TR	352	360	+8	LPALIB(IFG019TR)
IFG0202A	1584	1592	+8	LPALIB(IGC00020)
IFG0202C	1416	1424	+8	LPALIB(IGC00020)
IFG0202J	1352	1360	+8	LPALIB(IGC00020)
IFG0202L	1600	1592	-8	LPALIB(IGC00020)
IFG0232M	1536	1544	+8	LPALIB(IGC00020)
IFG0551R	1632	1640	+8	LPALIB(IGC0005E)
IFG0552F	1736	1744	+8	LPALIB(IGC0005E)
IFG0552R	1448	1456	+8	LPALIB(IGC0005E)
IFG0552T	1136	1144	+8	DLIB
IFG0RR0A	2776	2784	+8	LPALIB(IFG0RR0A)
IGC0006D	1088	1096	+8	LPALIB(IGC0006D)
IGC0112F	2428	2436	+8	DLIB
IGC0210D	1785	1793	+8	LPALIB(IGC0210D)
IGC0505I	916	908	-8	LPALIB(IGC0005I)
IGC0910D	1000	1008	+8	LPALIB(IGC0910D)
IGC0D10D	1240	1248	+8	LPALIB(IGC0D10D)
IGC0E06F	809	817	+8	LPALIB(IGC0E06F)
IGC0F06F	892	900	+8	LPALIB(IGC0F06F)
IGC0G10D	1009	1017	+8	LPALIB(IGC0G10D)
IGC0H10D	1976	1984	+8	LPALIB(IGC0H10D)
IGC0K10D	1348	1356	+8	LPALIB(IGC0K10D)
IGC0L10D	1092	1100	+8	LPALIB(IGC0L10D)
IGC0N10D	202	210	+8	LPALIB(IGC0N10D)
IGCA010D	795	803	+8	LPALIB(IGCA010D)
IGCA210D	1278	1286	+8	LPALIB(IGCA210D)
IGCA410D	499	507	+8	LPALIB(IGCA410D)
IGCA610D	788	796	+8	LPALIB(IGCA610D)
IGCA710D	530	538	+8	LPALIB(IGCA710D)
IGCA810D	377	385	+8	LPALIB(IGCA810D)
IGCA910D	806	814	+8	LPALIB(IGCA910D)
IGCAA10D	1042	1050	+8	LPALIB(IGCAA10D)
IGCAC10D	588	596	+8	LPALIB(IGCAC10D)
IGCAD10D	945	953	+8	LPALIB(IGCAD10D)
IGCAE10D	735	743	+8	LPALIB(IGCAE10D)
IGCAG10D	536	544	+8	LPALIB(IGCAG10D)
IGCAT10D	1747	1755	+8	LPALIB(IGCAT10D)
IGCC110D	2048	2056	+8	LPALIB(IGCC110D)
IGCDB10D	554	562	+8	LPALIB(IGCDB10D)
IGCDC10D	1140	1148	+8	LPALIB(IGCDC10D)
IGCDD10D	1025	1033	+8	LPALIB(IGCDD10D)
IGCFG10D	1188	1196	+8	LPALIB(IGCFG10D)
IGCFH10D	1484	1492	+8	LPALIB(IGCFH10D)
IGCFK10D	390	398	+8	LPALIB(IGCFK10D)
IGCFQ10D	1980	1988	+8	LPALIB(IGCFQ10D)
IGCI210D	1777	1785	+8	LPALIB(IGCI210D)
IGCI310D	1175	1183	+8	LPALIB(IGCI310D)
IGCM310D	823	831	+8	LPALIB(IGCM310D)
IGCMH10D	845	853	+8	LPALIB(IGCMH10D)
IGCMK10D	354	362	+8	LPALIB(IGCMK10D)
IGCML10D	648	656	+8	LPALIB(IGCML10D)
IGCMN10D	1842	1850	+8	LPALIB(IGCMN10D)
IGCMS10D	1312	1320	+8	LPALIB(IGCMS10D)
IGCMV10D	1699	1707	+8	LPALIB(IGCMV10D)
IGCMY10D	1522	1530	+8	LPALIB(IGCMY10D)
IGCMZ10D	464	472	+8	LPALIB(IGCMZ10D)
IGCN010D	1141	1149	+8	LPALIB(IGCN010D)
IGCT210D	1298	1306	+8	LPALIB(IGCT210D)
IGCV010D	1280	1288	+8	LPALIB(IGCV010D)
IGCV310D	913	921	+8	LPALIB(IGCV310D)
IGCVG10D	712	720	+8	LPALIB(IGCVG10D)
IGE0004I	1452	1460	+8	LPALIB(IGE0004I)
IGE0019I	1664	1656	-8	DLIB
IGE0204G	870	878	+8	LPALIB(IGE0204G)
IGE0904G	172	180	+8	LPALIB(IGE0904G)
IGFC60	1118	1126	+8	LINKLIB(IGFC60)
IGFDI1	1744	1736	-8	LPALIB(IGFDI0)
IGFDM1	1436	1444	+8	LPALIB(IGFDI0)
IGFRINIT	1351	1343	-8	NUCLEUS(IEAVNP06)
IGG01922	985	977	-8	LPALIB(IGG01922)
IGG0192N	708	700	-8	LPALIB(IGG0192N)
IGG0192T	846	838	-8	LPALIB(IGG0192T)
IGG0192U	1024	1016	-8	LPALIB(IGG0192U)
IGG01934	704	712	+8	LPALIB(IGG01934)
IGG01935	1024	1032	+8	LPALIB(IGG01935)
IGG0193M	1020	1012	-8	LPALIB(IGG0193M)
IGG0196A	1002	1010	+8	LPALIB(IGG0191A)
IGG0196K	916	908	-8	LPALIB(IGG0191D)
IGG0197B	976	968	-8	DLIB
IGG019AR	272	280	+8	LPALIB(IGG019AR)
IGG019BL	272	280	+8	LPALIB(IGG019BL)
IGG019BP	976	968	-8	LPALIB(IGG019BP)
IGG019CB	168	176	+8	LPALIB(IGG019CB)
IGG019FS	980	972	-8	LPALIB(IGG019FS)
IGG019FU	376	368	-8	DLIB
IGG019G7	4088	4096	+8	LPALIB(IGG019G7)
IGG019PK	208	216	+8	LPALIB(IGG019PK)
IGG019T4	344	352	+8	LPALIB(IGG019T4)
IGG019TE	852	860	+8	SVCLIB(IGG019TE)
IGG019TI	964	972	+8	SVCLIB(IGG019TI)
IGG0202D	1014	1006	-8	LPALIB(IGG0202D)
IGG0202K	902	894	-8	LPALIB(IGG0202K)
IGG0203K	336	328	-8	LPALIB(IGC00020)
IGG020D1	1120	1112	-8	LPALIB(IGG020P1)
IGG020P2	904	896	-8	LPALIB(IGG020P1)
IGG0290C	1112	1104	-8	LPALIB(IGC0002I)
IGG0325G	1104	1096	-8	LPALIB(IGC0003B)
IGG0325I	3296	3288	-8	LPALIB(IGC0003B)
IGG0325K	616	608	-8	LPALIB(IGC0003B)
IGG0325T	1016	1008	-8	LPALIB(IGG0325Z)
IGG0325W	616	624	+8	LPALIB(IGG0325Z)
IGG032I6	1096	1088	-8	LPALIB(IGC0003B)
IGG0553B	920	912	-8	LPALIB(IGG0553A)
IGG0553D	1104	1096	-8	DLIB
IGG0940A	272	280	+8	LPALIB(IGC0009D)
IGG0940G	160	168	+8	LPALIB(IGC0009D)
IGG0CLAY	2080	2088	+8	LPALIB(IGG0CLA1)
IGG0CLB9	3392	3400	+8	LPALIB(IGG0CLA1)
IGG0CLCF	2612	2620	+8	LPALIB(IGG0CLCA)
IKJCT434	5460	5468	+8	LPALIB(IKJPTGT)
IKJCT466	552	560	+8	CMDLIB(OUTPUT)
IKJEBEDX	1698	1690	-8	CMDLIB(IKJEBERE)
IKJEES74	843	835	-8	CMDLIB(LISTBC)
IKJEFA51	1916	1924	+8	LINKLIB(IKJEFA10)
IKJEFF07	1748	1756	+8	LINKLIB(IKJEFF04)
IKT0940E	252	260	+8	LPALIB(IGC0009D)
IKT93EST	942	934	-8	LPALIB(IGC0009C)
IKTAY8	2880	2888	+8	LPALIB(IGC0001C)
IKTCAS00	3347	3339	-8	LINKLIB(IKTCAS00)
IKTCAS21	1248	1240	-8	LINKLIB(IKTCAS20)
IKTCAS53	868	876	+8	LINKLIB(IKTCAS51)
IKTCAS55	1400	1408	+8	LINKLIB(IKTCAS51)
IKTIIOM	1360	1352	-8	LPALIB(IKJEFLA)
ILRASM00	1056	1048	-8	NUCLEUS(IEANUC01)
ILRPAGIO	1528	1520	-8	NUCLEUS(IEANUC01)
ILRPOS	2288	2280	-8	NUCLEUS(IEANUC01)
ILRSAV	1844	1852	+8	LPALIB(ILRGROUP)
ILRSWAP	2616	2608	-8	NUCLEUS(IEANUC01)
IRARMWAR	1622	1630	+8	LPALIB(IRARMWAR)
IRBMFIHA	2108	2116	+8	LINKLIB(IRBMFIHA)
IRBMFINP	15281	15289	+8	LINKLIB(IRBMFINP)
ISDACSB0	1595	1603	+8	DLIB
ISDAPAD1	8332	8324	-8	DLIB
ISTAPC35	312	320	+8	LPALIB(ISTAPC35)
ISTAPC36	264	272	+8	LPALIB(ISTAPC36)
ISTCSCRL	2382	2390	+8	LPALIB(ISTCSCMR)
ISTDCC02	1902	1910	+8	LPALIB(ISTDCC02)
ISTDCC50	3092	3100	+8	LPALIB(ISTDCC50)
ISTDCC51	580	588	+8	LPALIB(ISTDCC51)
ISTDCC61	588	596	+8	LPALIB(ISTDCC61)
ISTIC006	2140	2148	+8	VTAMLIB(ISTOLTEP)
ISTIC00A	3076	3084	+8	VTAMLIB(ISTOLTEP)
ISTINCD4	562	570	+8	LINKLIB(ISTINM01)
ISTINCFS	2732	2740	+8	LINKLIB(ISTINM01)
ISTINCL1	408	416	+8	LINKLIB(ISTINM01)
ISTINCX1	1020	1028	+8	LINKLIB(ISTINM01)
ISTOCCCB	764	772	+8	LPALIB(ISTOCCCB)
ISTORFBD	456	464	+8	LPALIB(ISTORFBD)
ISTORFPR	324	332	+8	LPALIB(ISTORFPR)
ISTORMMG	544	536	-8	VTAMLIB(ISTORMMG)
ISTRCC30	440	448	+8	LPALIB(ISTRCC30)
ISTSC032	884	876	-8	VTAMLIB(ISTOLTEP)
ISTSDCRS	1734	1742	+8	LINKLIB(ISTINM01)
ISTSDCVB	1420	1428	+8	LINKLIB(ISTINM01)
ISTSEC10	1527	1535	+8	LPALIB(ISTSEC10)
ISTZBFBB	1094	1102	+8	LPALIB(ISTZBFBB)
ISTZCF1A	1336	1344	+8	LPALIB(ISTZCF1A)
ISTZDFC0	1412	1420	+8	LPALIB(ISTZPSVB)
ISTZDFJ0	1712	1704	-8	LPALIB(ISTZDFJ0)
ISTZDFKB	929	937	+8	LPALIB(ISTZDFKB)
ISTZDFL0	84	92	+8	LPALIB(ISTZDFL0)
ISTZEMTA	568	576	+8	LPALIB(ISTZLFVA)
ISTZFMEB	652	644	-8	LPALIB(ISTZFSVB)
ISTZIFLB	1052	1044	-8	LPALIB(ISTZIFLB)
ISTZKFBN	244	252	+8	LPALIB(ISTZKFBN)
IDA0I96C	621	630	+9	DLIB
IEFAB485	3551	3560	+9	LPALIB(IEFW21SD)
IEFAB4F4	1789	1798	+9	LPALIB(IEFW21SD)
IEFBB402	1310	1319	+9	LPALIB(IEFW21SD)
IEFSD094	1140	1149	+9	LPALIB(IEFSD094)
IGC0506C	1201	1210	+9	LPALIB(IGC0506C)
IGG019JH	3658	3649	-9	LPALIB(IGG019JH)
ILRFMTCV	8879	8888	+9	LINKLIB(ILRFMT00)
ICKTSRI0	2978	2968	-10	LINKLIB(ICKDSF)
IEDQA0	204	214	+10	TELCMLIB(IEDQA0)
IEDQAW	384	394	+10	TELCMLIB(IEDQAW)
IEE40110	699	709	+10	LPALIB(IGC40110)
IEE4603D	1686	1696	+10	LPALIB(IEE3603D)
IEE6903D	1486	1496	+10	LPALIB(IGC0003D)
IEE7803D	516	506	-10	LPALIB(IGC0003D)
IGCM810D	1083	1093	+10	LPALIB(IGCM810D)
IGG0191J	786	796	+10	LPALIB(IGG0191D)
IGG01939	765	775	+10	LPALIB(IGG01939)
IGG019LC	283	293	+10	LPALIB(IGG019LC)
IEECVETV	1355	1366	+11	LPALIB(IGC0007B)
IEECVFTO	1005	994	-11	LPALIB(IGC0007B)
IGG0191L	961	972	+11	LPALIB(IGG0191L)
AHLT103	1512	1524	+12	LINKLIB(AHLGTF)
HEWLFINP	1670	1658	-12	DLIB
IEAVMDOM	2656	2644	-12	LPALIB(IEAVCTSK)
IEDAYGP	2160	2172	+12	LPALIB(IGC0010A)
IEDAYZ	2926	2938	+12	TELCMLIB(IEDAYZ)
IEEMB805	960	972	+12	LINKLIB(IEEMB803)
IEFSD101	908	920	+12	LPALIB(IEFSD060)
IEFVHF	680	692	+12	LPALIB(IEFVH1)
IGC0009D	279	291	+12	LPALIB(IGC0009D)
IGC0L05B	360	372	+12	LPALIB(IGC0L05B)
IGCT005G	2864	2852	-12	LPALIB(IGCT005G)
IGG0191Q	1088	1100	+12	LPALIB(IGG01911)
IGG0192F	676	688	+12	LPALIB(IGG0192F)
IGG019G2	2333	2345	+12	LPALIB(IGG019G2)
IGG019G8	1539	1551	+12	LPALIB(IGG019G8)
IGG019G9	1764	1776	+12	LPALIB(IGG019G9)
IGG019I9	1791	1803	+12	LPALIB(IGG019I9)
IGG019KK	399	411	+12	LPALIB(IGG019KA)
IGG019T8	154	166	+12	LPALIB(IGG019T8)
IGG0203A	1075	1087	+12	LPALIB(IGG0203A)
IGG09409	180	192	+12	LPALIB(IGC0009D)
IKJEFT06	1684	1696	+12	LPALIB(IKJEFT01)
IKJRBBU0	8144	8156	+12	LINKLIB(IKJRBBU0)
IKT0009D	220	232	+12	LPALIB(IGC0009D)
IOEDKRDR	13172	13184	+12	DLIB
ISTSDCCL	2004	2016	+12	LINKLIB(ISTINM01)
ISTSDCML	660	672	+12	LINKLIB(ISTINM01)
ISTSDCP4	532	544	+12	LINKLIB(ISTINM01)
IGG0191M	1117	1104	-13	LPALIB(IGG0191L)
IGG019FF	472	485	+13	LPALIB(IGG019FF)
IGG019G0	2597	2610	+13	LPALIB(IGG019G0)
IGG019G1	2612	2625	+13	LPALIB(IGG019G1)
IGG019G3	2601	2614	+13	LPALIB(IGG019G3)
IGG019G4	3166	3179	+13	LPALIB(IGG019G4)
IGG019G5	3242	3255	+13	LPALIB(IGG019G5)
IGG019G6	3559	3572	+13	LPALIB(IGG019G6)
IGG019HA	853	866	+13	LPALIB(IGG019HA)
IEAVAR01	274	288	+14	LPALIB(IEAVAR00)
IECVXPRE	74	88	+14	NUCLEUS(IEANUC01)
IEDAYAB	30	44	+14	TELCMLIB(IEDAYAB)
IEDQA3	556	542	-14	TELCMLIB(IEDQA3)
IEDQA4	750	764	+14	TELCMLIB(IEDQA4)
IEDQBE	336	350	+14	TELCMLIB(IEDQBE)
IEECVET2	404	418	+14	LPALIB(IGC0007B)
IGCI010D	1352	1366	+14	LPALIB(IGCI010D)
IEEPRTN2	233	248	+15	LPALIB(IEEPRTN)
IKJEFLA	1625	1640	+15	LPALIB(IKJEFLA)
AHLTSYSM	3842	3858	+16	LPALIB(AHLTSYSM)
AHLVCON	132	148	+16	LPALIB(AHLVCON)
AMDSASIO	2120	2136	+16	LINKLIB(AMDSAPGE)
AMDSYS05	753	769	+16	LPALIB(AMDSYS05)
BNGIEXIT	1652	1668	+16	DLIB
BNGIREAD	4414	4398	-16	DLIB
HEWLFINC	2506	2522	+16	DLIB
HEWLFOPT	2108	2092	-16	DLIB
HMASMAAR	3224	3208	-16	LINKLIB(HMASMP)
HMASMPIN	4224	4208	-16	LINKLIB(HMASMP)
HMASMULI	912	896	-16	LINKLIB(HMASMP)
ICGDSB11	1777	1761	-16	DLIB
ICGDSB12	1896	1880	-16	DLIB
ICGDSB13	1814	1798	-16	DLIB
ICGDSINT	1836	1852	+16	DLIB
ICHRIN00	168	152	-16	LPALIB(ICHRIN00)
IDCRD04	6518	6534	+16	DLIB
IDCST01	1864	1880	+16	DLIB
IDDWIFRR	1437	1453	+16	LPALIB(IDDWI)
IEAFTIHS	5812	5828	+16	LINKLIB(IEAVTFMT)
IEAVCARR	866	850	-16	NUCLEUS(IEANUC01)
IEAVEMCR	1179	1163	-16	LPALIB(IEAVEMCR)
IEAVGFRR	3270	3254	-16	NUCLEUS(IEANUC01)
IEAVGPRR	2834	2818	-16	NUCLEUS(IEANUC01)
IEAVNP11	8408	8424	+16	NUCLEUS(IEAVNP11)
IEAVTRT2	4084	4100	+16	LPALIB(IGC0001C)
IEAVTSDF	643	659	+16	LPALIB(IGC0005A)
IEBDGCUP	1017	1033	+16	LINKLIB(IEBDGCUP)
IEDAYD	160	144	-16	TELCMLIB(IEDAYD)
IEDIAB	1629	1645	+16	LINKLIB(IEDIAB)
IEDQBU	974	990	+16	TELCMLIB(IEDQBU)
IEDQFE20	456	472	+16	LINKLIB(IEDQFE20)
IEDQGT	1615	1599	-16	TELCMLIB(IEDQGT)
IEE0403D	1414	1430	+16	LPALIB(IGC0003D)
IEE3703D	977	993	+16	LPALIB(IGC0003D)
IEECVET9	886	902	+16	LPALIB(IGC0007B)
IEECVFTB	1022	1038	+16	LPALIB(IGC0007B)
IEESB605	2628	2644	+16	LPALIB(IEESB605)
IEESB665	907	891	-16	LPALIB(IEESB665)
IEESB670	1103	1087	-16	LPALIB(IEESB670)
IEFAB4FA	4394	4410	+16	LPALIB(IEFAB4E5)
IEFDB402	486	470	-16	LPALIB(IEFW21SD)
IEFIB620	863	847	-16	LPALIB(IEFSD060)
IEFIB621	570	586	+16	LPALIB(IEFSD060)
IEFIB645	800	784	-16	LPALIB(IEFIB600)
IEFISEXR	364	348	-16	LPALIB(IEFIRECM)
IEFJWTOM	472	488	+16	LPALIB(IEFJSUBI)
IEFNB9CR	636	620	-16	LPALIB(IEFVH1)
IEFNB9IR	636	620	-16	LPALIB(IEFNB903)
IEFVGM	1344	1360	+16	LPALIB(IEFNB903)
IEHDDUMP	3448	3432	-16	LINKLIB(IEHDDUMP)
IFCFRAMC	17328	17344	+16	LINKLIB(IFCFRAME)
IFDOLT44	370	386	+16	DLIB
IFDOLT52	850	866	+16	LINKLIB(IFDOLT)
IFFAFA08	960	976	+16	DLIB
IFFAFA09	838	854	+16	DLIB
IFG0200Z	1200	1216	+16	LPALIB(IGC00020)
IFG0552N	648	632	-16	DLIB
IGC0D06F	1032	1048	+16	LPALIB(IGC0D06F)
IGC0K05B	2442	2426	-16	LPALIB(IGC0K05B)
IGCA510D	1254	1270	+16	LPALIB(IGCA510D)
IGCAB10D	651	667	+16	LPALIB(IGCAB10D)
IGCMF10D	994	1010	+16	LPALIB(IGCMF10D)
IGCMR10D	696	712	+16	LPALIB(IGCMR10D)
IGCMU10D	650	666	+16	LPALIB(IGCMU10D)
IGCT110D	1410	1426	+16	LPALIB(IGCT110D)
IGCV410D	786	802	+16	LPALIB(IGCV410D)
IGCZ010D	1730	1746	+16	LPALIB(IGCZ010D)
IGFDE0	300	316	+16	LPALIB(IGC0003D)
IGFDE1	1223	1239	+16	LPALIB(IGC0003D)
IGG0191U	782	798	+16	LPALIB(IGG0191A)
IGG0193K	856	840	-16	DLIB
IGG0193Y	2295	2311	+16	LPALIB(IGG0193Y)
IGG01946	1492	1508	+16	LPALIB(IGG01946)
IGG0194Q	1344	1328	-16	LPALIB(IGG0194Q)
IGG019BF	576	592	+16	LPALIB(IGG019BF)
IGG019PH	128	144	+16	LPALIB(IGG019PH)
IGG019T3	388	404	+16	LPALIB(IGG019T3)
IGG0201D	600	616	+16	DLIB
IGG0325E	1024	1008	-16	LPALIB(IGC0003B)
IGG0CLAI	1846	1830	-16	LPALIB(IGG0CLA1)
IGG0CLAR	1040	1024	-16	LPALIB(IGG0CLA1)
IGG0CLBJ	1387	1403	+16	LPALIB(IGG0CLA1)
IGG0CLBL	3674	3658	-16	LPALIB(IGG0CLA1)
IKJCT472	704	688	-16	LINKLIB(IKJCT469)
IKJEFD33	1720	1736	+16	CMDLIB(ALLOCATE)
IKJEFD35	832	848	+16	CMDLIB(ALLOCATE)
IKJEFD37	3328	3344	+16	CMDLIB(ALLOCATE)
IKJEFLEA	3882	3898	+16	LPALIB(IKJEFLA)
IKJEFLK	888	872	-16	LPALIB(IKJEFLA)
IKJEHMEM	1192	1208	+16	CMDLIB(IKJEHMEM)
IKTCAS52	876	860	-16	LINKLIB(IKTCAS51)
ILRFMTSW	7132	7148	+16	LINKLIB(ILRFMT00)
IRARMERR	2192	2176	-16	NUCLEUS(IEANUC01)
IRARMSRV	1564	1548	-16	NUCLEUS(IEANUC01)
IRBMFDTA	1856	1872	+16	LINKLIB(IRBMFMFC)
IRBMFSAR	1234	1250	+16	LINKLIB(IRBMFRGM)
ISTAPC57	664	680	+16	LPALIB(ISTAPC57)
ISTAPC84	564	580	+16	LPALIB(ISTAPC84)
ISTCFMTM	1794	1778	-16	LPALIB(ISTCFMTM)
ISTDCC00	2724	2740	+16	LPALIB(ISTDCC00)
ISTDCC11	2392	2408	+16	LPALIB(ISTDCC11)
ISTDCC40	2180	2196	+16	LPALIB(ISTDCC40)
ISTIC002	4224	4240	+16	VTAMLIB(ISTOLTEP)
ISTINCD2	408	424	+16	LINKLIB(ISTINM01)
ISTINCL3	618	634	+16	LINKLIB(ISTINM01)
ISTINCNS	1612	1596	-16	LINKLIB(ISTINM01)
ISTINCPH	4052	4068	+16	LINKLIB(ISTINM01)
ISTOCCCC	4020	4004	-16	LPALIB(ISTOCCRT)
ISTRCC51	2161	2177	+16	LPALIB(ISTRCC51)
ISTRCC52	1064	1080	+16	LPALIB(ISTRCC52)
ISTSDCGE	3616	3600	-16	LINKLIB(ISTINM01)
ISTSDCHS	735	751	+16	LINKLIB(ISTINM01)
ISTZBF0A	1925	1941	+16	LPALIB(ISTZBF0A)
ISTZBFFB	2194	2178	-16	LPALIB(ISTZBFFB)
ISTZBFIF	2888	2904	+16	LPALIB(ISTZBFIF)
ISTZBFOB	456	440	-16	LPALIB(ISTZPSVB)
ISTZBM0K	728	744	+16	LPALIB(IGE0004{)
ISTZDFPR	363	379	+16	LPALIB(ISTZPSVB)
ISTZIFBB	572	588	+16	LPALIB(ISTZIFBB)
ISTZIFWB	685	669	-16	LPALIB(ISTZIFWB)
AHLWTASK	2831	2848	+17	LINKLIB(AHLWTASK)
AMDPRFRM	2557	2574	+17	LINKLIB(AMDPRXED)
IDACKRA1	1033	1016	-17	DLIB
IEAVAD0E	2610	2627	+17	LPALIB(IGC0005A)
IEAVSTAA	1617	1600	-17	LPALIB(IEAVCTSK)
IEAVTLCL	2865	2882	+17	LPALIB(IEAVTSLP)
IEFAB432	1974	1991	+17	LPALIB(IEFW21SD)
IEFAB458	1267	1250	-17	LPALIB(IEFW21SD)
IEFAB459	2476	2493	+17	LPALIB(IEFW21SD)
IEFDB410	5109	5126	+17	LPALIB(IEFW21SD)
IEFDB4F8	1941	1958	+17	LPALIB(IEFW21SD)
IFCET005	740	723	-17	LINKLIB(IFCET005)
IGG0199L	1104	1121	+17	LPALIB(IGG0191L)
IKJEFA10	2982	2965	-17	LINKLIB(IKJEFA10)
IKJEFA13	3506	3489	-17	LINKLIB(IKJEFA10)
IECVXDRT	146	164	+18	DLIB
IEDQA5	1170	1188	+18	TELCMLIB(IEDQA5)
IEECVETC	920	938	+18	LPALIB(IGC0007B)
IEEVMNT2	812	830	+18	LPALIB(IEEVMNT2)
IFDOLT03	1730	1712	-18	LINKLIB(IFDOLT03)
IGG0210A	790	808	+18	LPALIB(IGC0002A)
IGG019IO	4019	4038	+19	LPALIB(IGG019IO)
AHLMCER	1348	1368	+20	LPALIB(AHLSETD)
IDCCDDU	952	972	+20	DLIB
IDCCDMG	1260	1240	-20	DLIB
IDCTSLC0	8932	8952	+20	LINKLIB(IDCTSLC0)
IECVXDAT	110	130	+20	NUCLEUS(IEANUC01)
IEDAYA	740	760	+20	TELCMLIB(IEDAYA)
IEDQBM	670	690	+20	TELCMLIB(IEDQBM)
IEDQBT	2626	2646	+20	TELCMLIB(IEDQBT)
IEDQNJ	670	690	+20	LINKLIB(IEDQNJ)
IEECB866	5848	5868	+20	LPALIB(IEECB866)
IEECVET3	258	238	-20	LPALIB(IGC0007B)
IEFSD089	1526	1546	+20	LPALIB(IEFSD087)
IEHMVSSX	3544	3524	-20	LINKLIB(IEHMVESV)
IFCSXXXH	8254	8234	-20	LINKLIB(IFCSXXXH)
IGCT005C	2508	2488	-20	LPALIB(IGCT005C)
IGE0404H	872	892	+20	LPALIB(IGE0404H)
IGG0191R	650	670	+20	LPALIB(IGG01911)
IGG01928	900	920	+20	LPALIB(IGG01928)
IGG0192C	996	1016	+20	LPALIB(IGG0192C)
IGG0192R	872	892	+20	LPALIB(IGG0192R)
IGG019Q6	1296	1316	+20	SVCLIB(IGG019Q6)
IGG0202B	922	942	+20	LPALIB(IGG0202B)
IGG09408	564	584	+20	LPALIB(IGC0009D)
IGG0CLAN	3900	3880	-20	LPALIB(IGG0CLA1)
IKJCT469	3652	3672	+20	LINKLIB(IKJCT469)
IKJEBECI	2692	2712	+20	CMDLIB(IKJEBECI)
IKJEFD32	3492	3512	+20	CMDLIB(ALLOCATE)
ILRFMT00	9244	9264	+20	LINKLIB(ILRFMT00)
ILRFMTPG	4196	4216	+20	LINKLIB(ILRFMT00)
IEFSDTTE	2190	2211	+21	LPALIB(IEFSDTTE)
IGC0T05B	989	968	-21	LPALIB(IGC0T05B)
HEWLFAPT	820	798	-22	DLIB
IECQBFG1	216	238	+22	LPALIB(IECQBFG1)
IEDAYF	518	540	+22	TELCMLIB(IEDAYF)
IEDQW25	1641	1663	+22	LINKLIB(IEDQW25)
IGCD810D	892	914	+22	LPALIB(IGCD810D)
IGG0197F	1240	1262	+22	LPALIB(IGG0191A)
IGG019UP	454	476	+22	LPALIB(IGG019UP)
IKJEFD34	2586	2608	+22	CMDLIB(ALLOCATE)
IGG0CLAW	3216	3239	+23	LPALIB(IGG0CLA1)
AMDPRSN2	3697	3721	+24	LINKLIB(AMDPRSCN)
HMASMMPA	1736	1712	-24	LINKLIB(HMASMP)
HMASMMPD	1392	1368	-24	LINKLIB(HMASMP)
ICB2ACT	308	332	+24	DLIB
ICKSA01	2384	2408	+24	LINKLIB(ICKDSF)
IDA019RN	1396	1420	+24	LPALIB(IDA019L1)
IDA019RS	3924	3948	+24	LPALIB(IDA019L1)
IDA121A5	192	216	+24	LPALIB(IDA121A5)
IDAIIPM1	904	928	+24	LPALIB(IDAIIPM1)
IDCRD03	6548	6572	+24	DLIB
IDCRD05	11710	11686	-24	DLIB
IDDWIJRN	1738	1762	+24	LPALIB(IDDWI)
IEAVAR04	1450	1474	+24	LPALIB(IEAVAR00)
IEAVNPA5	2570	2594	+24	NUCLEUS(IEAVNP05)
IEAVTFRD	1508	1532	+24	LINKLIB(IEAVTFSD)
IEAVTMSI	666	690	+24	LINKLIB(IEAVTMSI)
IEAVTSSE	3462	3486	+24	LPALIB(IGC0005A)
IECVIOPM	2840	2864	+24	LPALIB(IECVIOPM)
IECVSMGR	4884	4860	-24	NUCLEUS(IEANUC01)
IEDQAJ	468	492	+24	TELCMLIB(IEDQAJ)
IEDQB4	190	214	+24	TELCMLIB(IEDQB4)
IEDQDA	202	226	+24	LINKLIB(IEDQDA)
IEDQES	266	290	+24	LINKLIB(IEDQES)
IEDQWB2	2376	2400	+24	LINKLIB(IEDQWB2)
IEECVFTA	880	904	+24	LPALIB(IGC0007B)
IEEMB806	1097	1121	+24	LINKLIB(IEEMB803)
IEEMB820	510	534	+24	LINKLIB(IEEMB820)
IEEPRWI2	624	648	+24	LPALIB(IEEPRWI2)
IEFAB491	2552	2528	-24	LPALIB(IEFW21SD)
IEFIIC	708	732	+24	LPALIB(IEFSD060)
IEHATLAS	4196	4220	+24	LINKLIB(IEHATLAS)
IFCFMTIO	1272	1248	-24	LINKLIB(IFCERFMT)
IFCIOHND	14722	14746	+24	LINKLIB(IFCEREP1)
IFCSXXX7	3124	3148	+24	LINKLIB(IFCS1001)
IFCSXXX9	5076	5100	+24	LINKLIB(IFCS1002)
IFG0193E	944	968	+24	DLIB
IFG0232G	1248	1272	+24	LPALIB(IGC00020)
IFG0552D	448	472	+24	DLIB
IFG0555H	2288	2312	+24	DLIB
IGC0007C	808	784	-24	LPALIB(IGC0007C)
IGC018	2936	2912	-24	NUCLEUS(IEANUC01)
IGC0510D	1064	1088	+24	LPALIB(IGC0510D)
IGC0610D	1320	1344	+24	LPALIB(IGC0610D)
IGC0S05B	2240	2264	+24	LPALIB(IGC0S05B)
IGC1206F	194	218	+24	LPALIB(IGC1206F)
IGCA310D	1700	1724	+24	LPALIB(IGCA310D)
IGCFF10D	1528	1552	+24	LPALIB(IGCFF10D)
IGCM110D	1142	1166	+24	LPALIB(IGCM110D)
IGFDW0	872	896	+24	LPALIB(IGFDI0)
IGG0198B	1308	1332	+24	LPALIB(IGG0198B)
IGG019JA	1038	1062	+24	LPALIB(IGG019JA)
IGG019KM	747	723	-24	LPALIB(IGG019KM)
IGG0203B	336	360	+24	LPALIB(IGG0203B)
IGG0325D	1040	1016	-24	LPALIB(IGC0003B)
IGG086AE	1200	1176	-24	LPALIB(IGG086AE)
IGG0CLA0	1232	1256	+24	LINKLIB(IGG0CLA0)
IGX00013	2292	2316	+24	LPALIB(IGX00013)
IGX00015	204	180	-24	DLIB
IKJCT471	706	730	+24	LINKLIB(IKJCT469)
IKJEFLH	768	792	+24	LPALIB(IKJEFLA)
IKT09409	236	260	+24	LPALIB(IGC0009D)
IKTATTN	452	428	-24	LPALIB(IKTIOM02)
IKTCAS22	428	452	+24	LINKLIB(IKTCAS20)
IKTCAS24	816	840	+24	LINKLIB(IKTCAS20)
IKTQMIN	4020	4044	+24	LPALIB(IKTQMIN)
ILRRLG	1540	1564	+24	LPALIB(ILRGROUP)
IRBMFECH	876	900	+24	LPALIB(IRBMFECH)
ISDAHEXP	554	578	+24	DLIB
ISTAICPT	1946	1922	-24	LPALIB(ISTAICPT)
ISTAPC51	484	508	+24	LPALIB(ISTAPC51)
ISTATM00	2634	2658	+24	VTAMLIB(ISTATM00)
ISTCSCLG	280	304	+24	LPALIB(ISTCSCMR)
ISTDCC21	1600	1624	+24	LPALIB(ISTDCC21)
ISTDCC35	1952	1976	+24	LPALIB(ISTDCC35)
ISTIC000	5708	5732	+24	VTAMLIB(ISTOLTEP)
ISTINCUM	1290	1314	+24	LINKLIB(ISTINM01)
ISTSC029	1160	1184	+24	VTAMLIB(ISTOLTEP)
ISTZBFFA	1245	1269	+24	LPALIB(ISTZBFFA)
ISTZBFY0	698	722	+24	LPALIB(ISTZPSVB)
ISTZEMAB	1340	1364	+24	LPALIB(ISTZFSVB)
ISTZGF0A	5085	5109	+24	LPALIB(ISTZGF0A)
ISTZGFBB	868	892	+24	LPALIB(ISTZGFBB)
ISTZIFAB	1594	1618	+24	LPALIB(ISTZIFAB)
ISTZIFDB	1640	1664	+24	LPALIB(ISTZIFDB)
ISTZIFNB	1615	1639	+24	LPALIB(ISTZIFNB)
IEAVEMIN	914	939	+25	LPALIB(IEAVEMCR)
IEEMPDEV	9824	9849	+25	LINKLIB(IEEMPDEV)
IEFAB487	2757	2732	-25	LPALIB(IEFW21SD)
IEFAB4ED	1158	1183	+25	LPALIB(IEFW21SD)
IKJEFA53	468	443	-25	LINKLIB(IKJEFA10)
IKJEFF54	1015	1040	+25	LINKLIB(IKJEFF51)
ILRTMI00	5285	5260	-25	LINKLIB(ILRTMI00)
IDA019RD	418	444	+26	LPALIB(IDA019RD)
IEECVETK	720	746	+26	LPALIB(IGC0007B)
IEFBB410	6014	6040	+26	LPALIB(IEFW21SD)
IFDOLT00	1824	1850	+26	LINKLIB(IFDOLT)
IFDOLT24	1244	1270	+26	DLIB
IFDOLT55	2462	2488	+26	DLIB
IGCFJ10D	2038	2064	+26	LPALIB(IGCFJ10D)
ISDAAPR0	2191	2217	+26	DLIB
AHLTSCN	1540	1568	+28	LINKLIB(AHLGTF)
AMDPRSEG	3740	3712	-28	LINKLIB(AMDPRDMP)
ICKIO01	4804	4832	+28	LINKLIB(ICKDSF)
IDCTSVS0	1746	1718	-28	DLIB
IEDAYS	2292	2320	+28	TELCMLIB(IEDAYS)
IEDQAH	176	204	+28	TELCMLIB(IEDQAH)
IEDQEW	5100	5128	+28	LINKLIB(IEDQEW)
IEECVFTG	954	982	+28	LPALIB(IGC0007B)
IEEMB825	900	872	-28	LINKLIB(IEEMB820)
IEFAB471	3428	3400	-28	LPALIB(IEFW21SD)
IEFAB49B	2084	2056	-28	LPALIB(IEFW21SD)
IEHDPASS	5752	5724	-28	LINKLIB(IEHDPASS)
IEHPROG4	944	972	+28	LINKLIB(IEHPROGM)
IFFADA01	1810	1838	+28	DLIB
IGE0304C	470	498	+28	LPALIB(IGE0304C)
IGG01916	576	604	+28	LPALIB(IGG01911)
IGG0194N	858	886	+28	LPALIB(IGG0194N)
IGG019KF	769	797	+28	LPALIB(IGG019KA)
IGG019T6	460	488	+28	LPALIB(IGG019T6)
IGG02046	1138	1166	+28	LPALIB(IGG02046)
IGG09301	1180	1208	+28	LPALIB(IGC0009C)
IGG09302	1552	1524	-28	LPALIB(IGC0009C)
IKTTIMRT	3896	3868	-28	LPALIB(IKTIOM01)
ISDAOPT0	3011	3039	+28	DLIB
ISTINCXR	860	888	+28	LINKLIB(ISTINM01)
ISTSDCPU	4160	4188	+28	LINKLIB(ISTINM01)
ICKWV01	2395	2424	+29	LINKLIB(ICKDSF)
IEFAB464	4234	4264	+30	LPALIB(IEFW21SD)
IGG0192A	1130	1160	+30	LPALIB(IGG0192A)
IGG019KE	343	373	+30	LPALIB(IGG019KA)
IGG0201B	868	898	+30	LPALIB(IGG0201Z)
IEECVETE	1000	1031	+31	LPALIB(IGC0007B)
IEFAB492	3009	3040	+31	LPALIB(IEFW21SD)
IGC0106H	711	680	-31	LPALIB(IGC0006H)
AHLSBUF	1390	1422	+32	LPALIB(AHLWSMOD)
AHLTDIR	936	968	+32	LPALIB(AHLSETD)
AHLTUSR	1340	1372	+32	LPALIB(AHLTUSR)
BLSCAMOD	3420	3452	+32	CMDLIB(BLSU)
BNGCRMOT	11878	11910	+32	DLIB
IDA0192I	3867	3899	+32	LPALIB(IDA0192A)
IDAICIA1	2280	2312	+32	LPALIB(IFG0192A)
IDAVBPS2	818	850	+32	DLIB
IDCDE01	5736	5768	+32	LINKLIB(IDCDE01)
IDCSA09	3324	3356	+32	LINKLIB(IDCAMS)
IDCTP06	1814	1782	-32	LINKLIB(IDCAMS)
IEAFTSCB	4676	4708	+32	LINKLIB(IEAVTFMT)
IEAV2540	1276	1308	+32	DLIB
IEBCCS02	3049	3081	+32	LINKLIB(IEBCOMPR)
IEBCREAT	3404	3436	+32	LINKLIB(IEBCREAT)
IEBISC	1600	1632	+32	LINKLIB(IEBISC)
IECVXT3S	154	186	+32	NUCLEUS(IEANUC01)
IEDAYHH	248	280	+32	LPALIB(IGC0010A)
IEDAYW	4280	4312	+32	TELCMLIB(IEDAYW)
IEDLUS	5746	5778	+32	TELCMLIB(IEDLUS)
IEDNTR	644	676	+32	LINKLIB(IEDNTR)
IEDQAM	398	430	+32	TELCMLIB(IEDQAM)
IEDQNX	1656	1688	+32	LINKLIB(IEDQNX)
IEDQOT01	1996	2028	+32	LPALIB(IEDQOT01)
IEDQWE2	3941	3973	+32	LINKLIB(IEDQWE2)
IEDQWO	2660	2692	+32	LINKLIB(IEDQWO)
IEECB912	884	916	+32	LPALIB(IEECB910)
IEECVFT2	990	958	-32	LPALIB(IGC0007B)
IEEMB830	1900	1868	-32	LPALIB(IGC0008C)
IEEVSDIO	2132	2100	-32	CMDLIB(SEND)
IEFAB4DC	3704	3672	-32	LPALIB(IEFW21SD)
IEFAB4DD	1020	988	-32	LPALIB(IEFW21SD)
IEHDREST	2862	2830	-32	LINKLIB(IEHDREST)
IEHPROG5	496	528	+32	LINKLIB(IEHPROGM)
IFASMFDP	2616	2648	+32	LINKLIB(IFASMFDP)
IFCSHARE	6584	6552	-32	LINKLIB(IFCEPARM)
IFG0193D	1504	1536	+32	LPALIB(IFG0194A)
IFG0194A	4560	4592	+32	LPALIB(IFG0194A)
IFG0199D	1088	1120	+32	LPALIB(IFG0199B)
IFG0551D	968	1000	+32	LPALIB(IGC0005E)
IGC0005G	472	504	+32	LPALIB(IGC0005G)
IGCD110D	999	1031	+32	LPALIB(IGCD110D)
IGG0192W	1074	1042	-32	LPALIB(IGG0192W)
IGG0193S	1248	1216	-32	LPALIB(IGG0193S)
IGG019BE	512	544	+32	LPALIB(IGG019BE)
IGG019Q7	1620	1652	+32	SVCLIB(IGG019Q7)
IGG019T5	488	520	+32	LPALIB(IGG019T5)
IGG019T7	396	428	+32	LPALIB(IGG019T7)
IGG08101	1150	1118	-32	LPALIB(IGC0008A)
IKJEBEBO	224	192	-32	CMDLIB(IKJEBEBO)
IKJEFF20	395	427	+32	LPALIB(IKJEFF76)
IKJEFF52	1696	1728	+32	LINKLIB(IKJEFF51)
IKJEFP20	2274	2306	+32	LPALIB(IKJPARS)
IKT0940A	304	336	+32	LPALIB(IGC0009D)
IKTASTPT	2092	2060	-32	LPALIB(IGC0009C)
IKTMSGS	1207	1239	+32	LPALIB(IKTMSGS)
IRBMFIOI	1896	1928	+32	LPALIB(IGX00013)
IRBMFTRM	1058	1090	+32	LINKLIB(IRBMFTRM)
ISTAPC23	1548	1580	+32	LPALIB(ISTAPC23)
ISTAPC32	336	368	+32	LPALIB(ISTAPC32)
ISTAPC52	1020	1052	+32	LPALIB(ISTAPC52)
ISTCSCAC	504	536	+32	LPALIB(ISTCSCMR)
ISTCSCAQ	1696	1728	+32	LPALIB(ISTCSCMR)
ISTDCC25	1648	1680	+32	LPALIB(ISTDCC25)
ISTINCX8	1006	1038	+32	LINKLIB(ISTINM01)
ISTINFIC	2224	2256	+32	LINKLIB(ISTINM01)
ISTOCCOD	4252	4284	+32	LPALIB(ISTOCCRT)
ISTOCMDC	168	200	+32	LPALIB(ISTOCMDC)
ISTZFM1B	1438	1470	+32	LPALIB(ISTZFMV0)
ISTZIFCB	2624	2656	+32	LPALIB(ISTZIFCB)
ISTZRM01	668	636	-32	LPALIB(ISTZRM01)
READPSWD	808	840	+32	LPALIB(READPSWD)
IDA0192S	1915	1948	+33	LPALIB(IDA0192A)
IEAVAD02	579	612	+33	LPALIB(IGC0005A)
IEHDANAL	4965	4932	-33	LINKLIB(IEHDANAL)
IGG0202A	1195	1228	+33	LPALIB(IGG0202A)
IECVHREC	8768	8734	-34	NUCLEUS(IEANUC01)
IEDQGQ	1380	1414	+34	LINKLIB(IEDQGQ)
IEDQNM	482	448	-34	LINKLIB(IEDQNM)
IEECB914	1030	1064	+34	LPALIB(IEECB905)
IEFAB4FC	3038	3004	-34	LINKLIB(IEESB601)
IFDOLT30	2500	2534	+34	LINKLIB(IFDOLT)
IGG019CT	44	78	+34	LPALIB(IGG019CT)
IGG020T1	1226	1192	-34	LPALIB(IGG020T1)
HEWLFSCD	3084	3119	+35	DLIB
IDCTSSS0	2929	2964	+35	DLIB
IEECVFTQ	1053	1018	-35	LPALIB(IGC0007B)
IDCCDRP	1116	1080	-36	LINKLIB(IDCCDRP)
IEDAYLL	700	736	+36	LPALIB(IGC0010A)
IEDQAT	548	584	+36	TELCMLIB(IEDQAT)
IEE70110	776	812	+36	LPALIB(IEE70110)
IEECVFTP	982	1018	+36	LPALIB(IGC0007B)
IEFVFB	1984	2020	+36	LPALIB(IEFVH1)
IEFVHE	708	744	+36	LPALIB(IEFNB903)
IFCSAXXX	3783	3819	+36	LINKLIB(IFCSAXXX)
IFDOLT67	1358	1322	-36	LINKLIB(IFDOLT67)
IGG0192B	926	962	+36	LPALIB(IGG0192B)
IGG019BV	411	447	+36	LPALIB(IGG019BV)
IGG019PG	296	260	-36	LPALIB(IGG019PG)
IGG09402	292	328	+36	LPALIB(IGC0009D)
IGG0CLAZ	3020	2984	-36	LPALIB(IGG0CLA1)
IKJEFD30	1396	1432	+36	CMDLIB(ALLOCATE)
IKJEFD36	1196	1232	+36	CMDLIB(ALLOCATE)
ISTSC034	3116	3152	+36	VTAMLIB(ISTSC034)
IEAV1052	2504	2541	+37	LPALIB(IGC0007B)
IEFAB4EE	1160	1197	+37	LPALIB(IEFW21SD)
IFCE0135	8017	7980	-37	LINKLIB(IFCE0135)
IKJEFF57	1003	1040	+37	LINKLIB(IKJEFF57)
IOEDKOPN	1667	1704	+37	DLIB
IDAVBPC1	260	298	+38	LPALIB(IDDWI)
IEAVVRP2	1920	1958	+38	LPALIB(IEAVVRP2)
IEFAB461	2206	2168	-38	LPALIB(IEFW21SD)
HEWLFREL	3820	3859	+39	DLIB
IEAVVINT	1840	1879	+39	LINKLIB(IEAVVINT)
IKJEFF08	863	824	-39	LINKLIB(IKJEFF04)
AHLTPID	2960	3000	+40	LPALIB(AHLTPID)
BLSRDUSC	2024	2064	+40	CMDLIB(BLSRDUSC)
BNGCLOCL	6685	6725	+40	DLIB
BNGI3270	10336	10376	+40	DLIB
BNGIMENU	319	359	+40	DLIB
ICBVSC00	2364	2404	+40	DLIB
ICKSA05	780	740	-40	LINKLIB(ICKDSF)
IDCCN01	13086	13126	+40	DLIB
IDCRS01	17216	17256	+40	LINKLIB(IDCRS01)
IDCTR01	7010	7050	+40	DLIB
IEAVNP03	11848	11888	+40	NUCLEUS(IEAVNP03)
IEAVTFSD	1164	1204	+40	LINKLIB(IEAVTFSD)
IEAVTRTC	4076	4116	+40	LPALIB(IGC0001C)
IEBISU	876	916	+40	LINKLIB(IEBISU)
IECVXVRT	198	238	+40	DLIB
IEDDFOUT	1784	1824	+40	TELCMLIB(IEDDFOUT)
IEDQAG	238	278	+40	TELCMLIB(IEDQAG)
IEDQFE30	3122	3162	+40	LINKLIB(IEDQFE30)
IEE3303D	856	816	-40	LPALIB(IEE3603D)
IEE4403D	1332	1292	-40	LPALIB(IEE3603D)
IEE7303D	858	818	-40	LPALIB(IEE3603D)
IEEMB860	2776	2736	-40	LINKLIB(IEEMB860)
IEFVHCB	2068	2108	+40	LPALIB(IEFVH1)
IEHDIPLI	2504	2464	-40	LINKLIB(IEHDIPLI)
IFDOLT53	944	984	+40	LINKLIB(IFDOLT53)
IFG0550P	1160	1120	-40	LPALIB(IFG0190P)
IFG0551F	1232	1272	+40	LPALIB(IGC0005E)
IFG0551T	664	704	+40	LPALIB(IGC0005E)
IFG0553X	2152	2192	+40	LPALIB(IGC0005E)
IGC0R05B	1803	1843	+40	LPALIB(IGC0R05B)
IGCH010D	2010	2050	+40	LPALIB(IGCH010D)
IGCT010D	1602	1642	+40	LPALIB(IGCT010D)
IGCV910D	2016	1976	-40	LPALIB(IGCV910D)
IGE0704C	584	624	+40	LPALIB(IGE0704C)
IGG0196I	726	766	+40	LPALIB(IGG0191A)
IGG019R4	1896	1936	+40	SVCLIB(IGG019R4)
IGG0201Y	984	1024	+40	LPALIB(IGG0201Z)
IGG03001	2336	2376	+40	LPALIB(IGC00030)
IGG0325C	568	528	-40	LPALIB(IGC0003B)
IGG0325Z	976	1016	+40	LPALIB(IGG0325Z)
IGG08102	1144	1184	+40	LPALIB(IGC0008A)
IGG0CLAM	1633	1673	+40	LPALIB(IGG0CLA1)
IKJEFF49	909	949	+40	LINKLIB(IKJEFF57)
IKJEFT35	1872	1912	+40	LPALIB(IKJPTGT)
IKT09401	284	324	+40	LPALIB(IGC0009D)
IRBMFRGM	3612	3652	+40	LINKLIB(IRBMFRGM)
ISTAPC31	1160	1200	+40	LPALIB(ISTAPC31)
ISTCSCMR	3122	3162	+40	LPALIB(ISTCSCMR)
ISTDCC80	1156	1196	+40	LPALIB(ISTDCC80)
ISTIC008	1880	1840	-40	VTAMLIB(ISTOLTEP)
ISTINCD5	866	906	+40	LINKLIB(ISTINM01)
ISTINCY5	724	764	+40	LINKLIB(ISTINM01)
ISTSDCMT	776	816	+40	LINKLIB(ISTINM01)
ISTZBFZ0	1157	1197	+40	LPALIB(ISTZPSVB)
ISTZDFD0	692	732	+40	LPALIB(ISTZPSVB)
ISTZFM3B	1850	1890	+40	LPALIB(ISTZCEAB)
SECLOADA	536	576	+40	LPALIB(SECLOADA)
IEFDB418	1662	1703	+41	LPALIB(IEFW21SD)
IECLMSGD	1564	1522	-42	LPALIB(IECLMSGD)
IEECVET4	1686	1728	+42	LPALIB(IGC0007B)
IEECVFTM	948	990	+42	LPALIB(IGC0007B)
IEFAB494	1960	2002	+42	LPALIB(IEFW21SD)
IEFAB4E5	1256	1298	+42	LPALIB(IEFAB4E5)
IGG019H3	2278	2320	+42	LPALIB(IGG019H3)
IGG019KJ	3794	3752	-42	LPALIB(IGG019KJ)
IEAVTRET	3648	3605	-43	LPALIB(IEAVTRET)
IKJEFLGM	1365	1408	+43	LPALIB(IKJEFLA)
ICKTSTP1	381	425	+44	LINKLIB(ICKDSF)
IEBISL	1408	1452	+44	LINKLIB(IEBISL)
IEDSCPRQ	720	764	+44	TELCMLIB(IEDSCPRQ)
IEE4803D	914	870	-44	LPALIB(IEE3603D)
IEECVGCI	1426	1382	-44	LINKLIB(IEECVGCI)
IEHDGETA	1747	1703	-44	LINKLIB(IEHDGETA)
IFFAFA03	2268	2224	-44	DLIB
IGFCIC	310	354	+44	LINKLIB(IGFCIC)
IKJEFT25	1888	1932	+44	LINKLIB(IKJEFT25)
IEFAB426	1157	1112	-45	LPALIB(IEFW21SD)
IFCEUKNO	1642	1596	-46	LINKLIB(IFCEUKNO)
IKJEFF03	1988	2034	+46	LINKLIB(IKJEFF04)
IKJEFP10	840	886	+46	LPALIB(IKJPARS)
IFCE2860	6657	6704	+47	LINKLIB(IFCE2860)
IGCD410D	498	545	+47	LPALIB(IGCD410D)
AMDPRAPP	4628	4676	+48	DLIB
IDA019RO	972	1020	+48	LPALIB(IDA019L1)
IDA019RZ	932	980	+48	LPALIB(IDA019L1)
IEAVNP12	4056	4104	+48	NUCLEUS(IEAVNP12)
IEAVTFMT	5384	5432	+48	LINKLIB(IEAVTFMT)
IEBEDIT	8000	8048	+48	LINKLIB(IEBEDIT)
IECTLOPN	687	735	+48	TELCMLIB(IECTLOPN)
IEDAY1	3320	3368	+48	LPALIB(IGCMC10D)
IEDQXC	7760	7808	+48	LINKLIB(IEDQXC)
IEDSCPDS	280	328	+48	TELCMLIB(IEDSCPDS)
IEE0303D	986	1034	+48	LPALIB(IGC0003D)
IEEAB401	1080	1128	+48	LPALIB(IEFW21SD)
IEECVFTN	651	699	+48	LPALIB(IGC0007B)
IEFAB4A6	2128	2176	+48	LPALIB(IEFW21SD)
IEFAB4E7	496	448	-48	LPALIB(IEFW21SD)
IEFIB600	2212	2260	+48	LPALIB(IEFIB600)
IEHMVESH	2112	2064	-48	LINKLIB(IEHMVESH)
IFFAGA06	2808	2856	+48	DLIB
IFG0195U	904	952	+48	LPALIB(IGC0001I)
IFG0552B	1664	1712	+48	DLIB
IGC0002A	1032	1080	+48	LPALIB(IGC0002A)
IGC0006I	1176	1224	+48	LPALIB(IGC0006I)
IGC0008B	2240	2192	-48	LPALIB(IGC0008B)
IGC0C10D	1160	1208	+48	LPALIB(IGC0C10D)
IGCFC10D	946	994	+48	LPALIB(IGCFC10D)
IGCFL10D	1822	1870	+48	LPALIB(IGCFL10D)
IGCM610D	913	961	+48	LPALIB(IGCM610D)
IGCT002D	1040	992	-48	LPALIB(IGCT002D)
IGCVA10D	1988	2036	+48	LPALIB(IGCVA10D)
IGE0104B	402	450	+48	LPALIB(IGE0104B)
IGE0204H	934	982	+48	LPALIB(IGE0204H)
IGFPWMSG	1921	1969	+48	LPALIB(IEAVTRET)
IGG0191S	802	850	+48	LPALIB(IGG01911)
IGG0192D	1051	1099	+48	LPALIB(IGG0192D)
IGG01938	1084	1132	+48	LPALIB(IGG01938)
IGG019AH	1107	1155	+48	LPALIB(IGG019AH)
IGG019DB	882	930	+48	LPALIB(IGG019DB)
IGG019LE	750	798	+48	LPALIB(IGG019LE)
IGG0203Y	1364	1412	+48	LPALIB(IGG0203Y)
IGG03002	1040	992	-48	LPALIB(IGC00030)
IGG0CLB5	4084	4036	-48	LPALIB(IGG0CLA1)
IGG0CLB7	2752	2704	-48	LPALIB(IGG0CLA1)
IKJEFLB	1616	1664	+48	LPALIB(IKJEFLA)
IKT09413	280	328	+48	LPALIB(IGC0009D)
IRARMCNS	2140	2188	+48	NUCLEUS(IEANUC01)
ISTAICIR	2332	2380	+48	LPALIB(ISTAICIR)
ISTOCCOB	2546	2594	+48	LPALIB(ISTOCCOB)
ISTSDCCB	2352	2400	+48	LINKLIB(ISTINM01)
IDA0192D	2982	3032	+50	DLIB
IEAVAD08	752	802	+50	LPALIB(IGC0005A)
IEAVTGLB	5110	5160	+50	LPALIB(IEAVTSLP)
IEE0803D	1085	1135	+50	LPALIB(IGC0003D)
IEFAB477	2298	2348	+50	LPALIB(IEFW21SD)
IEFDB470	1850	1900	+50	LPALIB(IEFW21SD)
IFCS0165	7728	7678	-50	LINKLIB(IFCS0165)
IGC0110D	1127	1177	+50	LPALIB(IGC0110D)
IGC0806H	436	386	-50	LPALIB(IGC0006H)
IEDNKA	3127	3178	+51	TELCMLIB(IEDNKA)
IGG019J3	2176	2227	+51	LPALIB(IGG019J3)
HMASMMPH	1836	1784	-52	LINKLIB(HMASMP)
ICB2ATTN	1043	1095	+52	DLIB
IDCLC02	18512	18564	+52	LINKLIB(IDCLC01)
IDCRC02	12942	12994	+52	LINKLIB(IDCRC01)
IDCSA01	3340	3392	+52	LINKLIB(IDCAMS)
IEE3203D	952	1004	+52	LPALIB(IGC0003D)
USRDDT00	208	156	-52	NUCLEUS(IEANUC01)
IDCRI04	14013	14066	+53	LINKLIB(IDCRI04)
IGC0M05B	1959	2013	+54	LPALIB(IGC0M05B)
IGCZ110D	1305	1359	+54	LPALIB(IGCZ110D)
IKJEFF55	2008	2062	+54	LINKLIB(IKJEFF50)
IDAOCEA1	769	824	+55	LPALIB(IFG0192A)
IGG0CLAK	3860	3915	+55	LPALIB(IGG0CLA1)
AMDPRFDS	12336	12392	+56	LINKLIB(AMDPRFDS)
IDA0192B	6552	6608	+56	LPALIB(IDA0192A)
IDA019RG	3556	3612	+56	LPALIB(IDA019L1)
IDA019RW	3060	3116	+56	LPALIB(IDA019L1)
IDAIISM1	1603	1659	+56	LPALIB(IDAIISM1)
IDCSA06	9328	9272	-56	LINKLIB(IDCAMS)
IEAVTAS3	2788	2844	+56	LPALIB(IGC0001C)
IEBISSI	944	1000	+56	LINKLIB(IEBISL)
IEBISSO	988	1044	+56	LINKLIB(IEBISU)
IECVXT2S	218	274	+56	DLIB
IEDAY88	704	760	+56	LPALIB(IGC0010A)
IEDAYL	1800	1856	+56	TELCMLIB(IEDAYL)
IEDNLT	700	756	+56	LINKLIB(IEDNLT)
IEDQHM2	2366	2422	+56	TELCMLIB(IEDQHM2)
IEEVSND9	442	386	-56	LINKLIB(IEEVSEND)
IEHDLABL	1709	1653	-56	LINKLIB(IEHDLABL)
IFG0553P	1072	1128	+56	LPALIB(IGC0005E)
IGC0007H	1128	1184	+56	LPALIB(IGC0007H)
IGCD210D	705	761	+56	LPALIB(IGCD210D)
IGCVF10D	1552	1608	+56	LPALIB(IGCVF10D)
IGE0804C	626	682	+56	LPALIB(IGE0804C)
IGG019C8	1544	1488	-56	LPALIB(IGG019C8)
IGG0CLA2	2806	2750	-56	LPALIB(IGG0CLA1)
IGG0CLA8	764	820	+56	LPALIB(IGG0CLA1)
IKTOMIDS	2360	2304	-56	LPALIB(IKTIOM02)
ISTCFCS1	2010	1954	-56	LPALIB(ISTOCCRT)
ISTZBFBA	908	964	+56	LPALIB(ISTZBFBA)
ISTZBFSC	3004	3060	+56	LPALIB(ISTZBFSC)
IEEVSND3	1445	1502	+57	LINKLIB(IEEVSEND)
IEAVMQWR	1084	1142	+58	LPALIB(IEAVCTSK)
IEFAB424	2155	2213	+58	LPALIB(IEFW21SD)
IFCEDDR0	1229	1171	-58	LINKLIB(IFCEDDR0)
IGCAL10D	551	609	+58	LPALIB(IGCAL10D)
IGG0191A	920	978	+58	LPALIB(IGG0191A)
IKJEFA23	2530	2588	+58	LINKLIB(IKJEFA20)
IEFAB456	960	1019	+59	LPALIB(IEFW21SD)
IKJEFA12	2931	2872	-59	LINKLIB(IKJEFA10)
ISTSDCLM	440	499	+59	VTAMLIB(ISTSDCLM)
AMDPRSCN	4716	4656	-60	LINKLIB(AMDPRSCN)
IEDAY8	428	488	+60	LPALIB(IGC0001C)
IEDAYH	1448	1508	+60	TELCMLIB(IEDAYH)
IEDIAA	1088	1148	+60	LINKLIB(IEDIAA)
IEECVFTL	1066	1126	+60	LPALIB(IGC0007B)
IEHMVSRD	1736	1796	+60	LINKLIB(IEHMVERD)
IFFAHA13	1380	1320	-60	DLIB
IGC0506H	306	366	+60	LPALIB(IGC0006H)
IGG01931	1127	1187	+60	LPALIB(IGG01931)
IGG0196G	954	1014	+60	LPALIB(IGG0196G)
IGG0197N	1252	1312	+60	DLIB
IGG08103	942	882	-60	LPALIB(IGC0008A)
IKJEFF15	1028	1088	+60	LINKLIB(IKJEFF04)
IEAVAD11	526	587	+61	LPALIB(IGC0005A)
IEFAB452	1163	1224	+61	LPALIB(IEFW21SD)
IGG0201A	1192	1130	-62	LPALIB(IGG0201Z)
IEE4203D	1226	1289	+63	LPALIB(IEE3603D)
IDA019SF	1964	2028	+64	LPALIB(IDA019L1)
IEAVRTOD	6284	6348	+64	LPALIB(IEAVRTOD)
IEAVTRTE	2696	2760	+64	LPALIB(IGC0001C)
IEBISF	682	746	+64	LINKLIB(IEBISF)
IEBPPCH1	8228	8292	+64	LINKLIB(IEBPTPCH)
IECVCRHH	1100	1164	+64	DLIB
IEDNGD	2948	3012	+64	TELCMLIB(IEDNGD)
IEE5903D	962	1026	+64	LPALIB(IGC0003D)
IEFAB4E8	1248	1184	-64	LPALIB(IEFW21SD)
IEFJSWT	992	1056	+64	LPALIB(IEESB605)
IFFAFA01	1992	2056	+64	DLIB
IFFAFA02	2468	2532	+64	DLIB
IFFAFA04	1544	1608	+64	DLIB
IGC0002C	1608	1672	+64	LPALIB(IGC00020)
IGCFI10D	1712	1776	+64	LPALIB(IGCFI10D)
IGCMI10D	916	980	+64	LPALIB(IGCMI10D)
IGCV110D	1441	1505	+64	LPALIB(IGCV110D)
IGG019DA	880	944	+64	LPALIB(IGG019DA)
IGG0CLAC	468	404	-64	LPALIB(IGG0CLA1)
IGG0CLBP	4112	4048	-64	LPALIB(IGG0CLA1)
IKTCAS54	6498	6562	+64	LINKLIB(IKTCAS51)
IKTXINIT	3040	3104	+64	LPALIB(IKJEFLA)
ISTOCCCH	2032	2096	+64	LPALIB(ISTOCCRT)
ISTSDCLU	1736	1800	+64	LINKLIB(ISTINM01)
