module	verdict	clusters_in_macro	clusters_in_opencode	macro_calls
AHLREADR	mixed	5	3	SETFRR:5
AHLSBLOK	all in macro expansions	5	0	SETFRR:5
AHLSCAN	all in open code	0	6	
AHLSETD	mixed	5	1	SETFRR:5
AHLSETMG	all in open code	0	1	
AHLTEXT	mixed	7	4	SETFRR:7
AHLTMMSG	all in open code	0	7	
AHLTSYFL	mixed	7	3	SETFRR:7
AHLTTAB	all in open code	0	11	
AHLVCOFF	all in open code	0	8	
AHLWRMSG	all in open code	0	6	
AHLWTMSG	all in open code	0	3	
AMAPTF01	all in open code	0	32	
AMAPTF02	all in open code	0	1	
AMAPTFLE	all in open code	0	22	
AMDPRCOM	all in macro expansions	1	0	COMMON:1
AMDPRFMG	all in open code	0	8	
AMDPRFSC	all in open code	0	11	
AMDPRNUC	all in open code	0	3	
AMDPROOT	all in open code	0	11	
AMDPRPCR	all in open code	0	2	
AMDPRPJB	all in open code	0	19	
AMDPRPMG	all in macro expansions	13	0	WTO:13
AMDPRPMS	all in open code	0	82	
AMDPRSMG	mixed	6	1	WTO:6
AMDSAAID	all in open code	0	7	
AMDSAARD	all in open code	0	10	
AMDSAASM	all in open code	0	2	
AMDSABUF	all in open code	0	2	
AMDSACSA	all in open code	0	4	
AMDSADER	all in open code	0	22	
AMDSAFRM	all in open code	0	2	
AMDSAGTF	all in open code	0	8	
AMDSAGTM	all in open code	0	2	
AMDSAMDM	all in open code	0	7	
AMDSAMSG	all in open code	0	8	
AMDSAPGE	all in open code	0	5	
AMDSAPRO	all in open code	0	19	
AMDSASIN	all in open code	0	14	
AMDSASVI	all in open code	0	4	
AMDSATXT	all in open code	0	14	
AMDSAUPD	all in open code	0	9	
AMDSAVCK	all in open code	0	16	
AMDSAWAT	all in open code	0	5	
AMDSYS02	mixed	9	5	FMTPTRN:9
AMDUSRF9	all in open code	0	2	
BLSCADYN	all in open code	0	4	
BLSCAINT	all in open code	0	4	
BLSCALOC	all in open code	0	3	
BLSCANLE	all in open code	0	3	
BLSCENDD	all in macro expansions	1	0	SHOWCB:1
BLSCERSE	mixed	1	18	SHOWCB:1
BLSCFDYN	all in open code	0	3	
BLSCGETT	mixed	15	45	SHOWCB:13 SYNADAF:1 SYNADRLS:1
BLSCOPEN	all in open code	0	4	
BLSCPOIN	all in macro expansions	1	0	SHOWCB:1
BLSDADSD	all in open code	0	3	
BLSDAPDR	all in open code	0	2	
BLSDIFP0	all in open code	0	7	
BLSDMSGS	all in macro expansions	21	0	BLSDMSGG:21
BLSDSTAE	all in open code	0	3	
BLSEADP1	all in open code	0	2	
BLSEADPR	all in open code	0	2	
BLSELPDR	all in open code	0	4	
BLSFSCRT	all in open code	0	2	
BLSR3270	all in open code	0	3	
BLSRADD1	all in open code	0	10	
BLSRADD4	all in open code	0	1	
BLSRCOMK	all in open code	0	5	
BLSRCOMP	all in open code	0	6	
BLSRDUAL	all in open code	0	6	
BLSRDUDE	all in open code	0	2	
BLSRDUIC	all in open code	0	1	
BLSRDUIH	all in open code	0	4	
BLSRDUIN	all in open code	0	4	
BLSRDUOP	all in open code	0	3	
BLSRESCK	all in open code	0	3	
BLSRESGE	all in open code	0	2	
BLSRFIND	all in open code	0	7	
BLSRLIST	all in open code	0	3	
BLSRMSGA	all in open code	0	4	
BLSRRACR	all in open code	0	2	
BLSRRACV	all in open code	0	2	
BLSRRNCH	all in open code	0	3	
BLSRSADE	all in open code	0	4	
BLSRSAGN	all in open code	0	4	
BLSRSALI	all in open code	0	3	
BLSRSCAN	all in open code	0	6	
BLSRSETD	all in open code	0	4	
BLSRSUMM	all in open code	0	7	
BLSRTCBX	all in open code	0	2	
BLSRVPAS	all in open code	0	1	
BLSRVPCP	all in open code	0	7	
BLSRVRBX	all in open code	0	4	
BLSSASCB	all in open code	0	6	
BLSSASMV	all in open code	0	3	
BLSSASVT	all in open code	0	3	
BLSSASXB	all in open code	0	3	
BLSSCDE	all in open code	0	1	
BLSSCOMM	all in open code	0	4	
BLSSCSD	all in open code	0	3	
BLSSCVT	all in open code	0	3	
BLSSIOC	all in open code	0	2	
BLSSIOX	all in open code	0	2	
BLSSLCCA	all in open code	0	2	
BLSSLCCV	all in open code	0	2	
BLSSLLPA	all in open code	0	5	
BLSSLPDE	all in open code	0	3	
BLSSPCCA	all in open code	0	3	
BLSSPCCV	all in open code	0	2	
BLSSPFT	all in open code	0	3	
BLSSPRIV	all in open code	0	1	
BLSSPVT	all in open code	0	3	
BLSSSGTE	all in open code	0	3	
BLSSTCB	all in open code	0	2	
BLSSUCB	all in open code	0	4	
BLSSUCM	all in open code	0	4	
BLSSXTLS	all in open code	0	5	
BLSUMONA	all in open code	0	4	
BLSUVSCR	mixed	7	6	BLSUFRES:5 GENCB:2
BLSUVSMR	mixed	7	6	BLSUFRES:5 MODCB:2
BLSUVSOQ	mixed	1	8	GENCB:1
BLSVPCCA	all in open code	0	6	
BLSVPGTE	all in open code	0	6	
BLSVPSA	all in open code	0	4	
BLSVSGTE	all in open code	0	3	
BNGT3270	mixed	21	160	READ:10 CLOSE:3 DCB:3 BNGHJN:2 OPEN:1 RETURN:1 CHECK:1
BNGTDISP	mixed	78	282	READ:18 CLOSE:17 OPEN:14 DCB:12 LINK:12 CHECK:3 BNGHJN:2
BNGTLOCL	all in macro expansions	1	0	BNGHJN:1
BNGTMENU	all in macro expansions	1	0	BNGHJN:1
BNGTQEMF	mixed	1	2	BNGHJN:1
BNGTRMOT	all in macro expansions	1	0	BNGHJN:1
ESRTABLE	mixed	3	2	ESR:3
HMASMALC	mixed	2	35	HMASMMGP:2
HMASMAR1	all in open code	0	33	
HMASMAR2	mixed	1	32	HMASMGTP:1
HMASMAR3	all in open code	0	28	
HMASMASI	mixed	4	16	HMASMMGP:4
HMASMBUE	all in open code	0	7	
HMASMCIL	mixed	3	153	LINK:3
HMASMCMP	all in open code	0	5	
HMASMCP2	all in open code	0	12	
HMASMCPI	mixed	2	29	HMASMSPL:1 HMASMMGP:1
HMASMCPY	all in open code	0	28	
HMASMCRD	all in open code	0	19	
HMASMDC1	all in open code	0	1	
HMASMDC2	all in open code	0	2	
HMASMDLE	mixed	12	62	HMASMGTP:7 HMASMSET:2 HMASMMGP:2 HMASMLPR:1
HMASMDR1	all in open code	0	15	
HMASMDR2	mixed	1	8	HMASMMGP:1
HMASMDRV	mixed	49	45	HMASMIOP:32 FREEMAIN:10 GETMAIN:2 HMASMSCP:2 HMASMATT:2 HMASMCRP:1
HMASMDS1	mixed	1	31	HMASMMGP:1
HMASMDSU	mixed	12	7	GETMAIN:12
HMASMEFR	all in open code	0	11	
HMASMEIS	mixed	5	45	HMASMGTP:5
HMASMFVL	all in open code	0	7	
HMASMGTA	mixed	8	110	FREEMAIN:5 GETMAIN:3
HMASMIDU	mixed	4	33	HMASMVLP:2 HMASMMGP:2
HMASMIO	all in macro expansions	2	0	FREEMAIN:1 GETMAIN:1
HMASMIO1	all in open code	0	4	
HMASMION	mixed	1	12	HMASMSPL:1
HMASMLC1	all in open code	0	6	
HMASMLCC	all in open code	0	22	
HMASMLCD	mixed	1	83	HMASMFVP:1
HMASMLID	all in open code	0	10	
HMASMLKD	all in open code	0	35	
HMASMLKI	mixed	3	37	HMASMMGP:3
HMASMLOG	mixed	1	35	HMASMMGP:1
HMASMMPE	all in open code	0	38	
HMASMMPI	mixed	5	17	HMASMVLP:3 HMASMMGP:2
HMASMMPV	mixed	2	16	HMASMMGP:1 HMASMSCP:1
HMASMMSG	mixed	1	73	WTO:1
HMASMPGC	mixed	2	21	HMASMGTP:2
HMASMRDS	all in macro expansions	2	0	GETMAIN:1 FREEMAIN:1
HMASMREJ	mixed	1	6	HMASMMGP:1
HMASMRJD	mixed	7	4	HMASMVLP:7
HMASMSCN	mixed	2	18	GETMAIN:1 FREEMAIN:1
HMASMSEC	mixed	5	15	HMASMVLP:5
HMASMSER	mixed	8	9	HMASMMGP:8
HMASMSTA	mixed	5	4	ESTAE:3 STAE:1 HMASMMGP:1
HMASMSUB	mixed	2	15	GETMAIN:1 FREEMAIN:1
HMASMTCR	mixed	2	18	HMASMGTP:1 HMASMMGP:1
HMASMTD1	all in open code	0	13	
HMASMTL1	all in open code	0	11	
HMASMTL2	mixed	3	23	HMASMSPL:2 HMASMMGP:1
HMASMTM1	mixed	3	21	HMASMMGP:3
HMASMTM2	mixed	4	26	HMASMMGP:3 HMASMGTP:1
HMASMTM3	mixed	1	19	HMASMMGP:1
HMASMTMJ	mixed	7	36	HMASMMPP:6 HMASMMGP:1
HMASMTP2	all in open code	0	14	
HMASMTPA	mixed	3	24	HMASMMGP:3
HMASMTPL	all in open code	0	26	
HMASMTPO	mixed	2	18	HMASMMGP:2
HMASMTPR	mixed	2	15	HMASMMGP:2
HMASMTPS	all in open code	0	4	
HMASMTR1	all in open code	0	6	
HMASMTRM	mixed	10	216	HMASMMGP:6 HMASMLPR:4
HMASMUC1	mixed	13	160	HMASMVLP:7 HMASMMGP:6
HMASMUC2	mixed	13	32	HMASMVLP:10 HMASMMGP:2 DSCAN:1
HMASMUC3	mixed	5	9	HMASMVLP:4 HMASMGTP:1
HMASMUC4	mixed	3	20	HMASMMGP:2 HMASMGTP:1
HMASMULK	all in open code	0	44	
HMASMUPD	mixed	12	77	HMASMCRP:6 FREEMAIN:2 HMASMMGP:2 GETMAIN:1 HMASMSCP:1
HMASMUPI	mixed	3	25	HMASMMGP:3
HMASMUXC	mixed	6	72	LOAD:3 HMASMMGP:2 DELETE:1
HMASMXRF	mixed	1	33	HMASMSET:1
HMBLKLPA	all in open code	0	1	
IAPCNTRL	all in open code	0	4	
ICB2SIOF	mixed	2	28	STARTIO:2
ICBINIT	all in macro expansions	2	0	FREEMAIN:2
ICBME	all in open code	0	1	
ICBVDR00	mixed	2	56	WTOR:1 WTO:1
ICGDSA04	all in open code	0	2	
ICGDSA08	all in open code	0	2	
ICGDSANL	all in open code	0	1	
ICGDSB07	mixed	1	60	LINK:1
ICGTRDST	mixed	4	325	SYNADRLS:2 SYNADAF:1 PUT:1
ICKBI01	all in open code	0	5	
IDA019RH	all in open code	0	5	
IDA121A3	all in open code	0	1	
IDA121A4	all in open code	0	6	
IDA121A6	all in open code	0	1	
IDAOCEA4	all in open code	0	3	
IDAVBPJ2	all in open code	0	1	
IDAVBPO1	all in open code	0	5	
IDCAU02	all in open code	0	15	
IDCCDLD	all in open code	0	1	
IDCCDSD	all in open code	0	1	
IDCCK01	all in open code	0	1	
IDCDB01	all in open code	0	2	
IDCEV01	all in open code	0	3	
IDCEX02	all in open code	0	1	
IDCIO04	mixed	1	3	PUTLINE:1
IDCLR02	all in open code	0	5	
IDCRC03	all in open code	0	3	
IDCRS02	all in open code	0	35	
IDCRS03	all in open code	0	9	
IDCRS04	all in open code	0	12	
IDCRS05	all in open code	0	136	
IDCRS07	all in open code	0	8	
IDCSR01	all in open code	0	2	
IDCTP04	all in open code	0	40	
IDCTP05	all in open code	0	9	
IDCTSAU0	all in open code	0	57	
IDCTSCO0	all in open code	0	1	
IDCTSLD0	all in open code	0	4	
IDCVS02	all in open code	0	10	
IDCXP01	all in open code	0	1146	
IDDWITRM	all in open code	0	17	
IEATLEXT	mixed	1	2	CALLRTM:1
IEAVAD03	mixed	1	73	FREEMAIN:1
IEAVAD0A	mixed	8	90	GETMAIN:7 FREEMAIN:1
IEAVAMSI	mixed	4	7	MODID:4
IEAVAR05	mixed	23	36	SETFRR:7 MODESET:6 TPUT:4 TGET:2 SETLOCK:2 GETMAIN:2
IEAVCKRR	all in open code	0	2	
IEAVCSEG	all in open code	0	24	
IEAVDLAS	mixed	4	8	MODID:4
IEAVDSEG	all in open code	0	1	
IEAVECBV	all in open code	0	2	
IEAVEDR	all in macro expansions	4	0	MODID:4
IEAVEDSR	all in open code	0	1	
IEAVEES	all in macro expansions	4	0	MODID:4
IEAVEIO	all in open code	0	1	
IEAVEIPR	all in macro expansions	4	0	MODID:4
IEAVELK	all in open code	0	6	
IEAVEMS0	all in open code	0	4	
IEAVEPCR	all in macro expansions	1	0	FREEMAIN:1
IEAVEPDR	all in open code	0	3	
IEAVEQR	mixed	1	8	SCHEDULE:1
IEAVERES	all in open code	0	4	
IEAVERI	all in macro expansions	4	0	MODID:4
IEAVERP	mixed	4	1	MODID:4
IEAVETCL	all in open code	0	4	
IEAVEVAL	all in open code	0	6	
IEAVEVT0	all in macro expansions	4	0	MODID:4
IEAVEXS	all in macro expansions	2	0	MFROUTER:2
IEAVFP	all in open code	0	4	
IEAVFRCL	all in macro expansions	4	0	MODID:4
IEAVFREE	all in open code	0	7	
IEAVFXLD	all in open code	0	5	
IEAVGFA	mixed	1	12	ABEND:1
IEAVGM00	all in open code	0	4	
IEAVINV	all in macro expansions	4	0	MODID:4
IEAVITAS	all in macro expansions	4	0	MODID:4
IEAVLK00	mixed	4	2	SETFRR:4
IEAVLK01	mixed	4	3	MODID:4
IEAVLK02	all in open code	0	5	
IEAVLK03	mixed	1	4	WTO:1
IEAVMNTR	mixed	5	1	SETFRR:5
IEAVMQR0	mixed	1	1	ESTAE:1
IEAVNIPX	mixed	4	46	IEAPMNIP:4
IEAVNP01	mixed	2	12	IEAPMNIP:2
IEAVNP02	mixed	26	23	IEAPMNIP:26
IEAVNP05	mixed	51	123	IEAPMNIP:51
IEAVNP07	mixed	3	3	IEAPMNIP:3
IEAVNP08	mixed	17	45	IEAPMNIP:17
IEAVNP09	mixed	6	8	IEAPMNIP:5 GETMAIN:1
IEAVNP10	mixed	8	23	IEAPMNIP:8
IEAVNP13	mixed	26	37	IEAPMNIP:26
IEAVNP16	mixed	4	38	XCTLTABL:3 IEAPMNIP:1
IEAVNP17	mixed	3	12	IEAPMNIP:3
IEAVNP19	mixed	3	5	IEAPMNIP:3
IEAVNP1A	mixed	1	4	IEAPMNIP:1
IEAVNP1B	all in open code	0	4	
IEAVNPA1	mixed	15	4	IEAPMNIP:15
IEAVNPA6	mixed	1	2	IEAPMNIP:1
IEAVNPB5	all in open code	0	8	
IEAVNPM2	mixed	6	108	IEAPMNIP:6
IEAVNPM3	mixed	20	64	IEAPMNIP:20
IEAVNPS5	mixed	1	15	IEAPMNIP:1
IEAVOUT	all in open code	0	8	
IEAVPCB	all in open code	0	5	
IEAVPFTE	all in open code	0	4	
IEAVPIOI	all in open code	0	1	
IEAVPIOP	mixed	4	7	MODID:4
IEAVPIX	all in open code	0	2	
IEAVPREF	mixed	2	5	WTO:2
IEAVPRSB	all in macro expansions	4	0	MODID:4
IEAVPRT0	mixed	5	1	MODID:5
IEAVPSI	all in macro expansions	4	0	SETFRR:3 MODID:1
IEAVRCF	mixed	4	3	MODID:4
IEAVRCV	mixed	5	1	SETFRR:3 SDUMP:2
IEAVRELS	all in open code	0	11	
IEAVRFR	mixed	4	4	MODID:4
IEAVRSM	mixed	2	2	IHAPVT:2
IEAVSOUT	mixed	4	97	MODID:4
IEAVSQA	all in open code	0	5	
IEAVSWIN	mixed	4	75	MODID:4
IEAVTERM	all in open code	0	11	
IEAVTMMT	all in open code	0	6	
IEAVTPER	mixed	4	43	MODID:3 SETFRR:1
IEAVTPMT	mixed	1	3	FREEMAIN:1
IEAVTRCE	all in macro expansions	4	0	MODID:4
IEAVTRT1	all in open code	0	4	
IEAVTRTR	all in macro expansions	4	0	GETSEQ:3 CONTIME:1
IEAVTRTS	all in macro expansions	4	0	GETSEQ:3 CONTIME:1
IEAVTRV	mixed	4	1	MODID:4
IEAVTSDI	mixed	27	64	IEAPMNIP:27
IEAVTSDX	all in open code	0	33	
IEAVTSL2	all in open code	0	14	
IEAVTSLS	all in open code	0	3	
IEAVVCRX	all in macro expansions	4	0	MODID:4
IEAVVCTR	mixed	6	3	MODID:5 ESTAE:1
IEAXPDXR	all in open code	0	1	
IEBBAM	all in open code	0	7	
IEBDRD	all in open code	0	4	
IEBDSCPY	all in open code	0	12	
IEBDV1	all in open code	0	9	
IEBDWR	all in open code	0	5	
IEBFDTBL	all in open code	0	4	
IEBLDUL	all in open code	0	17	
IEBRSAM	all in open code	0	6	
IEBSCN	all in open code	0	7	
IEBTCR02	all in macro expansions	13	0	WTO:13
IEBTCR03	mixed	1	21	FREEMAIN:1
IEBTCR04	all in open code	0	19	
IEBUPLOG	mixed	5	33	FREEPOOL:2 RETURN:1 OPEN:1 PUT:1
IEBUPNIT	all in open code	0	7	
IEBVTM	all in open code	0	10	
IEBVTT	all in open code	0	4	
IEBWSAM	all in open code	0	4	
IEBWSU	all in open code	0	3	
IECIHIO	all in open code	0	6	
IECTCATN	all in open code	0	1	
IECTEDIT	all in open code	0	6	
IECTONLT	all in open code	0	1	
IECTSCAN	all in open code	0	110	
IECVDAVV	mixed	4	2	MODID:4
IECVDDT0	all in open code	0	4	
IECVDERP	all in open code	0	30	
IECVDURP	all in open code	0	1	
IECVEXCP	all in open code	0	8	
IECVGENA	all in open code	0	8	
IECVIRST	all in open code	0	68	
IECVMAP	mixed	3	5	MODID:3
IECVPST	all in open code	0	3	
IECVRSTI	mixed	4	26	MODID:4
IECVTCCW	all in open code	0	5	
IEDAY2	all in macro expansions	8	0	WTO:7 WTOR:1
IEDAYT	mixed	1	1	TCABEND:1
IEDAYZZ	all in open code	0	1	
IEDIAS	mixed	1	3	IEDHJN:1
IEDQGH	all in open code	0	41	
IEDQWB1	mixed	20	70	TCONV:8 XCTL:4 BLDL:3 IEDHJN:2 IEDQMSG:2 AQCTL:1
IEDQWH	mixed	8	45	IEDQMSG:3 XCTL:3 IEDHJN:1 SAVE:1
IEDQWID	mixed	62	24	IEDQMSG:22 CLOSE:10 READ:6 BLDL:5 OPEN:4 STOW:4 POINT:4 IEDHJN:2 CHECK:2 XCTL:2 LOAD:1
IEDQWJ2	mixed	43	92	WTO:15 IEDQMSG:9 XCTL:5 STIMER:4 WTOR:3 IEDHJN:2 BLDL:2 DEQ:1 WAIT:1 TTIMER:1
IEDQWY	mixed	3	15	BLDL:2 IEDHJN:1
IEDQXA	all in macro expansions	1	0	IEDHJN:1
IEDTEDIT	all in open code	0	4	
IEE11110	all in open code	0	3	
IEE12110	all in open code	0	3	
IEE4703D	mixed	4	1	MODID:4
IEE4903D	mixed	7	2	MODID:4 WTO:3
IEE5503D	all in macro expansions	4	0	MODID:4
IEE6503D	mixed	1	2	WTO:1
IEE6603D	mixed	1	8	RISGNL:1
IEE7103D	all in macro expansions	4	0	MODID:4
IEE8603D	mixed	1	3	WTO:1
IEECB801	all in open code	0	2	
IEECB900	all in open code	0	3	
IEECB901	all in open code	0	2	
IEECB910	all in macro expansions	1	0	DCB:1
IEECVET7	all in open code	0	3	
IEECVFT1	all in macro expansions	1	0	WTO:1
IEECVFTR	all in open code	0	6	
IEEMB807	mixed	2	1	WTO:2
IEEMB810	all in open code	0	11	
IEEMB824	all in open code	0	6	
IEEMB826	all in open code	0	1	
IEEMB828	all in open code	0	2	
IEEMB876	all in open code	0	4	
IEEMB877	all in open code	0	4	
IEEMPVST	mixed	18	170	SETLOCK:9 ESTAE:5 STIMER:2 SCHEDULE:1 SDUMP:1
IEESTPRS	all in macro expansions	4	0	MODID:4
IEEVALST	all in open code	0	35	
IEEVDCCR	mixed	4	3	MODID:4
IEEVDEV	mixed	4	99	MODID:4
IEEVDUMY	all in open code	0	2	
IEEVDUS1	mixed	12	54	WTO:7 LOAD:2 TPUT:1 FREEMAIN:1 DC:1
IEEVEXSN	all in open code	0	8	
IEEVJCL	all in macro expansions	4	0	MODID:4
IEEVMNT1	mixed	8	79	MODID:4 DEQ:1 LINK:1 FREEMAIN:1 XCTL:1
IEEVSND4	mixed	6	140	MODID:4 WTO:2
IEEVSTAR	all in macro expansions	4	0	MODID:4
IEEVSTOP	all in open code	0	3	
IEEXEDNA	all in open code	0	7	
IEFAB425	mixed	1	1	ENQ:1
IEFAB433	all in open code	0	6	
IEFAB455	mixed	2	44	FSPACE:1 MODESET:1
IEFAB469	mixed	1	2	ENQ:1
IEFAB470	mixed	2	62	FSPACE:2
IEFAB474	all in open code	0	3	
IEFAB475	all in open code	0	1	
IEFAB479	all in open code	0	4	
IEFAB498	mixed	5	1	SETFRR:5
IEFAB4B2	all in open code	0	2	
IEFAB4E2	all in open code	0	3	
IEFAB4EA	mixed	2	4	DEQ:2
IEFAB4F1	mixed	1	1	ENQ:1
IEFAB4F2	all in open code	0	2	
IEFAB4F5	mixed	10	131	GSPACE:4 FSPACE:3 ENQ:2 GETMAIN:1
IEFAB4M4	all in open code	0	4	
IEFAB4M9	all in open code	0	4	
IEFAB820	all in open code	0	2	
IEFBB4M1	all in macro expansions	1	0	WTO:1
IEFDB450	all in open code	0	2	
IEFDB480	all in open code	0	1	
IEFDB490	all in open code	0	1	
IEFDB4A0	all in open code	0	6	
IEFDPOST	all in open code	0	2	
IEFDSLST	all in open code	0	2	
IEFDSTBL	all in open code	0	4	
IEFEB400	all in open code	0	3	
IEFI922B	all in open code	0	3	
IEFIB605	all in open code	0	5	
IEFIB650	all in macro expansions	17	0	WTO:17
IEFICATL	all in open code	0	2	
IEFICPUA	mixed	1	1	ENQ:1
IEFIRECM	mixed	2	2	WTO:1 ESTAE:1
IEFJCNTL	all in open code	0	2	
IEFJJCLS	all in open code	0	6	
IEFJREAD	all in open code	0	3	
IEFJRECM	all in open code	0	1	
IEFJSINT	all in open code	0	2	
IEFJSREQ	all in open code	0	1	
IEFJSSNT	all in open code	0	4	
IEFNB902	all in open code	0	27	
IEFQB580	all in open code	0	9	
IEFQB585	all in open code	0	5	
IEFSD102	all in open code	0	3	
IEFSDXXX	all in open code	0	1	
IEFU29	all in open code	0	3	
IEFVGI	all in open code	0	4	
IEFVGK	all in open code	0	4	
IEFVGM17	all in open code	0	4	
IEFVGM76	all in open code	0	4	
IEFVHN	all in open code	0	4	
IEFVSCAN	mixed	1	1	FREEMAIN:1
IEFXB602	all in open code	0	2	
IEFXB603	mixed	6	1	WTO:6
IEFXB604	all in open code	0	4	
IEHDASDS	all in open code	0	3	
IEHDEXCP	mixed	13	82	LINK:3 SYNADAF:3 WAIT:2 SYNADRLS:2 RETURN:2 CALL:1
IEHDPRNT	all in open code	0	8	
IEHDRVID	all in open code	0	10	
IEHMVSRM	all in open code	0	2	
IEHPRNT	all in open code	0	2	
IEWFTMIN	all in open code	0	2	
IFCDIP00	all in macro expansions	5	0	SAVE:5
IFCSYMCD	all in open code	0	1	
IFDMSG03	mixed	8	4	WTO:8
IFDMSG04	mixed	1	2	WTO:1
IFDMSG06	all in open code	0	2	
IFDMSG07	mixed	3	2	WTO:3
IFDMSG31	mixed	6	1	WTO:6
IFDMSG33	mixed	3	2	WTO:3
IFDMSG50	mixed	3	2	WTO:3
IFDMSG53	mixed	3	2	WTO:3
IFDMSG54	mixed	2	2	WTO:2
IFDMSG56	mixed	4	2	WTO:4
IFDMSG61	mixed	3	1	WTO:3
IFDMSG73	mixed	5	2	WTO:5
IFDOLT04	all in open code	0	6	
IFDOLT05	all in open code	0	4	
IFDOLT07	all in open code	0	16	
IFDOLT08	all in open code	0	20	
IFDOLT09	all in open code	0	4	
IFDOLT10	all in open code	0	2	
IFDOLT11	all in open code	0	3	
IFDOLT13	all in open code	0	2	
IFDOLT14	mixed	5	12	SAVE:3 WTO:1 IFDCOM:1
IFDOLT16	all in open code	0	19	
IFDOLT17	mixed	2	1	SAVE:2
IFDOLT21	all in open code	0	3	
IFDOLT31	all in open code	0	9	
IFDOLT38	all in open code	0	10	
IFDOLT39	mixed	1	10	IFDCOM:1
IFDOLT48	all in open code	0	1	
IFDOLT49	mixed	1	6	WTO:1
IFDOLT50	all in open code	0	1	
IFDOLT51	mixed	3	1	DCB:3
IFDOLT54	all in open code	0	8	
IFDOLT56	all in open code	0	2	
IFDOLT57	all in open code	0	4	
IFDOLT73	all in open code	0	15	
IFDOLT74	all in open code	0	34	
IFDOLT98	all in open code	0	159	
IFFAAA05	all in open code	0	17	
IFFACA00	mixed	1	29	GETMAIN:1
IFFACA01	mixed	2	34	FREEMAIN:2
IFFACA02	all in open code	0	25	
IFFACA03	all in open code	0	14	
IFFACA04	all in open code	0	59	
IFFACA05	all in open code	0	21	
IFFACA06	mixed	2	14	GWRITE:2
IFFACA07	all in open code	0	30	
IFFACA13	all in open code	0	3	
IFFADA02	mixed	1	8	GCNTRL:1
IFFAEA01	mixed	2	22	LOAD:2
IFFAEA02	all in open code	0	14	
IFFAEA03	all in open code	0	13	
IFFAEA06	all in open code	0	12	
IFFAFA05	all in open code	0	16	
IFFAFA06	all in open code	0	7	
IFFAFA07	all in open code	0	19	
IFFAFA14	all in open code	0	4	
IFFAFA19	all in open code	0	19	
IFFAGA02	all in open code	0	19	
IFFAGA03	all in open code	0	8	
IFFAGA05	mixed	2	27	LOAD:2
IFFAGA08	all in open code	0	43	
IFFAHA01	mixed	3	24	GETMAIN:1 GWRITE:1 FREEMAIN:1
IFFAHA02	mixed	3	38	ASGNBFR:2 WTO:1
IFFAHA04	all in open code	0	29	
IFFAHA06	all in open code	0	28	
IFFAHA07	all in open code	0	66	
IFFAHA12	all in open code	0	3	
IFFANA	mixed	2	1	WTO:2
IFFPAAST	all in macro expansions	1	0	WTO:1
IFFPJAPV	mixed	3	72	LOAD:2 RETURN:1
IFG0190P	all in macro expansions	73	0	IECPDINI:73
IFG0193C	all in macro expansions	5	0	XCTLTABL:5
IFG0195N	mixed	25	26	IECRES:18 XCTLTABL:4 MODESET:2 DMABCOND:1
IFG0200P	all in macro expansions	4	0	IECPDINI:4
IFG0201R	mixed	3	1	XCTLTABL:3
IFG0202B	all in macro expansions	4	0	XCTLTABL:4
IFG0202D	mixed	3	1	XCTLTABL:3
IFG0230P	all in macro expansions	6	0	IECPDINI:6
IFG0232D	all in macro expansions	5	0	XCTLTABL:5
IFG0232J	mixed	30	38	IECRES:18 MODESET:4 XCTLTABL:4 SETLOCK:2 WAIT:2
IFG0232S	mixed	14	36	IECRES:5 XCTLTABL:5 WAIT:2 FEOV:1 XLATE:1
IFG0553C	all in macro expansions	5	0	XCTLTABL:5
IFG0553Z	all in macro expansions	5	0	XCTLTABL:5
IFG0554B	all in macro expansions	5	0	XCTLTABL:5
IFG0554L	all in macro expansions	5	0	XCTLTABL:5
IFG0RR0F	mixed	15	13	ESTAE:8 XCTLTABL:3 SDUMP:2 RETURN:1 WTO:1
IFHSTATR	all in open code	0	22	
IGARPT01	all in open code	0	1	
IGC0002I	all in macro expansions	1	0	ENQ:1
IGC0003B	mixed	3	2	XCTLTABL:3
IGC0008E	all in open code	0	2	
IGC0010C	mixed	4	32	XCTLTABL:4
IGC0106F	all in open code	0	1	
IGC0107C	mixed	4	1	WTO:3 FREEMAIN:1
IGC0107D	mixed	7	1	WTO:6 FREEMAIN:1
IGC0108B	all in open code	0	12	
IGC0207A	mixed	7	1	WTO:7
IGC0208B	all in open code	0	5	
IGC0306F	all in open code	0	1	
IGC0406F	all in open code	0	1	
IGC0408B	all in open code	0	65	
IGC058	all in open code	0	1	
IGC0606F	all in open code	0	1	
IGC0806F	all in open code	0	23	
IGC0A06F	all in open code	0	2	
IGC0C06F	all in open code	0	3	
IGC0J05B	mixed	1	3	IEDHJN:1
IGC1006F	all in open code	0	24	
IGC1106F	all in open code	0	24	
IGC111	all in open code	0	1	
IGCAF10D	mixed	1	29	IEDHJN:1
IGCC010D	mixed	1	29	IEDHJN:1
IGCM010D	mixed	1	35	IEDHJN:1
IGCM410D	mixed	1	73	IEDHJN:1
IGCM710D	mixed	2	73	IEDHJN:1 LOAD:1
IGCMD10D	mixed	1	70	IEDHJN:1
IGCMT10D	mixed	2	86	IEDHJN:1 XCTL:1
IGCN410D	mixed	19	58	WTOR:16 IEDHJN:1 AQCTL:1 WTO:1
IGCN510D	mixed	25	25	WTOR:23 IEDHJN:1 WTO:1
IGCT0018	all in open code	0	3	
IGCT0021	all in open code	0	3	
IGCV510D	mixed	1	61	IEDHJN:1
IGCV610D	mixed	1	67	IEDHJN:1
IGE0000H	all in open code	0	133	
IGE0000I	all in open code	0	204	
IGE0001H	all in open code	0	144	
IGE0100I	mixed	7	182	IOSGEN:7
IGF2503D	mixed	3	2	SCHEDULE:3
IGFC70	all in macro expansions	4	0	MODID:4
IGFC80	all in macro expansions	4	0	MODID:4
IGFCCHCR	all in open code	0	13	
IGFDD0	all in open code	0	3	
IGFDD1	all in open code	0	4	
IGFDL1	all in open code	0	3	
IGFDM0	all in open code	0	2	
IGFDS0	mixed	5	4	SETFRR:5
IGFDS1	all in open code	0	2	
IGFDT0	all in open code	0	2	
IGFDT2	all in open code	0	3	
IGFDU0	all in open code	0	2	
IGFDU1	all in open code	0	2	
IGFINTVL	all in macro expansions	4	0	MODID:4
IGFTMCHK	all in open code	0	6	
IGG0191T	mixed	3	25	WAIT:2 LOAD:1
IGG01920	mixed	13	29	XCTL:7 ABEND:3 WAIT:2 FREEMAIN:1
IGG0192O	mixed	5	3	XCTL:5
IGG0192P	mixed	7	39	XCTL:4 MODESET:2 EXCP:1
IGG0192V	mixed	5	14	XCTL:5
IGG0192Z	mixed	5	3	XCTL:5
IGG01937	mixed	1	33	XCTL:1
IGG0193I	all in open code	0	5	
IGG01940	mixed	2	6	IEDHJN:1 XCTL:1
IGG01948	mixed	4	19	IEDHJN:1 TIME:1 MODESET:1 XCTL:1
IGG0194B	mixed	7	16	WAIT:2 IEDHJN:1 MODESET:1 SETLOCK:1 POST:1 XCTL:1
IGG0194P	mixed	18	121	WTOR:16 MODESET:1 IECRES:1
IGG0195D	mixed	5	3	XCTL:5
IGG0195T	mixed	5	14	XCTL:5
IGG0196B	all in open code	0	34	
IGG0196D	mixed	8	2	XCTL:5 ABEND:3
IGG0196M	all in macro expansions	23	0	IECPDINI:23
IGG0196Q	all in open code	0	17	
IGG0196R	mixed	10	51	XCTL:5 XCTLTABL:4 SETDEV:1
IGG0197C	mixed	6	12	XCTL:5 GETMAIN:1
IGG0197D	mixed	12	27	XCTL:5 IOSGEN:3 LOAD:2 FREEMAIN:1 WTO:1
IGG0197L	mixed	3	54	XCTL:2 WAIT:1
IGG0197M	mixed	9	32	WTO:5 XCTL:3 ABEND:1
IGG0197V	mixed	13	43	XCTLTABL:9 LOAD:2 GETMAIN:1 XCTL:1
IGG0198D	mixed	1	78	WAIT:1
IGG0198E	mixed	2	59	IEDHJN:1 XCTL:1
IGG0198L	mixed	5	1	XCTL:5
IGG0199G	mixed	2	44	OPEN:1 XCTL:1
IGG019AC	all in open code	0	1	
IGG019AM	all in open code	0	1	
IGG019AT	all in open code	0	1	
IGG019BD	all in macro expansions	2	0	GETMAIN:1 FREEMAIN:1
IGG019BT	all in open code	0	2	
IGG019EK	mixed	3	1	XCTLTABL:3
IGG019FA	all in macro expansions	1	0	WTO:1
IGG019FK	mixed	1	1	WTO:1
IGG019FQ	all in macro expansions	3	0	ABEND:3
IGG019FT	all in open code	0	19	
IGG019HD	all in open code	0	1	
IGG019J0	all in open code	0	2	
IGG019JB	all in macro expansions	1	0	GETMAIN:1
IGG019JC	all in open code	0	1	
IGG019JI	mixed	8	1	SETLOCK:8
IGG019JW	all in open code	0	3	
IGG019KA	all in open code	0	6	
IGG019KL	mixed	6	1	SETLOCK:6
IGG019KY	all in open code	0	1	
IGG019LT	all in open code	0	4	
IGG019LU	all in open code	0	14	
IGG019MA	all in open code	0	1	
IGG019MC	all in open code	0	1	
IGG019MR	all in open code	0	2	
IGG019MS	all in open code	0	1	
IGG019OB	all in open code	0	10	
IGG019OC	all in open code	0	1	
IGG019P9	all in open code	0	2	
IGG019PD	all in open code	0	2	
IGG019R5	mixed	1	63	IEDHJN:1
IGG019RC	mixed	2	30	IEDHJN:2
IGG019RQ	all in open code	0	1	
IGG019TH	mixed	1	39	IEDHJN:1
IGG019UM	all in open code	0	8	
IGG019V2	all in open code	0	3	
IGG019VV	all in open code	0	4	
IGG0201W	mixed	4	66	FREEPOOL:2 FREEMAIN:1 XCTL:1
IGG02035	mixed	5	9	IEDHJN:1 DEBCHK:1 PURGE:1 WAIT:1 XCTL:1
IGG02036	mixed	6	55	XCTL:2 IEDHJN:1 PURGE:1 WAIT:1 TIME:1
IGG02041	mixed	4	30	XCTL:2 IEDHJN:1 MODESET:1
IGG020FC	mixed	2	2	FREEMAIN:2
IGG020P3	mixed	6	1	XCTLTABL:4 DEQ:1 WTO:1
IGG0290A	mixed	4	4	XCTLTABL:4
IGG0290B	mixed	9	34	IECRES:4 XCTLTABL:3 EXCP:1 WAIT:1
IGG0290D	mixed	3	3	XCTLTABL:3
IGG0290F	all in macro expansions	8	0	WTO:3 XCTLTABL:3 ENQ:1 WTOR:1
IGG0299A	mixed	5	1	XCTLTABL:5
IGG0325A	mixed	2	1	XCTLTABL:2
IGG0325B	mixed	6	6	TRKCALC:3 XCTLTABL:3
IGG0325H	mixed	3	3	XCTLTABL:3
IGG0325Q	all in macro expansions	3	0	XCTLTABL:3
IGG0325R	all in macro expansions	4	0	XCTLTABL:4
IGG0325V	all in macro expansions	3	0	XCTLTABL:3
IGG032I1	mixed	8	26	IECRES:5 XCTLTABL:3
IGG032I2	mixed	8	41	IECRES:3 XCTLTABL:3 EXCP:1 WAIT:1
IGG032I3	mixed	3	1	XCTLTABL:3
IGG032I5	mixed	3	2	XCTLTABL:3
IGG032I8	mixed	4	3	XCTLTABL:4
IGG0553A	mixed	3	2	XCTLTABL:3
IGG0553C	mixed	9	65	IECRES:4 XCTLTABL:3 EXCP:1 WAIT:1
IGG0553E	mixed	3	2	XCTLTABL:3
IGG0553G	mixed	3	5	XCTLTABL:3
IGG0860A	mixed	3	29	RESERVE:1 EXCP:1 WAIT:1
IGG0860B	mixed	1	34	WAIT:1
IGG0860C	mixed	8	78	GETMAIN:4 MODESET:1 EXCP:1 WAIT:1 SNAP:1
IGG0860D	mixed	2	54	SNAP:1 FREEMAIN:1
IGG09303	all in open code	0	1	
IGG09403	all in macro expansions	2	0	WTO:2
IGG09404	all in macro expansions	4	0	SETLOCK:4
IGG09405	all in open code	0	2	
IGG09406	all in open code	0	1	
IGG0CLAA	all in open code	0	4	
IGG0CLAB	all in open code	0	3	
IGG0CLAO	all in open code	0	89	
IGG0CLAU	all in open code	0	5	
IGG0CLAV	all in open code	0	5	
IGG0CLB3	all in open code	0	2	
IGG0CLB4	all in open code	0	142	
IGG0CLBC	all in open code	0	2	
IGG0CLBF	all in open code	0	3	
IGG0CLBQ	all in open code	0	3	
IGG0CLBR	all in open code	0	2	
IGG0CLDA	all in open code	0	111	
IGG0CLF2	all in macro expansions	4	0	XCTLTABL:4
IGGMSG02	all in open code	0	2	
IGX00014	all in open code	0	13	
IHCGSP04	all in open code	0	4	
IKJCT430	all in open code	0	2	
IKJEBEAE	all in open code	0	2	
IKJEBECO	all in macro expansions	4	0	IKJEBESV:4
IKJEBEDA	all in macro expansions	5	0	IKJEBESV:5
IKJEBEDC	all in macro expansions	3	0	IKJEBESV:3
IKJEBEEX	mixed	5	1	IKJEBESV:5
IKJEBEM1	all in macro expansions	14	0	IKJEBEMB:14
IKJEBEM2	all in macro expansions	11	0	IKJEBEMB:11
IKJEBEM3	all in macro expansions	8	0	IKJEBEMB:8
IKJEBEM4	all in macro expansions	12	0	IKJEBEMB:12
IKJEBEM5	all in macro expansions	18	0	IKJEBEMB:18
IKJEBEM6	all in macro expansions	5	0	IKJEBEMB:5
IKJEBEM7	all in macro expansions	20	0	IKJEBEMB:20
IKJEBEMC	all in open code	0	16	
IKJEBERN	all in macro expansions	4	0	IKJEBESV:4
IKJEBESE	all in macro expansions	6	0	IKJEBESV:6
IKJEBEUI	all in macro expansions	5	0	IKJEBESV:5
IKJEE100	all in open code	0	14	
IKJEES10	mixed	5	3	MODID:5
IKJEES20	all in open code	0	33	
IKJEES70	all in macro expansions	5	0	MODID:5
IKJEES75	mixed	62	63	READ:13 WRITE:12 PUTLINE:12 OPEN:5 MODID:4 CHECK:4 CLOSE:4 FREEMAIN:3 GETMAIN:2 LOAD:1 ENQ:1 DEQ:1
IKJEFA21	all in open code	0	2	
IKJEFA52	mixed	1	3	PUTLINE:1
IKJEFE06	all in open code	0	2	
IKJEFF01	mixed	1	3	STACK:1
IKJEFF56	all in open code	0	4	
IKJEFL00	all in open code	0	4	
IKJEFP30	mixed	6	4	MODID:6
IKJEFT09	all in open code	0	2	
IKJEFTSC	all in open code	0	4	
IKJEHREN	all in open code	0	1	
IKJL4T00	mixed	5	3	MODID:5
IKJRBBMG	all in open code	0	9	
IKT0940C	all in macro expansions	3	0	SCHEDULE:3
ILRACT	mixed	6	78	FREEMAIN:3 GETMAIN:1 SETLOCK:1 ABEND:1
ILRCMP	mixed	5	28	MODID:5
ILRCMP01	all in open code	0	6	
ILRFRR01	mixed	3	114	SCHEDULE:3
ILRIMMSG	mixed	5	19	IEAPMNIP:5
ILRIOFRR	all in open code	0	35	
ILRJTERM	all in open code	0	2	
ILRMSG00	all in open code	0	17	
ILRPAGCM	all in open code	0	149	
ILRPEX	all in open code	0	4	
ILRPREAD	mixed	1	2	ESTAE:1
ILRPTM	all in open code	0	14	
ILRQSRIT	mixed	1	8	IEAPMNIP:1
ILRSRB01	all in open code	0	12	
ILRSRBC	mixed	1	14	FREEMAIN:1
ILRSWP01	all in open code	0	12	
ILRTERMR	all in open code	0	27	
ILRTMRLG	mixed	7	129	ESTAE:3 SETLOCK:2 ABEND:1 FREEMAIN:1
ILRVIOCM	all in open code	0	26	
IMDUSRFF	mixed	4	7	XCTLTABL:4
IOEDKCLS	all in open code	0	1	
IOESDKTI	all in open code	0	6	
IRARMCPM	all in open code	0	8	
IRARMCTL	all in open code	0	39	
IRARMEVT	all in open code	0	39	
IRARMINT	all in open code	0	2	
IRARMIOM	all in open code	0	16	
IRARMIPS	all in open code	0	16	
IRARMRMR	all in open code	0	3	
IRARMSET	all in open code	0	5	
IRARMSTM	all in open code	0	27	
IRARMWLM	all in open code	0	16	
IRBMFALL	all in open code	0	2	
IRBMFCNV	all in open code	0	7	
IRBMFDCP	all in open code	0	3	
IRBMFDDP	all in open code	0	23	
IRBMFDEA	all in open code	0	18	
IRBMFDHP	all in open code	0	38	
IRBMFDPP	all in open code	0	7	
IRBMFDWP	all in open code	0	6	
IRBMFEDV	all in open code	0	10	
IRBMFEVT	mixed	11	6	SETFRR:9 CALLRTM:2
IRBMFFUR	all in open code	0	3	
IRBMFICP	all in open code	0	1	
IRBMFIDV	all in open code	0	5	
IRBMFIPG	all in open code	0	18	
IRBMFIWK	all in open code	0	5	
IRBMFLCV	all in open code	0	1	
IRBMFLDV	all in open code	0	1	
IRBMFLHV	all in open code	0	14	
IRBMFLPV	all in open code	0	10	
IRBMFLTV	all in open code	0	1	
IRBMFLWV	all in open code	0	8	
IRBMFMFC	mixed	7	7	CLOSE:2 ESTAE:1 DETACH:1 FREEMAIN:1 DELETE:1 DEQ:1
IRBMFMLN	all in open code	0	7	
IRBMFMPR	all in open code	0	1	
IRBMFRCR	all in open code	0	9	
IRBMFRDR	all in open code	0	18	
IRBMFRHR	all in open code	0	14	
IRBMFRPR	all in open code	0	138	
IRBMFRWR	all in open code	0	3	
IRBMFSDE	all in open code	0	1	
IRBMFTCH	all in open code	0	9	
IRBMFTMA	all in open code	0	12	
ISDADCK0	all in open code	0	3	
ISDADHE1	all in open code	0	35	
ISDAEQC1	all in open code	0	2	
ISTAPC22	mixed	3	3	SCHEDULE:3
ISTAPC25	all in open code	0	23	
ISTAPC37	mixed	3	1	SCHEDULE:3
ISTAPC38	mixed	3	1	SCHEDULE:3
ISTAPC41	all in open code	0	8	
ISTAPC55	mixed	15	48	SETFRR:11 SCHEDULE:4
ISTAPC56	all in macro expansions	3	0	SETFRR:3
ISTAPC58	mixed	17	55	SETFRR:9 MODESET:4 SETLOCK:2 SYSEVENT:2
ISTAPC59	mixed	7	2	SETFRR:7
ISTAPC63	all in open code	0	18	
ISTAPM69	all in open code	0	2	
ISTCC010	all in open code	0	13	
ISTCC012	all in open code	0	6	
ISTCC013	all in open code	0	4	
ISTCC014	all in open code	0	107	
ISTCC016	all in open code	0	3	
ISTCFCDP	all in open code	0	4	
ISTCFCMM	all in macro expansions	23	0	VMSGSKL:23
ISTCFCPC	all in open code	0	19	
ISTCFCPO	all in open code	0	1	
ISTCFCR2	all in open code	0	1	
ISTCFF3D	all in macro expansions	4	0	CALLRTM:4
ISTCSCPS	all in open code	0	8	
ISTDCC10	all in open code	0	1	
ISTDCC12	all in open code	0	2	
ISTDCC23	all in open code	0	3	
ISTDCC30	all in open code	0	4	
ISTDCC41	all in open code	0	2	
ISTDCC60	all in open code	0	10	
ISTEC123	all in open code	0	1	
ISTEC456	all in open code	0	1	
ISTEC789	all in open code	0	1	
ISTIC001	all in open code	0	24	
ISTIC003	all in open code	0	14	
ISTIC004	all in open code	0	15	
ISTIC005	all in open code	0	19	
ISTIC007	all in open code	0	28	
ISTIC009	all in open code	0	25	
ISTINC02	all in open code	0	11	
ISTINC32	all in open code	0	3	
ISTINCA0	all in open code	0	25	
ISTINCAW	all in open code	0	11	
ISTINCBL	mixed	1	23	BLDL:1
ISTINCCF	all in open code	0	19	
ISTINCD9	all in open code	0	1	
ISTINCDU	all in open code	0	29	
ISTINCE6	all in open code	0	1	
ISTINCE7	all in open code	0	3	
ISTINCF9	all in open code	0	13	
ISTINCHT	all in open code	0	17	
ISTINCIB	all in open code	0	7	
ISTINCIT	all in open code	0	6	
ISTINCL4	all in open code	0	2	
ISTINCMD	all in open code	0	2	
ISTINCMR	all in open code	0	13	
ISTINCOE	all in open code	0	2	
ISTINCOI	all in open code	0	2	
ISTINCQB	all in open code	0	38	
ISTINCR1	all in open code	0	1	
ISTINCR5	all in open code	0	2	
ISTINCRF	all in open code	0	23	
ISTINCRS	all in open code	0	12	
ISTINCSH	all in open code	0	1	
ISTINCTM	all in open code	0	34	
ISTINCU4	all in open code	0	2	
ISTINCUQ	all in open code	0	1	
ISTINCV5	all in open code	0	2	
ISTINCVN	all in open code	0	2	
ISTINCW9	all in open code	0	3	
ISTINCX3	all in open code	0	3	
ISTINCY1	all in open code	0	4	
ISTINMAD	all in open code	0	10	
ISTINMN8	mixed	5	2	SETFRR:5
ISTNMC8P	all in open code	0	2	
ISTNMC9P	all in open code	0	3	
ISTOCCCA	all in open code	0	19	
ISTOCCDF	all in open code	0	3	
ISTOCCFD	all in open code	0	55	
ISTOCCOA	mixed	1	31	XCTLTABL:1
ISTOCCOF	all in open code	0	4	
ISTOCCRL	all in open code	0	1	
ISTOCCSD	all in open code	0	1	
ISTOCCSL	all in open code	0	1	
ISTORFBA	all in macro expansions	3	0	SCHEDULE:3
ISTORFBF	all in open code	0	2	
ISTORFBQ	all in macro expansions	8	0	SETFRR:8
ISTORFID	all in open code	0	2	
ISTORFSR	all in macro expansions	3	0	SCHEDULE:3
ISTRACTB	all in open code	0	1	
ISTRCC81	all in open code	0	2	
ISTRCFY0	all in open code	0	5	
ISTSC020	all in open code	0	35	
ISTSC021	all in open code	0	4	
ISTSC022	all in open code	0	23	
ISTSC024	all in open code	0	7	
ISTSC025	all in open code	0	5	
ISTSC026	all in open code	0	1	
ISTSC027	all in open code	0	8	
ISTSC028	all in open code	0	5	
ISTSC02A	all in open code	0	3	
ISTSC02B	all in open code	0	3	
ISTSC02C	all in open code	0	8	
ISTSC02D	all in open code	0	6	
ISTSC02E	all in open code	0	4	
ISTSC02F	all in open code	0	22	
ISTSC031	mixed	1	19	NIB:1
ISTSDCC4	all in open code	0	3	
ISTSDCP6	all in open code	0	3	
ISTSDCPC	all in open code	0	2	
ISTSEC40	all in open code	0	4	
ISTSQC08	all in open code	0	1	
ISTTC037	all in open code	0	31	
ISTZBF0L	all in open code	0	2	
ISTZBFAG	all in open code	0	2	
ISTZBFNB	all in open code	0	4	
ISTZBM0J	all in open code	0	42	
ISTZCF1B	all in open code	0	1	
ISTZDFK0	mixed	5	5	SETFRR:5
ISTZDFKA	all in open code	0	5	
ISTZEFBA	mixed	5	4	SETFRR:5
ISTZEMAA	all in open code	0	44	
ISTZEMEA	mixed	10	5	SETFRR:10
ISTZFFDF	all in open code	0	2	
ISTZFFEA	mixed	5	4	SETFRR:5
ISTZFM0B	mixed	6	103	SETFRR:6
ISTZFM2B	mixed	5	4	SETFRR:5
ISTZFMAB	mixed	5	2	SETFRR:5
ISTZFMFA	all in macro expansions	2	0	SETFRR:2
ISTZFMUA	all in open code	0	20	
ISTZGF0B	all in open code	0	2	
ISTZGF1A	all in open code	0	1	
ISTZGFCB	all in open code	0	3	
ISTZIFEB	all in open code	0	2	
ISTZIFNA	all in open code	0	27	
ISTZIFOA	all in open code	0	3	
ISTZIFSC	all in open code	0	5	
ISTZKFBB	all in open code	0	4	
