ACCESS	COBOLMAC
AMAMAIN	DISASM
AMBMAIN	DISASM
AMCMAIN	DISASM
ANYMOD	SYM10101
AQCTL	ET110201
BLSBVT	DISASM
BLSCAMM1	SYM20227
BLSCAMM2	SYM20227
BLSCAMMM	SYM20227
BLSCAMSL	SYM20227
BLSCFREF	DISASM
BLSCFRES	SYM20227
BLSCGETF	SYM20227
BLSCGETS	SYM20227
BLSDMCB	DISASM
BLSDMSGG	SYM20227
BLSDVT	DISASM
BLSESBA	DISASM
BLSESCO	DISASM
BLSESPA	DISASM
BLSFP	DISASM
BLSHSD	DISASM
BLSPDR	DISASM
BLSPZ2	DISASM
BLSR327A	SYM20227
BLSR327B	SYM20227
BLSR327C	SYM20227
BLSR327D	SYM20227
BLSR327E	SYM20227
BLSR327F	SYM20227
BLSR327G	SYM20227
BLSR327H	SYM20227
BLSR327I	SYM20227
BLSR327J	SYM20227
BLSR327M	SYM20227
BLSR327P	SYM20227
BLSR327W	SYM20227
BLSR327X	SYM20227
BLSRCKLT	SYM20227
BLSRCVTA	SYM20227
BLSRDEND	SYM20227
BLSRDT	SYM20227
BLSRDTD	SYM20227
BLSREUA	SYM20227
BLSRRA	SYM20227
BLSRROTB	SYM20227
BLSRSBA	SYM20227
BLSRSF	SYM20227
BLSRVT	DISASM
BLSRWCC	SYM20227
BLSSABA	DISASM
BLSUALL2	SYM20227
BLSUALLR	SYM20227
BLSUALLS	SYM20227
BLSUFRE2	SYM20227
BLSUFRER	SYM20227
BLSUFRES	SYM20227
BLSUSTBE	SYM20227
BLSUSTBN	SYM20227
BLSUSTBO	SYM20227
BLSZZ1	DISASM
BLSZZ2	DISASM
BLSZZ6	DISASM
BMDSECTS	SYM20104
BRING	SYM10101
BRKELEM	SYM10101
BRPRTMSG	SYM10101
BRREAD	SYM10101
BRWRITE	SYM10101
BUILDS	DISASM
CATLG	SYM60101
CENXTR	SYM10101
CMWTO	SYM10101
COBSAMP	DISASM
COMB	SYM60101
COMCOM	SYM10101
COMMON	SYM10101
CONTAINS	SYM20104
CONTENTS	SYM20104
CONTIME	SYM10101
DBV	SYM20104
DCDSWORK	SYM20104
DEL	SYM10101
DICT	SYM60101
DSCAN	SYM20128
DSW	SYM20104
EDSECT	SYM20104
EQUATES	SYM10101
ERMS	SYM20104
EVALWORK	SYM20104
EWTCMAP	ET110201
EWTMAP	SYM20106
FMTPTRN	SYM10101
FREEJSCB	SYM10101
FSPACE	SYM10101
GENCOM	SYM20104
GENERR	SYM20104
GENOP	SYM20104
GENTAB	SYM20104
GETJSCB	SYM10101
GETSEQ	SYM10101
GLOBAL	SYM10101
GOIF	SYM20104
GOIF1	SYM20104
GOIF3	SYM20104
GOTO	SYM20104
GSPACE	SYM10101
GSPSAMP	DISASM
HEWAPT	SYM20118
HEWLDCOM	SYM20118
HEXCNVT	SYM10101
HMASMARL	DISASM
HMASMATT	DISASM
HMASMBUP	DISASM
HMASMCCA	DISASM
HMASMCRP	DISASM
HMASMFVP	DISASM
HMASMGTP	DISASM
HMASMICT	DISASM
HMASMIOP	DISASM
HMASMLPR	DISASM
HMASMMCB	DISASM
HMASMMGP	DISASM
HMASMMPP	DISASM
HMASMPRL	DISASM
HMASMRDP	DISASM
HMASMRVA	DISASM
HMASMSCP	DISASM
HMASMSET	DISASM
HMASMSPL	DISASM
HMASMTBX	DISASM
HMASMTSL	DISASM
HMASMVLP	DISASM
ICBACREL	SYM70101
ICBMNTDE	SYM70101
ICBVARY	SYM70101
ICFWORK	SYM10101
ICOMMON	SYM20104
IDAAMB	SYM60101
IDAAMBL	DISASM
IDAAMBXN	DISASM
IDAAMDSB	DISASM
IDABIB	DISASM
IDABLPRM	SYM60101
IDABUFC	DISASM
IDACPA	DISASM
IDAEDB	DISASM
IDAIOMB	SYM60101
IDALPMB	DISASM
IDAPATCH	SYM60101
IDAPDPRM	SYM60101
IDAPLH	DISASM
IDARST14	SYM60101
IDARTMAC	SYM60101
IDASVR14	SYM60101
IDATRACE	SYM60101
IDAVAT	DISASM
IDAVIOT	DISASM
IDAVSRT	DISASM
IDDTRACK	SYM60101
IDDVBPPL	SYM60101
IDDVDSCB	SYM60101
IDDWICB	SYM60101
IEACIWA	SYM10101
IEAMMB	SYM10101
IEAPMNIP	SYM10101
IEAPXNIP	SYM10101
IEARCTD	SYM10101
IEBMCA	SYM20201
IEBUPCON	SYM20201
IECDBEB	SYM10101
IECDCAT	SYM10101
IECDCRCA	SYM10101
IECDCSWK	DISASM
IECDEPCB	SYM10101
IECDFIX	SYM10101
IECDHIDT	SYM10101
IECDIDAL	SYM10101
IECDIOQ	SYM10101
IECDIRT	SYM10101
IECDLCH	SYM10101
IECDPIRL	SYM10101
IECDSFRR	SYM10101
IECDSIAB	SYM10101
IECDTCCW	SYM10101
IECDVOID	SYM10101
IECDXDBA	SYM10101
IECDXFRR	SYM10101
IEDCBDA	ET110201
IEDCMB	ET110201
IEDDCT	SYM50101
IEDHJN	ET110201
IEDQMSG	ET110201
IEEBUFSC	SYM10101
IEECVMAP	SYM10101
IEELCA	SYM10101
IEERDCM	SYM10101
IEESDT	SYM10101
IEETDCM	SYM10101
IEEUCDX	SYM10101
IEEVCHWA	SYM60101
IEEVRSWA	SYM60101
IEEZB800	SYM10101
IEFCVRWA	SYM10101
IEFPTRS	SYM10101
IEFRELSE	SYM10101
IEFSAVER	SYM10101
IEFSDBAR	SYM30102
IEFSDPAR	SYM30102
IEFSDSDR	SYM30102
IEFSDSET	SYM30102
IEFSDSMF	SYM30102
IEFSDWKT	SYM30102
IEFSDWKX	SYM30102
IEFVJSEL	SYM10101
IEFVJSOL	SYM10101
IEFVJSXL	SYM10101
IEFVMAWA	SYM10101
IEFVMCWA	SYM10101
IEFVMDWA	SYM10101
IEFVMEWA	SYM10101
IEFVMIWA	DISASM
IEFVMJWA	SYM10101
IEFVMSWA	SYM10101
IEFVORWA	SYM10101
IEFZB429	SYM10101
IEFZB506	SYM10101
IEFZB507	SYM10101
IEFZB600	SYM10101
IEFZB622	SYM10101
IEFZB630	SYM10101
IEFZB9RD	SYM10101
IEHDBLKS	SYM20106
IEHDCBXL	SYM20201
IEHDWORK	SYM20106
IEHMVV	SYM20201
IEHPOST	SYM20201
IEHPRE	SYM20201
IEWFTNIP	SYM20118
IEZABP	SYM60101
IEZCTGFL	SYM60101
IEZIEL	SYM10101
IEZMNTXT	SYM70101
IEZMPL	SYM10101
IEZSSC	SYM70101
IFDCOM	SYM10101
IFDEVTAB	SYM10101
IFDMOD	SYM10101
IFDPATCH	SYM10101
IFDPF1	SYM10101
IGFCDA	SYM10101
IGFERPIB	SYM10101
IGFPWA	SYM10101
IGFRMS	SYM10101
IGFRWA	SYM10101
IGFTHB	SYM10101
IGGBCB	SYM60101
IGGBISAM	SYM60101
IGGBISAV	SYM60101
IGGCP1	SYM60101
IGGCP10A	SYM60101
IGGCP10B	SYM60101
IGGCP11A	SYM60101
IGGCP11B	SYM60101
IGGCP123	SYM60101
IGGCP12A	SYM60101
IGGCP12B	SYM60101
IGGCP12C	SYM60101
IGGCP13A	SYM60101
IGGCP13B	SYM60101
IGGCP13C	SYM60101
IGGCP14	SYM60101
IGGCP15	SYM60101
IGGCP16	SYM60101
IGGCP17	SYM60101
IGGCP2	SYM60101
IGGCP22	SYM60101
IGGCP23	SYM60101
IGGCP24	SYM60101
IGGCP25	SYM60101
IGGCP26	SYM60101
IGGCP4	SYM60101
IGGCP47	SYM60101
IGGCP5	SYM60101
IGGCP6	SYM60101
IGGCP7	SYM60101
IGGCP8	SYM60101
IGGCP9A	SYM60101
IGGCP9B	SYM60101
IGGCP9C	SYM60101
IGGCPOPS	SYM60101
IGGDCBFA	SYM60101
IGGDEBD	SYM60101
IGGFRWKA	SYM60101
IGGIOBD	SYM60101
IGGLDCP	SYM60101
IGGLOAD	SYM60101
IGGMSG	SYM60101
IGGPARML	SYM60101
IGGRDX	SYM60101
IGGSCAN	SYM60101
IGGSCW	SYM60101
IGGSPW	SYM60101
IGGSTAE	SYM60101
IGGSTW	SYM60101
IGGSWA	SYM60101
IGGUSL	SYM60101
IGGWKNCP	SYM60101
IGTXZAP	DISASM
IHAABDA	SYM10101
IHAACR	DISASM
IHAAQE	SYM10101
IHACCW	SYM60101
IHACSD	DISASM
IHACSW	SYM60101
IHADQE	SYM10101
IHAESTA	SYM10101
IHAFBQE	SYM10101
IHAFCAUD	SYM60101
IHAFCBIM	SYM60101
IHAFOE	SYM10101
IHAFQE	SYM10101
IHAGSDA	SYM10101
IHAICB	SYM60101
IHAINF	SYM10101
IHAIQE	SYM10101
IHALCCAT	SYM10101
IHAMB	SYM10101
IHAPCB	SYM10101
IHAPCBR	SYM10101
IHAPCCA	SYM10101
IHAPCCAT	SYM10101
IHAPFTE	SYM10101
IHAPICA	SYM10101
IHAPIE	SYM10101
IHAPQE	SYM10101
IHAQDB	SYM10101
IHARCA	SYM10101
IHARRRA	SYM10101
IHARTCT	DISASM
IHASSRB	SYM10101
IHASTOW	SYM60101
IHASVC	SYM10101
IHATQE	SYM10101
IHAVSL	SYM10101
IHAXPTE	SYM10101
IHJDSTAB	SYM60101
IHJSSCR	SYM60101
IKJEBEMB	SYM10101
IKJEBEMT	SYM10101
IKJEBEST	SYM10101
IKJEBEUW	SYM10101
IKJEFLWA	SYM10101
IKJEFPWA	SYM10101
IKJEGDBE	SYM10101
IKJEGDME	SYM10101
IKJEGS9G	SYM10101
IKJEGSIO	SYM10101
IKJEGSPL	SYM10101
IKJEGSUB	SYM10101
IKJEGSVB	SYM10101
IKJEGSVQ	SYM10101
IKJEGTBL	DISASM
IKJEGTWA	DISASM
IKJEHCOM	SYM20124
IKJOCMTB	SYM10101
IKJPARMA	SYM10101
IKJZT301	SYM10101
IKJZT302	SYM10101
IKJZT303	SYM10101
IKJZT304	SYM10101
IKJZT305	SYM10101
ILRACA	DISASM
ILRACE	DISASM
ILRASMHD	SYM10101
ILRASMVT	SYM10101
ILRASPCT	DISASM
ILRATA	DISASM
ILREPATH	DISASM
ILRIOE	DISASM
ILRIORB	SYM10101
ILRLGE	DISASM
ILRLGVT	DISASM
ILRPART	DISASM
ILRPAT	DISASM
ILRPCCW	DISASM
ILRPCT	DISASM
ILRQSRCD	DISASM
ILRSART	DISASM
ILRSAT	DISASM
ILRSCCW	DISASM
ILRSDCT	DISASM
ILRTPARB	DISASM
INS	SYM10101
IOBLOCKS	ET110201
IOGENER	ET110201
IOSMSSA	SYM10101
IOSTHLD	DISASM
IOSUNHLD	DISASM
IQAAOS	DISASM
IQAAVL	DISASM
IQAAVT	DISASM
IQABUF2A	DISASM
IQACCW	DISASM
IQACVT	DISASM
IQADDT	DISASM
IQADVE	DISASM
IQADVL	DISASM
IQAFMQ	DISASM
IQAID	DISASM
IQAIOTE	DISASM
IQALCA	DISASM
IQAMOD	DISASM
IQAMSGP1	DISASM
IQAOUT	DISASM
IQAPATCH	DISASM
IQAQAL	DISASM
IQAROUT	DISASM
IQARTR	DISASM
IQASCB	DISASM
IQASIB	DISASM
IQASTT	DISASM
IQATIB	DISASM
IQATSS	DISASM
IQAVARC	DISASM
IQAWQL	DISASM
IQAWSB	DISASM
IRACCT	SYM10101
IRADMDT	SYM10101
IRAEPAT	SYM10101
IRAEPDT	SYM10101
IRAEPNMP	SYM10101
IRAEPST	SYM10101
IRAICT	SYM10101
IRAMCT	SYM10101
IRARCT	SYM10101
IRARMCA	SYM10101
IRARMCT	SYM10101
IRARMEP	SYM10101
IRARMEX	SYM10101
IRARMPT	SYM10101
IRARMQH	SYM10101
IRARMSB	SYM10101
IRARQSRV	SYM10101
IRARRPA	SYM10101
IRASRCD	DISASM
IRAWAMT	SYM10101
IRAWMST	SYM10101
IRAWPGDT	SYM10101
IRAWPODT	DISASM
IRBLANGP	SYM20101
IRBSTGST	SYM20101
IRBSTMMV	SYM20101
JCALL	SYM20104
JCHECK	SYM20104
JCOMMON	SYM20104
JCSECT	SYM20104
JENTRY	SYM20104
JERMSGCD	SYM20104
JERRCD	SYM20104
JEXTRN	SYM20104
JFIND	SYM20104
JFLEBLK	SYM20104
JFRECORE	SYM20104
JGEN	SYM20104
JGENERR	SYM20104
JGENIN	SYM20104
JGETCORE	SYM20104
JGETL	SYM20104
JHEAD	SYM20104
JINCOM	SYM20104
JINPUT	SYM20104
JINST	SYM20104
JMODID	SYM20104
JNOTE	SYM20104
JNOTELB	SYM20104
JOUTCOM	SYM20104
JPARM	SYM20104
JPATCH	SYM20104
JPOINT	SYM20104
JPOINTLB	SYM20104
JPRINT	SYM20104
JPUNCH	SYM20104
JPUTL	SYM20104
JPUTM	SYM20104
JREAD	SYM20104
JRETURN	SYM20104
JSAVE	SYM20104
JTEXT	SYM20104
JTMTXT	SYM20104
JTPRINT	SYM20104
JTRUNC	SYM20104
JWRITE	SYM20104
LABEL	SYM20201
LCGASMS2	SYM60101
LCGASMSW	SYM60101
LINEEND	ET110201
MFROUTER	SYM20101
MIEDQFA	ET110201
MIEDQHM	SYM50101
OLTCB	ET110201
OP	SYM20104
OUTBUFM	SYM10101
PCIPOST	SYM10101
PLISAMP	DISASM
PSEUDO	SYM20124
PWRT	SYM10101
PWTO	SYM10101
PWTOR	SYM10101
RECORD	SYM10101
RESPL	ET110201
RESTORE	SYM10101
RMAMAIN	DISASM
RMBMAIN	DISASM
RMCMAIN	DISASM
RPTDSECT	SYM10101
RSYMRCD	SYM20104
RXLFMTS	SYM20104
SCSW	SYM10101
SET	SYM20104
SMCPI	DISASM
SMPPI	DISASM
SNDSCH	ET110201
SRCH	SYM10101
STABUILD	SYM20124
STAEPARM	SYM20124
STAES	SYM20124
STREE	SYM10101
SYNEPS	SYM10101
TACSMD	ET110201
TAIBD	ET110201
TAS	SYM10101
TASC	SYM10101
TASCD	SYM10101
TASCE	SYM10101
TASCT	SYM10101
TAVTD	SYM50101
TBDUD	ET110201
TBLGEN	SYM20104
TCAVTD	TIOCOP01
TCCWD	ET110201
TCD0D	SYM50101
TCD1D	SYM50101
TCKPD	SYM50101
TCOMD	ET110201
TCOMIPLD	SYM50101
TCOMTAB	SYM10101
TCONV	ET110201
TCPBD	SYM50101
TDATAD	ET110201
TDCTD	SYM50101
TDEBAPD	ET110201
TDEBD	ET110201
TDISPD	SYM50101
TDRQD	ET110201
TDVCIDTD	ET110201
THEDD	ET110201
TIOBD	ET110201
TIOSBED	ET110201
TLCBD	SYM50101
TLGBD	SYM50101
TMHTABD	ET110201
TMSKD	ET110201
TNATD	ET110201
TNCPID	SYM50101
TOCTRD	SYM50101
TOPCAVTD	SYM50101
TOPCED	SYM50101
TOPCTL	ET110201
TOPRED	SYM50101
TPCBD	ET110201
TPEBD	ET110201
TPECBD	ET110201
TPEWAD	ET110201
TPIU0D	ET110201
TPLMVD	SYM50101
TPRFD	SYM50101
TPRIOR	SYM50101
TPROCD	ET110201
TPRUD	SYM50101
TQCBD	SYM50101
TQCBED	SYM50101
TRAT	SYM10101
TRECBD	ET110201
TREQD	SYM50101
TRHD	SYM50101
TRVTD	SYM50101
TSATD	ET110201
TSCBD	ET110201
TSIBD	SYM50101
TSNSD	SYM50101
TSOECDD	ET110201
TSTCBD	ET110201
TSTCWORK	SYM10101
TSTMHND	ET110201
TTCBD	ET110201
TTCDSD	ET110201
TTCXD	SYM50101
TTECB	SYM50101
TTHD	SYM50101
TTNTD	SYM50101
TTPD	ET110201
TTRMD	SYM50101
TTSWD	ET110201
TTTCD	ET110201
VMSGGEN	SYM40102
VMSGSKL	SYM40102
VSCRATCH	SYM60101
WICLOSE	SYM60101
WIEXCP	SYM60101
WIJOURN	SYM60101
WINDOW	SYM10101
WORKAREA	SYM60101
WRTRP	SYM10101
X5COM	SYM20104
X5ERRL	SYM20104
XDCDS	SYM20104
XDICT	SYM20104
XEVAL	SYM20104
XFOUR	SYM20104
XSTBL	SYM20104
YREGS	SYM20124
