dataset	tape	tapefile	members	bytes_extracted	on_tk4_src_volumes
MVSSRC.EREPSY.F01	erepsym	FILE0001	76	6197724	yes
MVSSRC.EREPSY.F02	erepsym	FILE0002	25	6385176	yes
MVSSRC.EREPSY.F03	erepsym	FILE0003	9	1282726	yes
MVSSRC.ES1102.F01	ess1102sym	FILE0001	43	6517114	yes
MVSSRC.ET1102.F01	etc1102	FILE0001	92	1810888	yes
MVSSRC.ET1102.F04	etc1102	FILE0004	92	6511456	yes
MVSSRC.ET2402.F01	etc2402	FILE0001	68	545054	yes
MVSSRC.ET2402.F02	etc2402	FILE0002	139	5943770	yes
MVSSRC.SYM101.F01	sym1-1	FILE0001	242	2970368	yes
MVSSRC.SYM101.F02	sym1-1	FILE0002	5	400816	yes
MVSSRC.SYM101.F03	sym1-1	FILE0003	1	13776	yes
MVSSRC.SYM101.F04	sym1-1	FILE0004	8	2190138	yes
MVSSRC.SYM101.F05	sym1-1	FILE0005	48	6450530	yes
MVSSRC.SYM101.F06	sym1-1	FILE0006	36	6276198	yes
MVSSRC.SYM101.F07	sym1-1	FILE0007	33	6521132	yes
MVSSRC.SYM101.F08	sym1-1	FILE0008	35	6513752	yes
MVSSRC.SYM101.F09	sym1-1	FILE0009	8	665020	yes
MVSSRC.SYM101.F10	sym1-1	FILE0010	5	362604	yes
MVSSRC.SYM101.F11	sym1-1	FILE0011	46	4213652	yes
MVSSRC.SYM101.F12	sym1-1	FILE0012	42	6529660	yes
MVSSRC.SYM101.F13	sym1-1	FILE0013	43	3099108	yes
MVSSRC.SYM101.F14	sym1-1	FILE0014	63	2632118	yes
MVSSRC.SYM101.F15	sym1-1	FILE0015	44	6354344	yes
MVSSRC.SYM101.F16	sym1-1	FILE0016	16	3077214	yes
MVSSRC.SYM101.F17	sym1-1	FILE0017	1	131692	yes
MVSSRC.SYM101.F18	sym1-1	FILE0018	13	2370948	yes
MVSSRC.SYM101.F19	sym1-1	FILE0019	8	2769058	yes
MVSSRC.SYM101.F20	sym1-1	FILE0020	28	6508012	yes
MVSSRC.SYM102.F01	sym1-2	FILE0001	1	110946	yes
MVSSRC.SYM102.F02	sym1-2	FILE0002	13	2725352	yes
MVSSRC.SYM102.F03	sym1-2	FILE0003	28	6539172	yes
MVSSRC.SYM102.F04	sym1-2	FILE0004	24	6422158	yes
MVSSRC.SYM102.F05	sym1-2	FILE0005	14	6219864	yes
MVSSRC.SYM102.F06	sym1-2	FILE0006	17	6502354	yes
MVSSRC.SYM102.F07	sym1-2	FILE0007	5	952020	yes
MVSSRC.SYM102.F08	sym1-2	FILE0008	3	128494	yes
MVSSRC.SYM102.F09	sym1-2	FILE0009	25	6411498	yes
MVSSRC.SYM102.F10	sym1-2	FILE0010	8	2166932	yes
MVSSRC.SYM102.F11	sym1-2	FILE0011	9	2380870	yes
MVSSRC.SYM102.F12	sym1-2	FILE0012	8	2643680	yes
MVSSRC.SYM102.F13	sym1-2	FILE0013	16	6501288	yes
MVSSRC.SYM102.F14	sym1-2	FILE0014	22	6270540	yes
MVSSRC.SYM102.F15	sym1-2	FILE0015	4	1209008	yes
MVSSRC.SYM102.F16	sym1-2	FILE0016	20	5777310	yes
MVSSRC.SYM102.F17	sym1-2	FILE0017	1	853948	yes
MVSSRC.SYM102.F18	sym1-2	FILE0018	11	4769366	yes
MVSSRC.SYM102.F19	sym1-2	FILE0019	27	4790194	yes
MVSSRC.SYM103.F01	sym1-3	FILE0001	47	2037372	yes
MVSSRC.SYM103.F02	sym1-3	FILE0002	51	5472762	yes
MVSSRC.SYM103.F03	sym1-3	FILE0003	2	437634	yes
MVSSRC.SYM103.F04	sym1-3	FILE0004	6	4478102	yes
MVSSRC.SYM103.F05	sym1-3	FILE0005	1	111356	yes
MVSSRC.SYM103.F06	sym1-3	FILE0006	11	389828	yes
MVSSRC.SYM103.F07	sym1-3	FILE0007	51	5188468	yes
MVSSRC.SYM103.F08	sym1-3	FILE0008	32	3922142	yes
MVSSRC.SYM103.F09	sym1-3	FILE0009	40	6406414	yes
MVSSRC.SYM103.F10	sym1-3	FILE0010	48	6540894	yes
MVSSRC.SYM103.F11	sym1-3	FILE0011	47	6444954	yes
MVSSRC.SYM103.F12	sym1-3	FILE0012	38	6531628	yes
MVSSRC.SYM103.F13	sym1-3	FILE0013	3	884370	yes
MVSSRC.SYM103.F14	sym1-3	FILE0014	4	341858	yes
MVSSRC.SYM103.F15	sym1-3	FILE0015	19	2425396	yes
MVSSRC.SYM103.F16	sym1-3	FILE0016	5	113488	yes
MVSSRC.SYM103.F17	sym1-3	FILE0017	87	4199466	yes
MVSSRC.SYM103.F18	sym1-3	FILE0018	1	1476	yes
MVSSRC.SYM103.F19	sym1-3	FILE0019	19	6238478	yes
MVSSRC.SYM103.F20	sym1-3	FILE0020	20	5967796	yes
MVSSRC.SYM104.F01	sym1-4	FILE0001	1	293888	yes
MVSSRC.SYM104.F02	sym1-4	FILE0002	28	5895472	yes
MVSSRC.SYM104.F03	sym1-4	FILE0003	30	4667030	yes
MVSSRC.SYM104.F04	sym1-4	FILE0004	3	381710	yes
MVSSRC.SYM104.F05	sym1-4	FILE0005	19	2484600	yes
MVSSRC.SYM104.F06	sym1-4	FILE0006	48	6549586	yes
MVSSRC.SYM104.F07	sym1-4	FILE0007	51	6189360	yes
MVSSRC.SYM104.F08	sym1-4	FILE0008	31	6452498	yes
MVSSRC.SYM104.F09	sym1-4	FILE0009	31	3930096	yes
MVSSRC.SYM201.F01	sym2-1	FILE0001	4	38212	yes
MVSSRC.SYM201.F02	sym2-1	FILE0002	43	6523756	yes
MVSSRC.SYM201.F03	sym2-1	FILE0003	1	175726	yes
MVSSRC.SYM201.F04	sym2-1	FILE0004	71	734966	yes
MVSSRC.SYM201.F05	sym2-1	FILE0005	37	2102398	yes
MVSSRC.SYM201.F06	sym2-1	FILE0006	5	63550	yes
MVSSRC.SYM201.F07	sym2-1	FILE0007	1	446080	yes
MVSSRC.SYM201.F08	sym2-1	FILE0008	6	1253206	yes
MVSSRC.SYM201.F09	sym2-1	FILE0009	5	465350	yes
MVSSRC.SYM201.F10	sym2-1	FILE0010	1	451738	yes
MVSSRC.SYM201.F11	sym2-1	FILE0011	1	488310	yes
MVSSRC.SYM201.F12	sym2-1	FILE0012	1	228862	yes
MVSSRC.SYM201.F13	sym2-1	FILE0013	8	430090	yes
MVSSRC.SYM201.F14	sym2-1	FILE0014	20	6542780	yes
MVSSRC.SYM201.F15	sym2-1	FILE0015	39	4988060	yes
MVSSRC.SYM201.F16	sym2-1	FILE0016	29	1698630	yes
MVSSRC.SYM201.F17	sym2-1	FILE0017	6	1282070	yes
MVSSRC.SYM201.F18	sym2-1	FILE0018	3	126772	yes
MVSSRC.SYM201.F19	sym2-1	FILE0019	2	97662	yes
MVSSRC.SYM201.F20	sym2-1	FILE0020	2	382694	yes
MVSSRC.SYM201.F21	sym2-1	FILE0021	22	1801130	yes
MVSSRC.SYM201.F22	sym2-1	FILE0022	5	488556	yes
MVSSRC.SYM201.F23	sym2-1	FILE0023	9	1335534	yes
MVSSRC.SYM201.F24	sym2-1	FILE0024	6	90692	yes
MVSSRC.SYM201.F25	sym2-1	FILE0025	9	389910	yes
MVSSRC.SYM201.F26	sym2-1	FILE0026	8	1177684	yes
MVSSRC.SYM201.F27	sym2-1	FILE0027	5	476338	yes
MVSSRC.SYM201.F28	sym2-1	FILE0028	1	5084	yes
MVSSRC.SYM201.F29	sym2-1	FILE0029	28	6477836	yes
MVSSRC.SYM201.F30	sym2-1	FILE0030	29	6513834	yes
MVSSRC.SYM201.F31	sym2-1	FILE0031	29	6252746	yes
MVSSRC.SYM201.F32	sym2-1	FILE0032	25	6500222	yes
MVSSRC.SYM201.F33	sym2-1	FILE0033	2	480520	yes
MVSSRC.SYM202.F01	sym2-2	FILE0001	8	226320	yes
MVSSRC.SYM202.F02	sym2-2	FILE0002	1	142598	yes
MVSSRC.SYM202.F03	sym2-2	FILE0003	4	415576	yes
MVSSRC.SYM202.F04	sym2-2	FILE0004	43	2002850	yes
MVSSRC.SYM202.F05	sym2-2	FILE0005	4	203688	yes
MVSSRC.SYM202.F06	sym2-2	FILE0006	1	31734	yes
MVSSRC.SYM202.F07	sym2-2	FILE0007	9	266828	yes
MVSSRC.SYM202.F08	sym2-2	FILE0008	7	1140948	yes
MVSSRC.SYM202.F09	sym2-2	FILE0009	6	338906	yes
MVSSRC.SYM202.F10	sym2-2	FILE0010	3	1135536	yes
MVSSRC.SYM202.F11	sym2-2	FILE0011	3	422874	yes
MVSSRC.SYM202.F12	sym2-2	FILE0012	5	478142	yes
MVSSRC.SYM202.F13	sym2-2	FILE0013	22	1431802	yes
MVSSRC.SYM202.F14	sym2-2	FILE0014	12	471418	yes
MVSSRC.SYM202.F15	sym2-2	FILE0015	7	486424	yes
MVSSRC.SYM202.F16	sym2-2	FILE0016	1	198276	yes
MVSSRC.SYM202.F18	sym2-2	FILE0018	40	1994322	yes
MVSSRC.SYM202.F19	sym2-2	FILE0019	4	16810	yes
MVSSRC.SYM202.F20	sym2-2	FILE0020	70	2193418	yes
MVSSRC.SYM202.F21	sym2-2	FILE0021	5	613196	yes
MVSSRC.SYM202.F22	sym2-2	FILE0022	7	1069280	yes
MVSSRC.SYM202.F23	sym2-2	FILE0023	14	4111234	yes
MVSSRC.SYM202.F24	sym2-2	FILE0024	15	508728	yes
MVSSRC.SYM202.F25	sym2-2	FILE0025	6	594090	yes
MVSSRC.SYM202.F26	sym2-2	FILE0026	22	1277642	yes
MVSSRC.SYM202.F27	sym2-2	FILE0027	42	399340	yes
MVSSRC.SYM202.F28	sym2-2	FILE0028	66	6506372	yes
MVSSRC.SYM202.F29	sym2-2	FILE0029	54	6473572	yes
MVSSRC.SYM202.F30	sym2-2	FILE0030	44	6454794	yes
MVSSRC.SYM202.F31	sym2-2	FILE0031	47	6452252	yes
MVSSRC.SYM202.F32	sym2-2	FILE0032	61	6471850	yes
MVSSRC.SYM202.F33	sym2-2	FILE0033	61	6507028	yes
MVSSRC.SYM202.F34	sym2-2	FILE0034	3	565472	yes
MVSSRC.SYM301.F02	sym3	FILE0002	8	47970	yes
MVSSRC.SYM301.F03	sym3	FILE0003	3	19844	yes
MVSSRC.SYM301.F04	sym3	FILE0004	10	455018	yes
MVSSRC.SYM401.F01	sym4-1	FILE0001	115	3490904	yes
MVSSRC.SYM401.F02	sym4-1	FILE0002	3	29848	yes
MVSSRC.SYM401.F03	sym4-1	FILE0003	42	6483084	yes
MVSSRC.SYM401.F04	sym4-1	FILE0004	3	790316	yes
MVSSRC.SYM401.F05	sym4-1	FILE0005	25	6427078	yes
MVSSRC.SYM401.F06	sym4-1	FILE0006	21	6309408	yes
MVSSRC.SYM401.F07	sym4-1	FILE0007	17	6459714	yes
MVSSRC.SYM401.F08	sym4-1	FILE0008	18	6406332	yes
MVSSRC.SYM401.F09	sym4-1	FILE0009	21	6309900	yes
MVSSRC.SYM401.F10	sym4-1	FILE0010	11	6464388	yes
MVSSRC.SYM401.F11	sym4-1	FILE0011	13	6378452	yes
MVSSRC.SYM401.F12	sym4-1	FILE0012	15	6255944	yes
MVSSRC.SYM401.F13	sym4-1	FILE0013	15	6299732	yes
MVSSRC.SYM401.F14	sym4-1	FILE0014	17	6197642	yes
MVSSRC.SYM402.F01	sym4-2	FILE0001	13	6281610	yes
MVSSRC.SYM402.F02	sym4-2	FILE0002	10	6478328	yes
MVSSRC.SYM402.F03	sym4-2	FILE0003	13	6124744	yes
MVSSRC.SYM402.F04	sym4-2	FILE0004	13	6306702	yes
MVSSRC.SYM402.F05	sym4-2	FILE0005	19	6311704	yes
MVSSRC.SYM402.F06	sym4-2	FILE0006	15	6286448	yes
MVSSRC.SYM402.F07	sym4-2	FILE0007	14	6211418	yes
MVSSRC.SYM402.F08	sym4-2	FILE0008	13	6346800	yes
MVSSRC.SYM402.F09	sym4-2	FILE0009	25	6072264	yes
MVSSRC.SYM402.F10	sym4-2	FILE0010	19	6490628	yes
MVSSRC.SYM402.F11	sym4-2	FILE0011	27	6416172	yes
MVSSRC.SYM402.F12	sym4-2	FILE0012	27	6407890	yes
MVSSRC.SYM403.F01	sym4-3	FILE0001	17	6539500	yes
MVSSRC.SYM403.F02	sym4-3	FILE0002	27	6219290	yes
MVSSRC.SYM403.F03	sym4-3	FILE0003	22	6199774	yes
MVSSRC.SYM403.F04	sym4-3	FILE0004	20	6329252	yes
MVSSRC.SYM403.F05	sym4-3	FILE0005	22	6356804	yes
MVSSRC.SYM403.F06	sym4-3	FILE0006	24	5965008	yes
MVSSRC.SYM403.F07	sym4-3	FILE0007	20	6529660	yes
MVSSRC.SYM403.F08	sym4-3	FILE0008	22	6416992	yes
MVSSRC.SYM403.F09	sym4-3	FILE0009	8	1619992	yes
MVSSRC.SYM403.F10	sym4-3	FILE0010	39	6345406	yes
MVSSRC.SYM403.F11	sym4-3	FILE0011	24	4301474	yes
MVSSRC.SYM501.F01	sym5	FILE0001	135	2881316	yes
MVSSRC.SYM501.F05	sym5	FILE0005	88	6463486	yes
MVSSRC.SYM501.F06	sym5	FILE0006	62	6506454	yes
MVSSRC.SYM501.F07	sym5	FILE0007	49	6344832	yes
MVSSRC.SYM501.F08	sym5	FILE0008	58	6455040	yes
MVSSRC.SYM501.F09	sym5	FILE0009	98	6312196	yes
MVSSRC.SYM501.F10	sym5	FILE0010	14	400160	yes
MVSSRC.SYM601.F01	sym6-1	FILE0001	200	1835324	yes
MVSSRC.SYM601.F02	sym6-1	FILE0002	10	2394564	yes
MVSSRC.SYM601.F03	sym6-1	FILE0003	9	1009666	yes
MVSSRC.SYM601.F04	sym6-1	FILE0004	3	210330	yes
MVSSRC.SYM601.F05	sym6-1	FILE0005	25	6309408	yes
MVSSRC.SYM601.F06	sym6-1	FILE0006	27	6474064	yes
MVSSRC.SYM601.F07	sym6-1	FILE0007	17	6415434	yes
MVSSRC.SYM601.F08	sym6-1	FILE0008	12	6341306	yes
MVSSRC.SYM601.F09	sym6-1	FILE0009	16	6300306	yes
MVSSRC.SYM601.F10	sym6-1	FILE0010	16	6507602	yes
MVSSRC.SYM601.F11	sym6-1	FILE0011	18	6471850	yes
MVSSRC.SYM601.F12	sym6-1	FILE0012	17	6558196	yes
MVSSRC.SYM601.F13	sym6-1	FILE0013	15	6253156	yes
MVSSRC.SYM601.F14	sym6-1	FILE0014	4	1940284	yes
MVSSRC.SYM601.F15	sym6-1	FILE0015	16	3492954	yes
MVSSRC.SYM601.F16	sym6-1	FILE0016	8	1707076	yes
MVSSRC.SYM602.F01	sym6-2	FILE0001	33	6547618	yes
MVSSRC.SYM602.F02	sym6-2	FILE0002	15	6036184	yes
MVSSRC.SYM602.F03	sym6-2	FILE0003	8	6311458	yes
MVSSRC.SYM602.F04	sym6-2	FILE0004	10	6083416	yes
MVSSRC.SYM602.F05	sym6-2	FILE0005	30	3413414	yes
MVSSRC.SYM602.F06	sym6-2	FILE0006	85	4195858	yes
MVSSRC.SYM602.F07	sym6-2	FILE0007	85	6534170	yes
MVSSRC.SYM602.F08	sym6-2	FILE0008	31	1983416	yes
MVSSRC.SYM602.F09	sym6-2	FILE0009	4	346122	yes
MVSSRC.SYM602.F10	sym6-2	FILE0010	57	2831952	yes
MVSSRC.SYM602.F11	sym6-2	FILE0011	43	3425058	yes
MVSSRC.SYM602.F12	sym6-2	FILE0012	116	6206334	yes
MVSSRC.SYM602.F13	sym6-2	FILE0013	37	2395384	yes
MVSSRC.SYM701.F01	sym7	FILE0001	126	1980300	yes
MVSSRC.SYM701.F02	sym7	FILE0002	24	6532202	yes
MVSSRC.SYM701.F03	sym7	FILE0003	16	4538700	yes
MVSSRC.SYM701.F04	sym7	FILE0004	2	484456	yes
MVSSRC.SYM701.F05	sym7	FILE0005	17	6196986	yes
MVSSRC.SYM701.F06	sym7	FILE0006	38	5517042	yes
MVSSRC.SYM701.F07	sym7	FILE0007	20	6529906	yes
MVSSRC.SYM701.F08	sym7	FILE0008	10	3426944	yes
MVSSRC.SYM701.F09	sym7	FILE0009	37	4564776	yes
MVSSRC.SYM701.F10	sym7	FILE0010	4	1370794	yes
MVSSRC.SYM701.F11	sym7	FILE0011	30	6428636	yes
MVSSRC.SYM701.F12	sym7	FILE0012	13	6220274	yes
MVSSRC.SYM701.F13	sym7	FILE0013	33	4885970	yes
MVSSRC.TIOCOP.F01	tiocopt	FILE0001	135	2881316	yes
MVSSRC.TIOCOP.F02	tiocopt	FILE0002	31	1355542	yes
MVSSRC.TIOCOP.F03	tiocopt	FILE0003	47	6297764	yes
MVSSRC.TIOCOP.F04	tiocopt	FILE0004	111	6494154	yes
MVSSRC.TIOCOP.F05	tiocopt	FILE0005	54	3894672	yes
