dataset	volser	required_by_bldsmp
MVSSRC.EREPSY.F01	SRC000	yes
MVSSRC.EREPSY.F02	SRC000	yes
MVSSRC.EREPSY.F03	SRC000	yes
MVSSRC.ES1102.F01	SRC000	yes
MVSSRC.ES1102.F02	SRC000	no
MVSSRC.ES1102.F03	SRC000	no
MVSSRC.ES1102.F04	SRC000	no
MVSSRC.ET1102.F01	SRC000	yes
MVSSRC.ET1102.F02	SRC000	no
MVSSRC.ET1102.F03	SRC000	no
MVSSRC.ET1102.F04	SRC000	yes
MVSSRC.ET1102.F05	SRC000	no
MVSSRC.ET1102.F06	SRC000	no
MVSSRC.ET2402.F01	SRC000	yes
MVSSRC.ET2402.F02	SRC000	yes
MVSSRC.EV1202.F01	SRC000	no
MVSSRC.EV1202.F02	SRC000	no
MVSSRC.EV1202.F03	SRC000	no
MVSSRC.SOURCE.F01	SRC000	no
MVSSRC.SOURCE.F02	SRC000	no
MVSSRC.SOURCE.F03	SRC000	no
MVSSRC.SYM101.F01	SRC000	yes
MVSSRC.SYM101.F02	SRC000	yes
MVSSRC.SYM101.F03	SRC000	yes
MVSSRC.SYM101.F04	SRC000	yes
MVSSRC.SYM101.F05	SRC000	yes
MVSSRC.SYM101.F06	SRC000	yes
MVSSRC.SYM101.F07	SRC000	yes
MVSSRC.SYM101.F08	SRC000	yes
MVSSRC.SYM101.F09	SRC000	yes
MVSSRC.SYM101.F10	SRC000	yes
MVSSRC.SYM101.F11	SRC000	yes
MVSSRC.SYM101.F12	SRC000	yes
MVSSRC.SYM101.F13	SRC000	yes
MVSSRC.SYM101.F14	SRC000	yes
MVSSRC.SYM101.F15	SRC000	yes
MVSSRC.SYM101.F16	SRC000	yes
MVSSRC.SYM101.F17	SRC000	yes
MVSSRC.SYM101.F18	SRC000	yes
MVSSRC.SYM101.F19	SRC000	yes
MVSSRC.SYM101.F20	SRC000	yes
MVSSRC.SYM102.F01	SRC000	yes
MVSSRC.SYM102.F02	SRC000	yes
MVSSRC.SYM102.F03	SRC000	yes
MVSSRC.SYM102.F04	SRC000	yes
MVSSRC.SYM102.F05	SRC000	yes
MVSSRC.SYM102.F06	SRC000	yes
MVSSRC.SYM102.F07	SRC000	yes
MVSSRC.SYM102.F08	SRC000	yes
MVSSRC.SYM102.F09	SRC000	yes
MVSSRC.SYM102.F10	SRC000	yes
MVSSRC.SYM102.F11	SRC000	yes
MVSSRC.SYM102.F12	SRC000	yes
MVSSRC.SYM102.F13	SRC000	yes
MVSSRC.SYM102.F14	SRC000	yes
MVSSRC.SYM102.F15	SRC000	yes
MVSSRC.SYM102.F16	SRC000	yes
MVSSRC.SYM102.F17	SRC000	yes
MVSSRC.SYM102.F18	SRC000	yes
MVSSRC.SYM102.F19	SRC000	yes
MVSSRC.SYM103.F01	SRC000	yes
MVSSRC.SYM103.F02	SRC000	yes
MVSSRC.SYM103.F03	SRC000	yes
MVSSRC.SYM103.F04	SRC000	yes
MVSSRC.SYM103.F05	SRC000	yes
MVSSRC.SYM103.F06	SRC000	yes
MVSSRC.SYM103.F07	SRC000	yes
MVSSRC.SYM103.F08	SRC000	yes
MVSSRC.SYM103.F09	SRC000	yes
MVSSRC.SYM103.F10	SRC000	yes
MVSSRC.SYM103.F11	SRC000	yes
MVSSRC.SYM103.F12	SRC000	yes
MVSSRC.TIOCOP.F01	SRC000	yes
MVSSRC.TIOCOP.F02	SRC000	yes
MVSSRC.TIOCOP.F03	SRC000	yes
MVSSRC.TIOCOP.F04	SRC000	yes
MVSSRC.TIOCOP.F05	SRC000	yes
MVSSRC.SYM103.F13	SRC001	yes
MVSSRC.SYM103.F14	SRC001	yes
MVSSRC.SYM103.F15	SRC001	yes
MVSSRC.SYM103.F16	SRC001	yes
MVSSRC.SYM103.F17	SRC001	yes
MVSSRC.SYM103.F18	SRC001	yes
MVSSRC.SYM103.F19	SRC001	yes
MVSSRC.SYM103.F20	SRC001	yes
MVSSRC.SYM104.F01	SRC001	yes
MVSSRC.SYM104.F02	SRC001	yes
MVSSRC.SYM104.F03	SRC001	yes
MVSSRC.SYM104.F04	SRC001	yes
MVSSRC.SYM104.F05	SRC001	yes
MVSSRC.SYM104.F06	SRC001	yes
MVSSRC.SYM104.F07	SRC001	yes
MVSSRC.SYM104.F08	SRC001	yes
MVSSRC.SYM104.F09	SRC001	yes
MVSSRC.SYM201.F01	SRC001	yes
MVSSRC.SYM201.F02	SRC001	yes
MVSSRC.SYM201.F03	SRC001	yes
MVSSRC.SYM201.F04	SRC001	yes
MVSSRC.SYM201.F05	SRC001	yes
MVSSRC.SYM201.F06	SRC001	yes
MVSSRC.SYM201.F07	SRC001	yes
MVSSRC.SYM201.F08	SRC001	yes
MVSSRC.SYM201.F09	SRC001	yes
MVSSRC.SYM201.F10	SRC001	yes
MVSSRC.SYM201.F11	SRC001	yes
MVSSRC.SYM201.F12	SRC001	yes
MVSSRC.SYM201.F13	SRC001	yes
MVSSRC.SYM201.F14	SRC001	yes
MVSSRC.SYM201.F15	SRC001	yes
MVSSRC.SYM201.F16	SRC001	yes
MVSSRC.SYM201.F17	SRC001	yes
MVSSRC.SYM201.F18	SRC001	yes
MVSSRC.SYM201.F19	SRC001	yes
MVSSRC.SYM201.F20	SRC001	yes
MVSSRC.SYM201.F21	SRC001	yes
MVSSRC.SYM201.F22	SRC001	yes
MVSSRC.SYM201.F23	SRC001	yes
MVSSRC.SYM201.F24	SRC001	yes
MVSSRC.SYM201.F25	SRC001	yes
MVSSRC.SYM201.F26	SRC001	yes
MVSSRC.SYM201.F27	SRC001	yes
MVSSRC.SYM201.F28	SRC001	yes
MVSSRC.SYM201.F29	SRC001	yes
MVSSRC.SYM201.F30	SRC001	yes
MVSSRC.SYM201.F31	SRC001	yes
MVSSRC.SYM201.F32	SRC001	yes
MVSSRC.SYM201.F33	SRC001	yes
MVSSRC.SYM202.F01	SRC001	yes
MVSSRC.SYM202.F02	SRC001	yes
MVSSRC.SYM202.F03	SRC001	yes
MVSSRC.SYM202.F04	SRC001	yes
MVSSRC.SYM202.F05	SRC001	yes
MVSSRC.SYM202.F06	SRC001	yes
MVSSRC.SYM202.F07	SRC001	yes
MVSSRC.SYM202.F08	SRC001	yes
MVSSRC.SYM202.F09	SRC001	yes
MVSSRC.SYM202.F10	SRC001	yes
MVSSRC.SYM202.F11	SRC001	yes
MVSSRC.SYM202.F12	SRC001	yes
MVSSRC.SYM202.F13	SRC001	yes
MVSSRC.SYM202.F14	SRC001	yes
MVSSRC.SYM202.F15	SRC001	yes
MVSSRC.SYM202.F16	SRC001	yes
MVSSRC.SYM202.F17	SRC001	no
MVSSRC.SYM202.F18	SRC001	yes
MVSSRC.SYM202.F19	SRC001	yes
MVSSRC.SYM202.F20	SRC001	yes
MVSSRC.SYM202.F21	SRC001	yes
MVSSRC.SYM202.F22	SRC001	yes
MVSSRC.SYM202.F23	SRC001	yes
MVSSRC.SYM202.F24	SRC001	yes
MVSSRC.SYM202.F25	SRC001	yes
MVSSRC.SYM202.F26	SRC001	yes
MVSSRC.SYM202.F27	SRC001	yes
MVSSRC.SYM202.F28	SRC001	yes
MVSSRC.SYM202.F29	SRC001	yes
MVSSRC.SYM202.F30	SRC001	yes
MVSSRC.SYM202.F31	SRC001	yes
MVSSRC.SYM202.F32	SRC001	yes
MVSSRC.SYM202.F33	SRC001	yes
MVSSRC.SYM202.F34	SRC001	yes
MVSSRC.SYM301.F01	SRC001	no
MVSSRC.SYM301.F02	SRC001	yes
MVSSRC.SYM301.F03	SRC001	yes
MVSSRC.SYM301.F04	SRC001	yes
MVSSRC.SYM401.F01	SRC001	yes
MVSSRC.SYM401.F02	SRC001	yes
MVSSRC.SYM401.F03	SRC001	yes
MVSSRC.SYM401.F04	SRC001	yes
MVSSRC.SYM401.F05	SRC001	yes
MVSSRC.SYM401.F06	SRC001	yes
MVSSRC.SYM401.F07	SRC001	yes
MVSSRC.SYM401.F08	SRC001	yes
MVSSRC.SYM401.F09	SRC001	yes
MVSSRC.SYM401.F10	SRC001	yes
MVSSRC.SYM401.F11	SRC001	yes
MVSSRC.SYM401.F12	SRC001	yes
MVSSRC.SYM401.F13	SRC001	yes
MVSSRC.SYM401.F14	SRC001	yes
MVSSRC.SYM402.F01	SRC001	yes
MVSSRC.SYM402.F02	SRC001	yes
MVSSRC.SYM402.F03	SRC001	yes
MVSSRC.SYM402.F04	SRC001	yes
MVSSRC.SYM402.F05	SRC001	yes
MVSSRC.SYM402.F06	SRC001	yes
MVSSRC.SYM402.F07	SRC002	yes
MVSSRC.SYM402.F08	SRC002	yes
MVSSRC.SYM402.F09	SRC002	yes
MVSSRC.SYM402.F10	SRC002	yes
MVSSRC.SYM402.F11	SRC002	yes
MVSSRC.SYM402.F12	SRC002	yes
MVSSRC.SYM403.F01	SRC002	yes
MVSSRC.SYM403.F02	SRC002	yes
MVSSRC.SYM403.F03	SRC002	yes
MVSSRC.SYM403.F04	SRC002	yes
MVSSRC.SYM403.F05	SRC002	yes
MVSSRC.SYM403.F06	SRC002	yes
MVSSRC.SYM403.F07	SRC002	yes
MVSSRC.SYM403.F08	SRC002	yes
MVSSRC.SYM403.F09	SRC002	yes
MVSSRC.SYM403.F10	SRC002	yes
MVSSRC.SYM403.F11	SRC002	yes
MVSSRC.SYM501.F01	SRC002	yes
MVSSRC.SYM501.F02	SRC002	no
MVSSRC.SYM501.F03	SRC002	no
MVSSRC.SYM501.F04	SRC002	no
MVSSRC.SYM501.F05	SRC002	yes
MVSSRC.SYM501.F06	SRC002	yes
MVSSRC.SYM501.F07	SRC002	yes
MVSSRC.SYM501.F08	SRC002	yes
MVSSRC.SYM501.F09	SRC002	yes
MVSSRC.SYM501.F10	SRC002	yes
MVSSRC.SYM601.F01	SRC002	yes
MVSSRC.SYM601.F02	SRC002	yes
MVSSRC.SYM601.F03	SRC002	yes
MVSSRC.SYM601.F04	SRC002	yes
MVSSRC.SYM601.F05	SRC002	yes
MVSSRC.SYM601.F06	SRC002	yes
MVSSRC.SYM601.F07	SRC002	yes
MVSSRC.SYM601.F08	SRC002	yes
MVSSRC.SYM601.F09	SRC002	yes
MVSSRC.SYM601.F10	SRC002	yes
MVSSRC.SYM601.F11	SRC002	yes
MVSSRC.SYM601.F12	SRC002	yes
MVSSRC.SYM601.F13	SRC002	yes
MVSSRC.SYM601.F14	SRC002	yes
MVSSRC.SYM601.F15	SRC002	yes
MVSSRC.SYM601.F16	SRC002	yes
MVSSRC.SYM602.F01	SRC002	yes
MVSSRC.SYM602.F02	SRC002	yes
MVSSRC.SYM602.F03	SRC002	yes
MVSSRC.SYM602.F04	SRC002	yes
MVSSRC.SYM602.F05	SRC002	yes
MVSSRC.SYM602.F06	SRC002	yes
MVSSRC.SYM602.F07	SRC002	yes
MVSSRC.SYM602.F08	SRC002	yes
MVSSRC.SYM602.F09	SRC002	yes
MVSSRC.SYM602.F10	SRC002	yes
MVSSRC.SYM602.F11	SRC002	yes
MVSSRC.SYM602.F12	SRC002	yes
MVSSRC.SYM602.F13	SRC002	yes
MVSSRC.SYM701.F01	SRC002	yes
MVSSRC.SYM701.F02	SRC002	yes
MVSSRC.SYM701.F03	SRC002	yes
MVSSRC.SYM701.F04	SRC002	yes
MVSSRC.SYM701.F05	SRC002	yes
MVSSRC.SYM701.F06	SRCCAT	yes
MVSSRC.SYM701.F07	SRCCAT	yes
MVSSRC.SYM701.F08	SRCCAT	yes
MVSSRC.SYM701.F09	SRCCAT	yes
MVSSRC.SYM701.F10	SRCCAT	yes
MVSSRC.SYM701.F11	SRCCAT	yes
MVSSRC.SYM701.F12	SRCCAT	yes
MVSSRC.SYM701.F13	SRCCAT	yes
