module	kreiss_verdict	ibm_verdict
AHLCWRIT	length	length
AHLIWRIT	length	length
AHLSBLOK	text	text
AHLSBUF	length	length
AHLSETD	mixed	mixed
AHLT103	length	length
AHLTDIR	length	length
AHLTPMT	length	length
AHLTSCN	length	length
AHLTSYFL	mixed	mixed
AHLTUSR	length	length
AHLVCOFF	mixed	mixed
AHLVCON	length	length
AHLWTASK	length	length
AHLWTO	length	length
AHLWWRIT	length	length
AMDPRCVT	length	length
AMDPRDPS	length	length
AMDPREAD	length	length
AMDPRFDS	length	length
AMDPRFLT	length	length
AMDPRFRM	length	length
AMDPRFUB	length	length
AMDPRGCD	length	length
AMDPRSEG	length	length
AMDPRSUM	length	length
AMDSACON	length	length
AMDSAIOI	length	length
AMDSALDR	length	length
AMDSASIO	length	length
AMDSAUCB	length	length
AMDSYS00	length	length
AMDSYS02	mixed	mixed
AMDSYS04	length	length
AMDSYS05	length	length
AMDUSRFD	length	length
BLSCADYN	text	length
BLSCAINT	text	length
BLSCALOC	text	length
BLSCENDD	text	text
BLSCERSE	mixed	mixed
BLSCFDYN	text	length
BLSCGETT	text	length
BLSCOPEN	mixed	length
BLSCPOIN	text	text
BLSCPUTT	length	length
BLSEADP1	text	mixed
BLSFSCRT	text	length
BLSRCOMK	text	length
BLSRDUAL	text	length
BLSRDUIH	mixed	length
BLSRDUIS	text	length
BLSRDUOP	text	length
BLSRMSGA	text	length
BLSRRACV	text	length
BLSRSAGN	text	length
BLSRVPAS	text	length
BLSRVPCP	mixed	mixed
BLSSCOMM	text	length
BLSSPFT	mixed	length
BLSUSTAE	text	text
BLSUVSCR	text	text
BLSUVSMR	text	text
BLSUVSOQ	text	text
BLSVPGTE	text	length
BLSVSGTE	text	mixed
BNGIEXIT	length	length
BNGIPCBX	length	?
BNGTMENU	text	mixed
BNGTQEMA	length	length
BNGTQEMF	mixed	mixed
HEWLFENT	length	length
HEWLFIDR	length	length
HEWLFMAP	length	length
HEWLFSCD	length	length
HMASMAAR	length	length
HMASMAR1	text	length
HMASMAR2	text	length
HMASMBUE	text	length
HMASMCIL	text	mixed
HMASMCMP	text	length
HMASMCOM	length	length
HMASMCP2	text	length
HMASMCPL	text	length
HMASMCPY	text	length
HMASMCRD	text	length
HMASMDC1	text	length
HMASMDLE	mixed	length
HMASMDR1	text	length
HMASMDR2	text	length
HMASMDS1	text	length
HMASMEIS	mixed	length
HMASMFVL	text	length
HMASMGTA	text	length
HMASMIDU	text	length
HMASMIO1	text	length
HMASMION	text	length
HMASMLC1	text	length
HMASMLCC	mixed	length
HMASMLCD	text	length
HMASMLCP	length	length
HMASMLID	text	length
HMASMLKD	text	length
HMASMLOG	mixed	length
HMASMMPD	length	length
HMASMMPH	length	length
HMASMPGC	text	length
HMASMRCC	text	length
HMASMRCD	length	length
HMASMRCF	text	mixed
HMASMRCL	text	length
HMASMRDS	text	text
HMASMREC	length	length
HMASMREJ	text	length
HMASMRJD	text	length
HMASMSCN	text	length
HMASMSEC	text	length
HMASMSTA	text	length
HMASMSUB	text	length
HMASMSUP	text	length
HMASMTAD	text	length
HMASMTAI	text	length
HMASMTBL	text	length
HMASMTCL	text	length
HMASMTCR	text	length
HMASMTD1	text	length
HMASMTDD	text	length
HMASMTEC	text	length
HMASMTL1	text	mixed
HMASMTL2	text	length
HMASMTM1	text	length
HMASMTM2	text	length
HMASMTM3	text	length
HMASMTM4	text	length
HMASMTMJ	text	length
HMASMTMS	text	length
HMASMTMW	length	length
HMASMTP2	text	length
HMASMTPD	text	length
HMASMTPL	text	length
HMASMTPO	text	length
HMASMTPR	text	length
HMASMTPS	text	length
HMASMTR1	text	length
HMASMTRM	mixed	length
HMASMTSB	text	length
HMASMUXC	text	length
HMASMVLU	text	identical
HMASMXRF	text	length
HMBLKCTL	length	length
HMBLKIDR	length	length
HMBLKSZE	length	length
ICB2ACT	length	length
ICB2AEA	length	length
ICB2AIR	length	length
ICB2ATTN	length	length
ICB2SIOB	length	length
ICB2SIOF	length	length
ICBINIT	text	text
ICBMSG56	length	length
ICBPRGIO	length	length
ICBTMSS0	mixed	mixed
ICBVDR01	length	length
ICBVJL00	length	length
ICBVMS00	length	length
ICBVMT00	length	length
ICBVPR00	length	length
ICBVSC00	length	length
ICBVSL00	length	length
ICBVSP00	length	length
ICBVTP00	length	length
ICBVTP01	length	length
ICBVUT00	length	length
ICBVUT01	length	length
ICBVUT03	length	length
ICGDSA05	length	length
ICGDSA06	length	length
ICGDSA07	length	length
ICGDSA09	length	length
ICGDSB01	length	length
ICGDSB03	length	length
ICGDSB05	length	length
ICGDSB06	length	length
ICGDSB09	length	length
ICGDSB11	length	length
ICGDSB13	length	length
ICGDSB15	length	length
ICGDSB16	length	length
ICGDSB18	length	length
ICGDSB19	length	length
ICGDSB20	length	length
ICGDSBLD	length	length
ICGDSINT	mixed	mixed
ICGDSS06	length	length
ICGDSS08	length	length
ICGDSS09	length	length
ICKAA01	length	length
ICKBM01	length	length
ICKCDIN	length	length
ICKCDIT	length	length
ICKCDRF	length	length
ICKDV01	length	length
ICKDV02	length	length
ICKDV04	length	length
ICKIN01	length	length
ICKIO01	length	length
ICKIO02	length	length
ICKPP01	length	length
ICKRF01	length	length
ICKRI02	length	length
ICKSA01	length	length
ICKSA02	length	length
ICKSA03	length	length
ICKSA05	length	length
ICKSA08	length	length
ICKSA10	length	length
ICKTP05	length	length
ICKTSTP0	text	identical
ICKVA01	length	length
ICKVV01	length	length
ICKWI01	length	length
ICKWL01	length	length
ICKWV01	length	length
IDA0192A	length	length
IDA0192B	length	length
IDA0192C	length	length
IDA0192D	length	length
IDA0192F	length	length
IDA0192I	length	length
IDA0192P	length	length
IDA0192S	length	length
IDA0192Y	length	length
IDA0192Z	length	length
IDA019RD	length	length
IDA019S2	length	length
IDA019S4	length	identical
IDA0200B	length	length
IDA0200S	length	length
IDA0200T	length	length
IDA0231B	length	length
IDA0231T	length	length
IDA0557A	length	length
IDA0A05B	length	length
IDA0C05B	length	length
IDA0C06C	length	length
IDA0I96C	length	length
IDA121A3	length	length
IDA121A6	text	length
IDACAT13	length	length
IDACKRA1	length	length
IDAICIA1	length	length
IDAIIPM1	length	length
IDAIIPM3	mixed	mixed
IDAIISM1	length	length
IDAOCEA1	length	length
IDAOCEA2	length	length
IDAVBPC1	length	length
IDAVBPJ1	length	length
IDAVBPO1	text	text
IDAVBPP1	length	length
IDAVBPS2	length	length
IDCAL01	length	length
IDCAU03	length	length
IDCBI01	length	length
IDCCDAU	length	length
IDCCDCH	length	length
IDCCDDU	length	length
IDCCDMV	length	length
IDCCDNC	length	length
IDCCDTU	length	length
IDCCH02	length	length
IDCCH03	length	length
IDCCH04	length	length
IDCCN01	length	length
IDCCO01	length	length
IDCCV01	length	length
IDCDE01	length	length
IDCDE02	length	length
IDCDL01	length	length
IDCDU01	length	length
IDCEX03	length	length
IDCLR01	length	length
IDCLV01	length	length
IDCMC01	length	length
IDCMP01	length	length
IDCMV01	length	length
IDCNC01	length	length
IDCPM01	length	length
IDCPR01	length	length
IDCRC01	length	length
IDCRC02	length	length
IDCRD03	text	text
IDCRD04	length	length
IDCRD05	length	length
IDCRM01	length	length
IDCRP01	length	length
IDCRR01	length	length
IDCRS01	length	length
IDCRS02	mixed	mixed
IDCRS03	mixed	mixed
IDCRS04	mixed	mixed
IDCRS05	mixed	mixed
IDCRS06	mixed	mixed
IDCRS07	mixed	mixed
IDCRV01	length	length
IDCSA01	length	length
IDCSA02	length	length
IDCSA06	length	length
IDCSA08	length	length
IDCSA10	length	length
IDCSV01	length	length
IDCTP06	length	length
IDCTR01	length	length
IDCTSTP0	text	identical
IDCTU01	length	length
IDCVS01	length	length
IDCVS03	length	length
IDDWIAPP	length	length
IDDWICLS	length	length
IDDWIJRN	length	length
IDDWITRM	mixed	mixed
IEAFTEED	length	length
IEAFTIHS	length	length
IEAFTRT2	length	length
IEAFTSCB	length	length
IEAVAD02	length	length
IEAVAD03	mixed	mixed
IEAVAD07	length	length
IEAVAD08	length	length
IEAVAD0A	mixed	mixed
IEAVAD0F	length	length
IEAVAD10	length	length
IEAVAMSI	text	text
IEAVAR00	length	length
IEAVAR01	length	length
IEAVAR04	length	length
IEAVAR05	length	length
IEAVAR06	mixed	mixed
IEAVCARR	length	length
IEAVCKEY	text	length
IEAVCKRR	text	holes
IEAVCSEG	text	holes
IEAVDLAS	text	text
IEAVDSEG	text	mixed
IEAVECBV	text	holes
IEAVEEEP	text	mixed
IEAVEEER	text	holes
IEAVEF00	text	unpaired
IEAVEIO	text	length
IEAVEMCR	length	length
IEAVEPCR	text	text
IEAVEPDR	text	holes
IEAVERES	text	length
IEAVESCR	text	holes
IEAVFRCL	text	text
IEAVGCAS	length	length
IEAVMASV	length	length
IEAVMED2	length	length
IEAVMNTR	mixed	mixed
IEAVNP07	text	mixed
IEAVNP08	text	length
IEAVNP09	text	mixed
IEAVNP16	text	length
IEAVNP17	text	mixed
IEAVNP1B	length	holes
IEAVNPA5	text	length
IEAVNPA6	length	length
IEAVNPB5	text	holes
IEAVNPM2	mixed	length
IEAVOUT	mixed	mixed
IEAVPIOI	text	mixed
IEAVPIOP	mixed	length
IEAVPIX	text	holes
IEAVRELS	mixed	length
IEAVRFR	mixed	length
IEAVRT00	length	length
IEAVSTA0	length	length
IEAVTABI	text	identical
IEAVTAS1	length	length
IEAVTAS2	length	length
IEAVTAS3	length	length
IEAVTFRD	length	length
IEAVTFRT	length	length
IEAVTFSD	length	length
IEAVTMRM	length	length
IEAVTMSI	length	length
IEAVTMTC	length	length
IEAVTPMT	mixed	mixed
IEAVTRT2	length	length
IEAVTRTC	length	length
IEAVTRTE	length	length
IEAVTRTH	length	length
IEAVTRTS	text	length
IEAVTSBP	text	length
IEAVTSDF	length	length
IEAVTSDO	length	length
IEAVTSDW	length	length
IEAVTSKT	length	length
IEAVTSSD	length	length
IEAVTSSE	length	length
IEAVVRP1	length	length
IEAVVRP2	length	length
IEBCREAT	length	length
IEBDG	length	length
IEBDGCUP	length	length
IEBDISKT	length	length
IEBFDANL	text	identical
IEBFDTBL	mixed	holes
IEBGEN03	length	length
IEBIMAGE	length	length
IEBIMSGS	length	length
IEBISCAN	length	length
IEBISSI	length	unpaired
IEBUPDTE	length	unpaired
IECDAFT1	length	length
IECIOFT1	length	length
IECTATEN	length	length
IECTCATN	text	unpaired
IECVERPL	text	unpaired
IECVTCCW	text	length
IEDRQIN	mixed	mixed
IEDRSPIN	length	length
IEDSAC	length	length
IEDSAI	length	length
IEDSARI	length	length
IEDSCLU	length	length
IEDSCPDS	length	length
IEDSCPRP	mixed	mixed
IEDSCPRQ	length	length
IEDXFMO	mixed	mixed
IEE0003D	length	length
IEE10110	length	length
IEE6503D	mixed	length
IEE7203D	length	length
IEE7503D	length	length
IEEAB400	length	length
IEEAB401	length	length
IEECB801	text	text
IEECB860	length	length
IEECB866	length	length
IEECB904	length	length
IEECB906	length	length
IEECB908	length	length
IEECB912	length	length
IEECVET3	length	length
IEECVET6	length	length
IEECVET7	text	text
IEECVET8	length	length
IEECVET9	length	length
IEECVFT2	length	length
IEECVFTL	length	length
IEECVFTT	text	text
IEEMB803	length	length
IEEMB805	length	length
IEEMB806	length	length
IEEMB811	length	length
IEEMB813	length	length
IEEMB820	length	length
IEEMB821	length	length
IEEMB823	length	length
IEEMB829	length	length
IEEMB830	length	length
IEEPRWI2	length	length
IEESB605	length	length
IEEVDEV	text	length
IEEVDUS1	mixed	length
IEEVMNT2	length	length
IEEVSEND	length	length
IEEVSND2	length	length
IEEVSND3	length	length
IEEVSND6	length	length
IEEVSTOP	text	length
IEFAB423	length	length
IEFAB424	length	length
IEFAB427	length	length
IEFAB431	length	length
IEFAB432	length	length
IEFAB433	mixed	mixed
IEFAB434	length	length
IEFAB435	length	length
IEFAB441	length	length
IEFAB455	mixed	mixed
IEFAB456	length	length
IEFAB457	length	length
IEFAB459	length	length
IEFAB461	length	length
IEFAB464	length	length
IEFAB470	mixed	mixed
IEFAB471	length	length
IEFAB472	length	length
IEFAB474	mixed	mixed
IEFAB477	length	length
IEFAB485	length	length
IEFAB486	length	length
IEFAB487	length	length
IEFAB48A	length	length
IEFAB490	length	length
IEFAB491	length	length
IEFAB492	length	length
IEFAB494	length	length
IEFAB496	length	length
IEFAB498	mixed	mixed
IEFAB49A	length	length
IEFAB49B	length	length
IEFAB4A2	length	length
IEFAB4A4	length	length
IEFAB4A6	length	length
IEFAB4A8	length	length
IEFAB4DC	length	length
IEFAB4DD	length	length
IEFAB4E0	length	length
IEFAB4E2	mixed	mixed
IEFAB4E5	length	length
IEFAB4E8	length	length
IEFAB4EA	mixed	mixed
IEFAB4EC	length	length
IEFAB4ED	length	length
IEFAB4F0	length	length
IEFAB4FA	length	length
IEFAB4FC	length	length
IEFAB4UV	length	length
IEFAB820	text	text
IEFBB402	length	length
IEFBB410	length	length
IEFBB416	length	length
IEFDB402	length	length
IEFDB410	length	length
IEFDB411	length	length
IEFDB412	length	length
IEFDB414	length	length
IEFDB470	length	length
IEFDB4A0	text	text
IEFDB4D0	length	length
IEFDB4F8	length	length
IEFDB4F9	length	length
IEFDPOST	text	holes
IEFIB600	length	length
IEFIB660	length	length
IEFJCNTL	text	text
IEFJSSNT	text	text
IEFJSWT	length	length
IEFNB901	length	length
IEFQB550	length	length
IEFQB555	length	length
IEFSD160	length	length
IEFTB721	length	length
IEFVSCAN	mixed	mixed
IEFXB500	length	length
IEHDCONS	length	mixed
IEHDPRNT	text	length
IEHDRCVR	length	length
IEHMVXSE	length	length
IEHMVXSF	text	length
IEZNCODE	length	length
IFCFILT4	length	length
IFCFRAME	length	length
IFCNFPDR	length	length
IFCSDASD	length	length
IFCSHARE	length	length
IFCSYMCD	text	length
IFDOLT36	length	length
IFDOLT44	length	length
IFDOLT99	length	length
IFFABA	length	text
IFFCAN01	length	length
IFFCAN02	length	length
IFOX0B	text	length
IFOX0E	text	text
IGC0012F	length	length
IGC0102G	length	length
IGC0107H	length	length
IGC0108B	text	length
IGC0112F	length	length
IGC0203E	length	length
IGC0208B	text	length
IGC0210D	length	length
IGC058	text	length
IGC0610D	length	length
IGC084	text	length
IGC0905I	length	length
IGC0B10D	length	length
IGC0C10D	length	length
IGC0E06F	length	length
IGC0H10D	length	length
IGC0K10D	length	length
IGC0L10D	length	length
IGC111	text	length
IGCA010D	length	length
IGCA110D	length	length
IGCA210D	length	length
IGCA310D	length	length
IGCA510D	length	length
IGCAA10D	length	length
IGCAB10D	length	length
IGCAD10D	length	length
IGCAE10D	length	length
IGCAF10D	mixed	mixed
IGCAG10D	length	length
IGCAT10D	length	length
IGCC110D	length	length
IGCD310D	length	length
IGCDD10D	length	length
IGCDL10D	length	length
IGCFA10D	length	length
IGCFB10D	length	length
IGCFC10D	length	length
IGCFD10D	mixed	mixed
IGCFE10D	length	length
IGCFG10D	length	length
IGCFH10D	length	length
IGCFI10D	length	length
IGCFJ10D	length	length
IGCFP10D	length	length
IGCH010D	length	length
IGCMH10D	length	length
IGCMI10D	length	length
IGCMK10D	length	length
IGCML10D	length	length
IGCMN10D	length	length
IGCMS10D	length	length
IGCMT10D	mixed	mixed
IGCMY10D	length	length
IGCR010D	length	length
IGCT005C	length	length
IGCT005G	length	length
IGCT105C	length	length
IGCV910D	length	length
IGCVA10D	length	length
IGCVE10D	length	length
IGCVF10D	length	length
IGCZ010D	length	length
IGE0000D	length	length
IGE0001A	length	length
IGE0001C	length	length
IGE0002C	length	length
IGE0003C	length	length
IGE0101F	length	length
IGE0301H	length	length
IGE0904I	length	length
IGFCIC	length	length
IGFDE1	length	length
IGFDI1	length	length
IGFDM1	length	length
IGFDS0	mixed	mixed
IGFDT1	length	length
IGFDT2	text	text
IGFDV0	length	length
IGFDW0	length	length
IGFPBUCR	text	length
IGFPINIT	text	identical
IGFPKREF	text	holes
IGFPMHCA	text	length
IGFPMKTA	text	length
IGFPMPFX	text	holes
IGFPTAIM	text	length
IGFPWMSG	length	length
IGFRINIT	length	length
IGFTMCHK	text	length
IGG01924	length	length
IGG0192X	length	length
IGG0192Z	mixed	mixed
IGG0198L	text	text
IGG0199F	length	length
IGG0199G	text	text
IGG0199W	length	length
IGG019AH	mixed	mixed
IGG019DJ	length	length
IGG019DK	length	length
IGG019HP	text	text
IGG019LS	length	length
IGG019MR	text	length
IGG019MS	text	text
IGG019P9	text	length
IGG019R6	length	length
IGG019RK	text	text
IGG019RQ	text	text
IGG019T6	length	length
IGG019T7	length	length
IGG019VW	length	length
IGG0201W	mixed	mixed
IGG020FC	mixed	mixed
IGG0860C	mixed	mixed
IGG086AE	length	length
IGG0CLA0	length	length
IGG0CLA2	length	length
IGG0CLA3	length	length
IGG0CLA4	length	length
IGG0CLA5	length	length
IGG0CLA6	length	length
IGG0CLA7	length	length
IGG0CLA8	length	length
IGG0CLAB	text	text
IGG0CLAC	length	length
IGG0CLAD	length	length
IGG0CLAE	length	length
IGG0CLAF	length	length
IGG0CLAG	length	length
IGG0CLAH	length	length
IGG0CLAI	length	length
IGG0CLAK	length	length
IGG0CLAL	length	length
IGG0CLAM	length	length
IGG0CLAN	length	length
IGG0CLAO	mixed	mixed
IGG0CLAP	length	length
IGG0CLAQ	length	length
IGG0CLAR	length	length
IGG0CLAS	length	length
IGG0CLAT	length	length
IGG0CLAW	length	length
IGG0CLAX	length	length
IGG0CLAZ	length	length
IGG0CLB0	length	length
IGG0CLB1	length	length
IGG0CLB4	mixed	mixed
IGG0CLB5	length	length
IGG0CLB6	length	length
IGG0CLB7	length	length
IGG0CLB8	length	length
IGG0CLB9	length	length
IGG0CLBA	length	length
IGG0CLBB	length	length
IGG0CLBD	length	length
IGG0CLBE	length	length
IGG0CLBG	length	length
IGG0CLBH	length	length
IGG0CLBK	length	length
IGG0CLBL	length	length
IGG0CLBM	length	length
IGG0CLBN	length	length
IGG0CLBO	length	length
IGG0CLBP	length	length
IGG0CLBS	length	length
IGG0CLBT	length	length
IGG0CLBU	length	length
IGG0CLBV	length	length
IGG0CLBW	length	length
IGG0CLBX	text	length
IGG0CLBY	length	length
IGG0CLBZ	length	length
IGG0CLDA	mixed	mixed
IGG0CLDC	length	length
IGG0CLDD	length	length
IGG1PN	text	identical
IGG1QN	text	identical
IGG1QNC	text	identical
IGG1SN	text	identical
IGG2G11	text	identical
IGG2P11	text	identical
IKJCT460	length	length
IKJCT464	length	length
IKJCT466	length	length
IKJCT471	length	length
IKJCT473	length	length
IKJEFD32	mixed	length
IKJEFF00	length	length
IKJEFF15	length	length
IKJEFF20	length	length
IKJEFF56	text	length
IKJEFLGM	length	length
IKJEFLH	length	length
IKJEFLJ	length	length
IKJEFLPA	mixed	mixed
IKJEFT03	length	length
IKJEFT04	length	length
IKJEFT05	length	length
IKJEFT07	text	text
IKJRBBCM	text	identical
IKJRBBCR	length	length
IKJRBBMC	length	length
IKT0009D	length	length
IKT09409	length	length
IKT0940C	text	text
IKT0940E	length	length
IKT09412	length	length
IKT09413	mixed	mixed
IKT3270I	length	length
IKT3270O	length	length
IKTCAS31	length	length
IKTCAS53	length	length
IKTEXIT	length	length
IKTIIOM	length	length
IKTIMIDS	length	length
IKTIMLU2	length	length
IKTLOGFF	length	length
IKTLOGR	length	length
IKTLTERM	length	length
IKTOMIDS	length	length
IKTOMLU2	length	length
IKTQMIN	length	length
IKTTIMRT	length	length
IKTTOMJR	length	length
ILRACT	mixed	mixed
ILRCMP01	text	holes
ILRFMT00	length	length
ILRFMTCV	length	length
ILRFMTPG	length	length
ILRFMTSW	length	length
ILRFRSLT	mixed	holes
ILRIMMSG	text	length
ILRJTERM	text	holes
ILRPAGCM	text	length
ILRPAGIO	length	length
ILRPEX	text	mixed
ILRPOS	length	length
ILRPTM	text	mixed
ILRQSRIT	text	length
ILRRLG	length	length
ILRSAV	length	length
ILRSRB01	text	holes
ILRSRBC	text	mixed
ILRSRT	length	identical
ILRSRT01	text	identical
ILRSWAP	length	length
ILRSWP01	text	holes
ILRSWPDR	text	holes
ILRTERMR	text	length
ILRTMI01	length	length
ILRVIOCM	text	text
IMDUSRFF	mixed	mixed
IOEDKRDR	length	length
IRARMCNS	length	length
IRARMCPM	text	mixed
IRARMERR	length	length
IRARMINT	text	length
IRARMIOM	mixed	length
IRARMSTM	mixed	length
IRARMWLM	text	length
IRBMFDTA	length	length
IRBMFSAR	length	length
IRBMFTRM	length	length
ISDAHEXP	length	length
ISDAOPT0	length	length
ISDAPARM	length	length
ISDASDA0	length	length
ISTAICIR	length	length
ISTAICPT	length	length
ISTAICTN	length	length
ISTAPC22	text	length
ISTAPC23	length	length
ISTAPC25	text	text
ISTAPC31	length	length
ISTAPC32	length	length
ISTAPC35	length	length
ISTAPC36	length	length
ISTAPC37	mixed	mixed
ISTAPC38	mixed	mixed
ISTAPC51	length	length
ISTAPC54	length	length
ISTAPC55	mixed	mixed
ISTAPC59	mixed	mixed
ISTAPC62	length	length
ISTAPC66	length	length
ISTAPC83	length	length
ISTAPC84	length	length
ISTATM10	length	length
ISTCFCPC	mixed	mixed
ISTCFCR1	length	length
ISTCFCR2	text	text
ISTCFCS1	length	length
ISTCFCS2	length	length
ISTCFF3D	text	text
ISTCFMTM	length	length
ISTCSCAC	length	length
ISTCSCAQ	length	length
ISTCSCLG	length	length
ISTCSCMR	length	unpaired
ISTCSCPS	mixed	mixed
ISTCSCRL	length	length
ISTDCC00	length	length
ISTDCC02	length	length
ISTDCC11	length	length
ISTDCC21	length	length
ISTDCC25	length	length
ISTDCC30	mixed	mixed
ISTDCC35	length	length
ISTDCC40	length	length
ISTDCC50	length	length
ISTDCC51	length	length
ISTDCC60	mixed	mixed
ISTDCC61	length	length
ISTDCC80	length	length
ISTDCC81	length	length
ISTIC000	length	length
ISTIC002	length	length
ISTINC05	length	length
ISTINC32	mixed	mixed
ISTINCBL	text	text
ISTINCD4	length	length
ISTINCD5	length	length
ISTINCDP	length	length
ISTINCFS	length	length
ISTINCL1	length	length
ISTINCL3	length	length
ISTINCMD	mixed	mixed
ISTINCMS	length	length
ISTINCMY	length	length
ISTINCNS	length	length
ISTINCOQ	length	length
ISTINCQE	length	length
ISTINCR4	length	length
ISTINCR6	length	length
ISTINCRD	length	length
ISTINCRP	length	length
ISTINCST	length	length
ISTINCTR	length	length
ISTINCU6	text	text
ISTINCV5	mixed	mixed
ISTINCVA	length	length
ISTINCVO	length	length
ISTINCVP	length	length
ISTINCX1	length	length
ISTINCX8	length	length
ISTINCXR	length	length
ISTINCY0	length	length
ISTINCY5	length	length
ISTINFXI	length	length
ISTINMN8	mixed	mixed
ISTNMC3S	length	length
ISTNMC7S	length	length
ISTNMC9P	mixed	mixed
ISTOCCCB	length	length
ISTOCCCH	length	length
ISTOCCFB	length	length
ISTOCCFD	mixed	mixed
ISTOCCFR	length	length
ISTOCCOD	length	length
ISTOCCOE	length	length
ISTOCCOF	mixed	mixed
ISTOCCRT	length	length
ISTOCCSD	text	length
ISTOCMDC	length	length
ISTORFBA	text	text
ISTORFBD	length	length
ISTORFBF	mixed	mixed
ISTORFBQ	text	text
ISTORFPR	length	length
ISTORFSR	text	text
ISTORMMG	length	length
ISTRACTL	length	length
ISTRAFTP	length	length
ISTRAMA1	length	length
ISTRCC30	length	length
ISTRCC51	length	length
ISTRCC52	length	length
ISTRCFY0	mixed	mixed
ISTSC027	mixed	mixed
ISTSC030	length	length
ISTSC032	length	length
ISTSC034	length	length
ISTSDCAP	length	length
ISTSDCBU	length	length
ISTSDCC2	length	length
ISTSDCCB	length	length
ISTSDCCL	length	length
ISTSDCGE	length	length
ISTSDCGP	length	length
ISTSDCLM	length	length
ISTSDCLN	length	length
ISTSDCML	length	length
ISTSDCMT	length	length
ISTSDCP4	length	length
ISTSDCPU	length	length
ISTSDCRN	length	length
ISTSDCRS	length	length
ISTSDCSS	length	length
ISTSDCVB	length	length
ISTSEC10	length	length
ISTSQC00	length	length
ISTSQC0B	length	length
ISTSTC00	length	length
ISTZBF0A	length	length
ISTZBFBB	length	length
ISTZBFFA	length	length
ISTZBFFB	length	length
ISTZBFIF	length	length
ISTZBFOB	length	length
ISTZBFSC	length	length
ISTZBFY0	length	length
ISTZBFZ0	length	length
ISTZBM0J	mixed	mixed
ISTZBM0K	length	length
ISTZCF1A	length	length
ISTZCF1B	text	text
ISTZCFBI	length	length
ISTZDFC0	length	length
ISTZDFD0	length	length
ISTZDFJ0	length	length
ISTZDFKA	mixed	mixed
ISTZDFKB	length	length
ISTZDFPR	length	length
ISTZDMMB	length	length
ISTZEFBA	mixed	mixed
ISTZEMAA	mixed	mixed
ISTZEMAB	length	length
ISTZEMBB	length	length
ISTZEMEA	mixed	mixed
ISTZEMTA	length	length
ISTZFFEA	mixed	mixed
ISTZFM0A	length	length
ISTZFM0B	text	text
ISTZFM1B	length	length
ISTZFM3B	length	length
ISTZFMAB	text	mixed
ISTZFMEB	length	length
ISTZFMFA	text	text
ISTZGF0B	mixed	mixed
ISTZGFBB	length	length
ISTZIF0B	length	length
ISTZIF1B	length	length
ISTZIFAB	length	length
ISTZIFBB	length	length
ISTZIFCB	length	length
ISTZIFDB	length	length
ISTZIFKB	length	length
ISTZIFLB	length	length
ISTZIFMB	length	length
ISTZIFNA	mixed	mixed
ISTZIFNB	length	length
ISTZIFOA	text	text
ISTZIFSC	mixed	mixed
ISTZIFSG	length	length
ISTZIFWB	length	length
