module	ifox_vs_dlib	as370_vs_dlib	cell	first_diff	len_ifox	len_as370	dlib_library
IDCCDDE	length	length	neither matches IBM	0x03d58	42880	25457	length
IEFXB609	length	length	neither matches IBM	0x023da	15336	15336	length
IRBMFINP	length	length	neither matches IBM	0x0324f	15281	15277	length
HMASMTMD	identical	text	IFOX00 matches IBM, as370 does not	0x03021	14704	14704	text
IDCTSLV0	length	length	neither matches IBM	0x00005	12321	11621	length
BNGTRMOT	text	length	neither matches IBM	0x00094	11982	11991	length
IFCETUL1	identical	length	IFOX00 matches IBM, as370 does not	0x00098	11656	10386	length
IFCE0145	length	length	neither matches IBM	0x00096	11635	10432	length
IKJEFF18	no-pair	no-pair	no distribution member	0x013ed	11496	11567	no-pair
IDCCDRD	identical	length	IFOX00 matches IBM, as370 does not	0x01458	10974	8778	length
IEAVSWCH	length	length	neither matches IBM	0x00022	10938	10898	length
HMASMTPA	mixed	mixed	neither matches IBM	0x0238b	10416	10416	mixed
IFNX6C	text	mixed	neither matches IBM	0x0064d	10146	10146	mixed
IKJEFLE	length	length	neither matches IBM	0x0002f	9990	10015	length
IEEMPDEV	length	length	neither matches IBM	0x01e94	9824	10336	length
IKTTOMRT	length	length	neither matches IBM	0x000a9	9608	9616	length
BLSDMSGS	mixed	length	neither matches IBM	0x00002	9524	9204	length
IFCEF165	identical	length	IFOX00 matches IBM, as370 does not	0x00052	9137	8641	length
IKJEGIO	no-pair	no-pair	no distribution member	0x00000	8900	8942	no-pair
IECVHREC	length	length	neither matches IBM	0x00043	8768	8734	length
IFCED165	identical	length	IFOX00 matches IBM, as370 does not	0x001aa	8564	8390	length
AKJLKL01	no-pair	no-pair	no distribution member	0x01cbe	8455	8455	no-pair
AMDPRFCB	length	length	neither matches IBM	0x017d8	8376	8288	length
AHLTSVC	length	length	neither matches IBM	0x016f0	8332	8332	length
IFCEB165	identical	length	IFOX00 matches IBM, as370 does not	0x0007a	8316	7911	length
IKJEFP60	length	length	neither matches IBM	0x00088	8065	8065	length
IFCELEX1	identical	length	IFOX00 matches IBM, as370 does not	0x00052	8059	7605	length
IFCEA165	identical	length	IFOX00 matches IBM, as370 does not	0x00093	7849	7604	length
IKJEBECH	no-pair	no-pair	no distribution member	0x01e29	7848	7748	no-pair
IFCS0165	length	length	neither matches IBM	0x00006	7728	6844	length
IFCEXXXA	length	length	neither matches IBM	0x0005b	7635	6795	length
IKJEFT80	no-pair	no-pair	no distribution member	0x01878	7439	6732	no-pair
IEAVAD01	length	length	neither matches IBM	0x00326	7424	7424	length
IOEDKWTR	length	length	neither matches IBM	0x00558	7416	7416	length
IKJEFR00	no-pair	no-pair	no distribution member	0x01c4b	7248	7248	no-pair
IFCEE165	identical	length	IFOX00 matches IBM, as370 does not	0x0011c	7207	7023	length
AHLTSLIP	length	length	neither matches IBM	0x0006a	7147	7147	length
IEAVTABD	length	length	neither matches IBM	0x0004f	7034	6950	length
IFCEI135	length	length	neither matches IBM	0x00e8b	6975	6491	length
IDCCDAL	text	length	neither matches IBM	0x00d30	6946	4959	length
IEECLEAN	length	length	neither matches IBM	0x0001f	6932	6956	length
AHLSETEV	length	length	neither matches IBM	0x00022	6924	6548	length
IFCE2870	length	length	neither matches IBM	0x0028d	6879	6133	length
IEFXB601	length	length	neither matches IBM	0x00d1c	6860	6860	length
BNGTLOCL	text	length	neither matches IBM	0x00095	6805	6814	length
IFCE2860	length	length	neither matches IBM	0x00297	6657	6095	length
IEEMPVST	mixed	length	neither matches IBM	0x00023	6605	6613	length
IDA0192V	length	length	neither matches IBM	0x00972	6577	6577	length
ISTRAMA2	length	length	neither matches IBM	0x00022	6492	6748	length
ICBVMG00	length	length	neither matches IBM	0x00bc9	6413	6413	length
IEAVAD00	length	length	neither matches IBM	0x00021	6288	6296	length
IEAVRTOD	identical	length	IFOX00 matches IBM, as370 does not	0x00023	6284	6308	length
AHLGTFI	length	length	neither matches IBM	0x00023	6268	6402	length
ILRPGEXP	length	length	neither matches IBM	0x000ec	6233	6157	length
IDCTSCM0	length	length	neither matches IBM	0x00005	6185	5759	length
IFCST008	length	length	neither matches IBM	0x00006	5985	5169	length
IFCEXXXB	length	length	neither matches IBM	0x001fa	5826	4794	length
IGARPT01	holes	length	neither matches IBM	0x00003	5756	5740	length
IKJEFATT	no-pair	no-pair	no distribution member	0x00e88	5644	4557	no-pair
IFCEI155	length	length	neither matches IBM	0x0022f	5611	5151	length
IEAVVWTO	length	length	neither matches IBM	0x00020	5422	5422	length
IFCSXXXA	length	length	neither matches IBM	0x00006	5388	4426	length
IFCSI145	length	length	neither matches IBM	0x00006	5364	4397	length
IKJEFT02	length	length	neither matches IBM	0x00023	5316	5300	length
AMASPZAP	identical	length	IFOX00 matches IBM, as370 does not	0x000ea	5257	5257	length
IEAVTGLB	length	length	neither matches IBM	0x000c7	5110	5109	length
ICFBDF00	length	length	neither matches IBM	0x00042	5088	5088	length
IFCSXXX9	length	length	neither matches IBM	0x00007	5076	4152	length
IKJEFF02	length	length	neither matches IBM	0x01368	5070	5113	length
IGC0E05A	length	length	neither matches IBM	0x00edc	5004	5004	length
IFCESOFT	length	length	neither matches IBM	0x00056	4984	4440	length
ISTOCCCL	length	length	neither matches IBM	0x0001c	4966	4966	length
IDCTSAU0	text	length	neither matches IBM	0x00045	4944	4938	length
IEAVTRTM	identical	text	IFOX00 matches IBM, as370 does not	0x00082	4928	4928	text
IECVSMGR	length	length	neither matches IBM	0x0001e	4884	5012	length
IGG019IZ	length	length	neither matches IBM	0x003db	4821	4821	length
IFCEXXXD	length	length	neither matches IBM	0x0004e	4740	4130	length
IKJEFLI	length	length	neither matches IBM	0x00022	4727	4752	length
AMDPRAPP	length	length	neither matches IBM	0x00026	4628	4452	length
IFG0194F	length	length	neither matches IBM	0x00011	4624	4672	length
IGG0CLCC	length	length	neither matches IBM	0x0017b	4568	4568	length
IFCSXXX4	identical	length	IFOX00 matches IBM, as370 does not	0x00006	4555	3595	length
IKJEBERU	no-pair	no-pair	no distribution member	0x000b7	4528	4528	no-pair
IKJEBESC	no-pair	no-pair	no distribution member	0x00337	4499	4499	no-pair
IEAVTSLP	length	length	neither matches IBM	0x00d90	4386	4386	length
AMDSAPGE	holes	mixed	neither matches IBM	0x0006a	4380	4380	mixed
BLSRST00	identical	length	IFOX00 matches IBM, as370 does not	0x00fb9	4357	4330	length
IFCS0145	identical	length	IFOX00 matches IBM, as370 does not	0x00006	4321	3341	length
IEBASCAN	length	length	neither matches IBM	0x00779	4304	4304	length
IKJEFE03	no-pair	no-pair	no distribution member	0x00070	4240	4240	no-pair
IKJEBEIP	no-pair	no-pair	no distribution member	0x004b7	4232	4232	no-pair
IFNX6B	length	length	neither matches IBM	0x0001b	4231	4231	length
IDCTSCH0	length	length	neither matches IBM	0x0000d	4199	4193	length
HMASMAR3	text	text	neither matches IBM	0x00022	4184	4184	text
IFCEXXX9	length	length	neither matches IBM	0x0005b	4149	3737	length
IGG019V5	identical	text	IFOX00 matches IBM, as370 does not	0x00e55	4068	4068	text
ISTINCPH	length	length	neither matches IBM	0x00dd4	4052	4052	length
IKJEFP00	length	length	neither matches IBM	0x00535	4020	4020	length
ISTOCCCC	length	length	neither matches IBM	0x0001e	4020	4020	length
IGC0007F	no-pair	no-pair	no distribution member	0x00651	4012	4012	no-pair
IKJEFD20	no-pair	no-pair	no distribution member	0x00cde	3976	3976	no-pair
IASXSD82	length	length	neither matches IBM	0x00d29	3961	3937	length
ICBVQM00	length	length	neither matches IBM	0x00c5c	3901	3901	length
IFFPKADG	length	length	neither matches IBM	0x00035	3880	3876	length
IKJEFA30	no-pair	no-pair	no distribution member	0x00d53	3870	3870	no-pair
IEFAB436	length	length	neither matches IBM	0x00027	3858	3883	length
IKJEFT08	length	length	neither matches IBM	0x00ec1	3857	3783	length
IEAVRTI1	mixed	length	neither matches IBM	0x00062	3848	3968	length
IFFPIAPG	holes	length	neither matches IBM	0x0001f	3844	3692	length
AHLTSYSM	length	length	neither matches IBM	0x001cc	3842	3842	length
IEEVSTAR	text	text	neither matches IBM	0x00643	3797	3797	text
IFCSAXXX	length	length	neither matches IBM	0x00006	3783	3195	length
IEHINITT	identical	length	IFOX00 matches IBM, as370 does not	0x00c48	3778	3578	length
IGC121	length	length	neither matches IBM	0x00ab9	3736	3736	length
IECVCINT	length	length	neither matches IBM	0x0006e	3732	3732	length
IEAVTSDT	length	length	neither matches IBM	0x00025	3709	3717	length
IFCEXXX3	length	length	neither matches IBM	0x0005b	3705	3293	length
AMDSATER	length	length	neither matches IBM	0x009f2	3704	3704	length
IDA019SU	length	length	neither matches IBM	0x00309	3704	3704	length
IEFAB489	identical	length	IFOX00 matches IBM, as370 does not	0x0002b	3694	3711	length
HMASMMSG	mixed	length	neither matches IBM	0x005f7	3685	3720	length
BLSRENQK	identical	length	IFOX00 matches IBM, as370 does not	0x00230	3680	3680	length
IEBTCR05	identical	length	IFOX00 matches IBM, as370 does not	0x00009	3652	3644	length
IEAVTRET	length	length	neither matches IBM	0x0001e	3648	4051	length
IFCEXXX4	length	length	neither matches IBM	0x0008b	3616	3128	length
IKJEFH01	no-pair	no-pair	no distribution member	0x00d29	3595	3470	no-pair
IFCSXXXE	length	length	neither matches IBM	0x00007	3591	3131	length
IKJEFT82	no-pair	no-pair	no distribution member	0x000c2	3524	3524	no-pair
IFCEXXX7	length	length	neither matches IBM	0x0005b	3517	3165	length
IFCEXXX8	length	length	neither matches IBM	0x0005b	3515	3143	length
IECVEXPR	length	length	neither matches IBM	0x009f1	3512	3639	length
IDCCDPR	identical	length	IFOX00 matches IBM, as370 does not	0x00588	3496	2182	length
IGG0CLCD	length	length	neither matches IBM	0x00023	3483	3483	length
IGC0005I	length	length	neither matches IBM	0x0003b	3422	3438	length
IFFPJAPV	text	length	neither matches IBM	0x0001f	3366	3214	length
IFCEXXXE	length	length	neither matches IBM	0x0004c	3357	2973	length
IEEZA03D	no-pair	no-pair	no distribution member	0x00005	3340	3316	no-pair
IFCSXXX3	identical	length	IFOX00 matches IBM, as370 does not	0x00006	3338	2732	length
IKJEFG00	no-pair	no-pair	no distribution member	0x00cb9	3337	3263	no-pair
IFCEMAD1	length	length	neither matches IBM	0x001fa	3280	2815	length
IKTCAS23	length	length	neither matches IBM	0x00c7c	3276	3276	length
IFCEXXX6	length	length	neither matches IBM	0x0008b	3274	2790	length
IFCSXXX5	identical	length	IFOX00 matches IBM, as370 does not	0x00006	3257	2325	length
IFCSXXX6	identical	length	IFOX00 matches IBM, as370 does not	0x00006	3251	2311	length
IFCSXXX8	identical	length	IFOX00 matches IBM, as370 does not	0x00006	3248	2692	length
IFCEXXXX	length	length	neither matches IBM	0x000a8	3247	3023	length
IFFPDAPL	identical	text	IFOX00 matches IBM, as370 does not	0x00027	3194	3194	text
IEFAB478	identical	length	IFOX00 matches IBM, as370 does not	0x00027	3182	3207	length
IDA019R1	length	length	neither matches IBM	0x003d0	3180	3180	length
IDCTSLM0	identical	length	IFOX00 matches IBM, as370 does not	0x0000a	3179	2561	length
IFCEWIN1	length	length	neither matches IBM	0x001fe	3137	2674	length
BLSRFMOD	identical	length	IFOX00 matches IBM, as370 does not	0x00081	3136	3136	length
IFCSXXX7	length	length	neither matches IBM	0x00007	3124	2648	length
IEAVTSDH	length	length	neither matches IBM	0x00027	3108	3099	length
IFCEXXX5	length	length	neither matches IBM	0x0008f	3103	2619	length
IEESD03D	no-pair	no-pair	no distribution member	0x00005	3101	3093	no-pair
IFCEXXX0	length	length	neither matches IBM	0x00061	3097	2737	length
IEFTB722	length	length	neither matches IBM	0x0001f	3084	3143	length
IEFSD161	length	length	neither matches IBM	0x00025	3074	3082	length
IKJEGOFF	no-pair	no-pair	no distribution member	0x00beb	3065	3065	no-pair
IEAVTSL2	identical	text	IFOX00 matches IBM, as370 does not	0x00720	3052	3052	text
IFFAHA16	identical	identical	both match -- impossible, check the comparison	0x0000a	3048	3048	identical
IFCEXXX2	length	length	neither matches IBM	0x0005b	3035	2683	length
IEFAB488	length	length	neither matches IBM	0x00181	3032	3160	length
IECVESIO	length	length	neither matches IBM	0x00092	3019	3019	length
IKJEGDCB	no-pair	no-pair	no distribution member	0x009a0	3000	3000	no-pair
IKJEFA10	no-pair	no-pair	no distribution member	0x00a70	2982	2982	no-pair
IFCSXXXX	length	length	neither matches IBM	0x00007	2972	2596	length
IFNX6A	length	length	neither matches IBM	0x00021	2964	2964	length
IEESF03D	no-pair	no-pair	no distribution member	0x00005	2962	2954	no-pair
AHLTPID	length	length	neither matches IBM	0x00058	2960	2960	length
IDCTSSS0	length	length	neither matches IBM	0x00b35	2929	2923	length
IDA019SE	length	length	neither matches IBM	0x0035a	2928	2928	length
IEESI03D	no-pair	no-pair	no distribution member	0x00005	2912	2876	no-pair
IEBTCR04	holes	mixed	neither matches IBM	0x006db	2901	2901	mixed
IGG0CLCE	length	length	neither matches IBM	0x0016d	2892	2892	length
IFCEXXX1	length	length	neither matches IBM	0x00056	2886	2538	length
IFCEJ145	length	length	neither matches IBM	0x00020	2881	2363	length
IGC0007A	length	length	neither matches IBM	0x0002a	2872	3128	length
IECVIOPM	no-pair	no-pair	no distribution member	0x0003b	2840	2880	no-pair
IFCE0155	length	length	neither matches IBM	0x00025	2832	2550	length
IFCET002	length	length	neither matches IBM	0x00198	2828	2004	length
IFG0553F	length	length	neither matches IBM	0x00127	2824	2824	length
IKJEBERN	no-pair	no-pair	no distribution member	0x00028	2822	2822	no-pair
IERRCH	no-pair	no-pair	no distribution member	0x000b3	2816	2816	no-pair
IFCS2880	identical	length	IFOX00 matches IBM, as370 does not	0x00006	2812	2140	length
IEE0503D	length	length	neither matches IBM	0x00107	2791	5351	length
IGG019OA	length	length	neither matches IBM	0x004f2	2784	2784	length
IEAVEMRQ	length	length	neither matches IBM	0x00023	2779	2813	length
IFG0RR0A	length	length	neither matches IBM	0x0001b	2776	2824	length
IFCS2870	identical	length	IFOX00 matches IBM, as370 does not	0x00006	2764	2212	length
IFFPFAVA	holes	length	neither matches IBM	0x00031	2754	2616	length
IEAXPALL	length	length	neither matches IBM	0x00325	2752	2752	length
IDCCDRP	length	length	neither matches IBM	0x00460	2742	1935	length
IKJEFA55	no-pair	no-pair	no distribution member	0x009f2	2725	2725	no-pair
IFCEMER5	identical	length	IFOX00 matches IBM, as370 does not	0x00176	2723	2211	length
IEAVTSDC	length	length	neither matches IBM	0x00020	2721	2738	length
IFCS2860	identical	length	IFOX00 matches IBM, as370 does not	0x00006	2716	2148	length
IFFPGAVP	identical	text	IFOX00 matches IBM, as370 does not	0x00027	2710	2710	text
ISTINM01	length	length	neither matches IBM	0x0001f	2692	2684	length
AMDPRUIM	length	length	neither matches IBM	0x0001c	2676	2508	length
AMDPRREC	length	length	neither matches IBM	0x0002a	2673	2169	length
IEAVMDOM	length	length	neither matches IBM	0x00020	2656	2656	length
IFCSXXX2	identical	length	IFOX00 matches IBM, as370 does not	0x00007	2643	2171	length
IFCSXXX1	identical	length	IFOX00 matches IBM, as370 does not	0x00007	2612	2136	length
IGFTMC00	identical	length	IFOX00 matches IBM, as370 does not	0x000d9	2602	2730	length
IDCCDMP	identical	length	IFOX00 matches IBM, as370 does not	0x00590	2580	2281	length
IFDOLT39	mixed	mixed	neither matches IBM	0x00037	2572	2572	mixed
IEAVTACR	identical	length	IFOX00 matches IBM, as370 does not	0x000c6	2560	2576	length
IEAVTSDR	length	length	neither matches IBM	0x00041	2560	2576	length
ISTOCCOB	length	length	neither matches IBM	0x0084c	2546	2546	length
IEFAB469	text	text	neither matches IBM	0x0095d	2525	2525	text
IEAVTSDG	length	length	neither matches IBM	0x00027	2524	2540	length
IKTVTGET	length	length	neither matches IBM	0x00039	2516	2532	length
IFDOLT30	length	length	neither matches IBM	0x00041	2500	2500	length
IKJEFE01	no-pair	no-pair	no distribution member	0x0006e	2492	2492	no-pair
IFDOLT55	length	length	neither matches IBM	0x00039	2462	2462	length
IEFAB4F5	mixed	mixed	neither matches IBM	0x00909	2456	2456	mixed
IFDOLT15	identical|unpaired	text	neither matches IBM	0x00091	2456	2456	text
IDCTSTU0	length	length	neither matches IBM	0x0001d	2452	2236	length
IGC0K05B	length	length	neither matches IBM	0x00035	2442	2482	length
IKJEGPCH	no-pair	no-pair	no distribution member	0x00971	2433	2433	no-pair
IEEMPS03	length	length	neither matches IBM	0x00354	2430	2430	length
IFDOLT48	holes	mixed	neither matches IBM	0x0002f	2386	2386	mixed
IECVRDIO	identical	text	IFOX00 matches IBM, as370 does not	0x00412	2380	2380	text
HEWLFFNL	length	length	neither matches IBM	0x00005	2361	2361	length
IFCEIPL0	length	length	neither matches IBM	0x00639	2350	2254	length
IFCETRN1	identical	length	IFOX00 matches IBM, as370 does not	0x0019a	2340	2160	length
IGG03001	mixed	mixed	neither matches IBM	0x00457	2336	2336	mixed
IGC0003C	no-pair	no-pair	no distribution member	0x00618	2335	2335	no-pair
IKJEGGO	no-pair	no-pair	no distribution member	0x004ef	2318	2318	no-pair
IECVURDT	identical	text	IFOX00 matches IBM, as370 does not	0x00148	2296	2296	text
IEEDISPD	no-pair	no-pair	no distribution member	0x00025	2294	2310	no-pair
IGX00013	length	length	neither matches IBM	0x008d5	2292	2292	length
IFCSXXX0	identical	length	IFOX00 matches IBM, as370 does not	0x00007	2289	1821	length
IFFPCAAR	holes	length	neither matches IBM	0x00031	2288	2150	length
IFDOLT33	identical|unpaired	text	neither matches IBM	0x0002f	2282	2282	text
IEE8603D	holes	length	neither matches IBM	0x0001f	2280	2288	length
IFCEMER2	identical	length	IFOX00 matches IBM, as370 does not	0x001ca	2278	1942	length
IKJEFP20	length	length	neither matches IBM	0x0068f	2274	2274	length
IDCTSCP0	identical	length	IFOX00 matches IBM, as370 does not	0x0000b	2262	1458	length
IECTEDIT	holes	mixed	neither matches IBM	0x0033c	2250	2250	mixed
IEDTEDIT	holes	mixed	neither matches IBM	0x0033c	2250	2250	mixed
IKJEGCPY	no-pair	no-pair	no distribution member	0x00839	2237	2207	no-pair
IFDOLT31	holes	mixed	neither matches IBM	0x00035	2224	2224	mixed
IRBMFDWP	holes	length	neither matches IBM	0x0001f	2216	2248	length
IFCEMER1	identical	length	IFOX00 matches IBM, as370 does not	0x001ca	2206	1867	length
IEFSDTTE	length	length	neither matches IBM	0x00341	2190	2318	length
IGC0S05B	length	length	neither matches IBM	0x0063d	2156	2156	length
IDCCDLC	identical	length	IFOX00 matches IBM, as370 does not	0x003d0	2119	1772	length
IEAVTSLR	length	length	neither matches IBM	0x0029a	2118	2118	length
IEE4903D	mixed	length	neither matches IBM	0x00746	2108	2000	length
IKJEGASN	no-pair	no-pair	no distribution member	0x0049f	2108	2108	no-pair
IEEVEXSN	length	length	neither matches IBM	0x002c2	2102	2102	length
BLSDIFP0	text	length	neither matches IBM	0x002bd	2088	2088	length
IGC0N05B	length	length	neither matches IBM	0x004e7	2074	2074	length
IEHMVESM	holes	holes	neither matches IBM	0x00726	2066	2066	holes
BLSRDUSC	length	length	neither matches IBM	0x007e9	2061	2031	length
IEAVAX00	length	length	neither matches IBM	0x0008c	2056	2056	length
IEEMB804	length	length	neither matches IBM	0x001a6	2056	2056	length
AHLTMON	length	length	neither matches IBM	0x0001f	2048	2183	length
AMDSAPRO	text	text	neither matches IBM	0x0003c	2048	2048	text
IGG0194P	mixed	mixed	neither matches IBM	0x0004b	2048	2048	mixed
IFDOLT22	holes	mixed	neither matches IBM	0x0003d	2046	2046	mixed
IFDOLT49	holes	mixed	neither matches IBM	0x0002f	2032	2032	mixed
IEESK03D	no-pair	no-pair	no distribution member	0x00005	2025	2017	no-pair
IDCCDXP	identical	length	IFOX00 matches IBM, as370 does not	0x00400	2010	1618	length
IFG0195B	length	length	neither matches IBM	0x00047	2008	2008	length
IGG019GD	identical	text	IFOX00 matches IBM, as370 does not	0x0000b	1995	1995	text
IGG019BN	length	length	neither matches IBM	0x007c7	1992	2119	length
IEFVFB	mixed	mixed	neither matches IBM	0x0012d	1984	1984	mixed
IDACAT11	length	length	neither matches IBM	0x00134	1968	1968	length
IGC0M05B	length	length	neither matches IBM	0x00041	1959	2001	length
IFDOLT61	identical|unpaired	text	neither matches IBM	0x00035	1958	1958	text
IEESE03D	no-pair	no-pair	no distribution member	0x00005	1946	1934	no-pair
IFG0202K	length	length	neither matches IBM	0x00417	1944	1944	length
BLSEDEL0	identical	length	IFOX00 matches IBM, as370 does not	0x000c4	1912	1912	length
IFG0191X	length	length	neither matches IBM	0x004fa	1912	1912	length
IGC0009C	length	length	neither matches IBM	0x0004f	1908	1924	length
IFCST003	identical	length	IFOX00 matches IBM, as370 does not	0x00007	1905	1734	length
IGFPTREC	identical	text	IFOX00 matches IBM, as370 does not	0x003ee	1905	1905	text
IRBMFIOI	length	length	neither matches IBM	0x001a8	1896	1896	length
IKJEFT25	length	length	neither matches IBM	0x00023	1888	1888	length
IKJEBESU	no-pair	no-pair	no distribution member	0x00141	1868	1868	no-pair
IKJEFE11	no-pair	no-pair	no distribution member	0x00638	1867	1626	no-pair
IFG0199E	length	length	neither matches IBM	0x00019	1856	1808	length
IFDOLT46	mixed	mixed	neither matches IBM	0x00055	1852	1852	mixed
IFCSIPL0	identical	length	IFOX00 matches IBM, as370 does not	0x00007	1850	1692	length
AMDPREXT	holes	length	neither matches IBM	0x0001f	1842	1786	length
IKJEBEM7	no-pair	no-pair	no distribution member	0x00033	1827	1835	no-pair
IDCCDDL	identical	length	IFOX00 matches IBM, as370 does not	0x00449	1808	1676	length
IGC0R05B	length	length	neither matches IBM	0x000af	1803	1803	length
IGX00014	no-pair	no-pair	no distribution member	0x006f1	1796	1796	no-pair
IEFAB4F4	length	length	neither matches IBM	0x0068d	1789	1789	length
IGG0203M	length	length	neither matches IBM	0x000b9	1780	1800	length
IEEMB812	identical	length	IFOX00 matches IBM, as370 does not	0x0000b	1776	1792	length
IEFVJA	length	length	neither matches IBM	0x0003d	1776	1816	length
IKJEBELI	no-pair	no-pair	no distribution member	0x00200	1776	1776	no-pair
IFDOLT08	holes	mixed	neither matches IBM	0x0003d	1766	1766	mixed
IEEVLDWT	identical	length	IFOX00 matches IBM, as370 does not	0x00096	1758	1886	length
IDCTSVS0	identical	length	IFOX00 matches IBM, as370 does not	0x00007	1746	1644	length
IFDOLT14	mixed	length	neither matches IBM	0x0001f	1737	2457	length
BLSR3270	text	length	neither matches IBM	0x00513	1736	1736	length
IFDOLT03	length	length	neither matches IBM	0x0005b	1730	1730	length
IFCST005	length	length	neither matches IBM	0x00006	1721	1631	length
IDCCDPM	identical	length	IFOX00 matches IBM, as370 does not	0x00408	1716	1327	length
IEEZJ03D	no-pair	no-pair	no distribution member	0x00005	1710	1702	no-pair
IEHMVESQ	text	length	neither matches IBM	0x00009	1706	1690	length
IEHMVSTC	length	length	neither matches IBM	0x006a3	1706	1706	length
IEAVAR02	length	length	neither matches IBM	0x00043	1704	1760	length
IGC0002G	length	length	neither matches IBM	0x00401	1704	1704	length
IFDOLT54	holes	mixed	neither matches IBM	0x0002f	1678	1678	mixed
IFFPHALA	identical	text	IFOX00 matches IBM, as370 does not	0x00029	1678	1678	text
IFDOLT32	identical|unpaired	text	neither matches IBM	0x00033	1660	1660	text
IFCET004	length	length	neither matches IBM	0x00074	1647	1279	length
IFCEUKNO	length	length	neither matches IBM	0x000e9	1642	1478	length
AHLTEXT	mixed	mixed	neither matches IBM	0x00064	1638	1638	mixed
IEESR03D	no-pair	no-pair	no distribution member	0x00005	1638	1614	no-pair
IGG019GC	identical	text	IFOX00 matches IBM, as370 does not	0x0000b	1638	1638	text
IFNX5F	text	text	neither matches IBM	0x005d4	1630	1630	text
IEFAB4EF	length	length	neither matches IBM	0x005ed	1604	1604	length
ISTAPC61	length	length	neither matches IBM	0x0012a	1596	1596	length
IDCCDRM	identical	length	IFOX00 matches IBM, as370 does not	0x002e0	1592	1279	length
IEFVINA	length	length	neither matches IBM	0x00355	1588	1588	length
IRBMFMFC	text	text	neither matches IBM	0x00609	1588	1588	text
IFDOLTAJ	holes	mixed	neither matches IBM	0x00049	1584	1584	mixed
IKJEBEEN	no-pair	no-pair	no distribution member	0x0006f	1572	1572	no-pair
IEHMVESP	holes	length	neither matches IBM	0x0048a	1571	1563	length
IER8CM	no-pair	no-pair	no distribution member	0x00011	1560	1576	no-pair
IKJEBEIS	no-pair	no-pair	no distribution member	0x002ce	1560	1560	no-pair
IFDOLT35	mixed	mixed	neither matches IBM	0x00049	1558	1558	mixed
IGG09302	length	length	neither matches IBM	0x00101	1552	1560	length
IEESZ03D	no-pair	no-pair	no distribution member	0x00005	1548	1536	no-pair
IEESL03D	no-pair	no-pair	no distribution member	0x00005	1542	1530	no-pair
IEFSD089	length	length	neither matches IBM	0x005f0	1541	1533	length
IDCCDRC	identical	length	IFOX00 matches IBM, as370 does not	0x00310	1530	1052	length
IEESG03D	no-pair	no-pair	no distribution member	0x00005	1530	1526	no-pair
IGC00030	length	length	neither matches IBM	0x003b1	1528	1528	length
IFCST006	identical	length	IFOX00 matches IBM, as370 does not	0x00007	1508	1452	length
IFDOLT73	holes	mixed	neither matches IBM	0x00033	1508	1508	mixed
IEESA03D	no-pair	no-pair	no distribution member	0x0024d	1500	1492	no-pair
IKJEFXSR	length	length	neither matches IBM	0x00294	1496	1496	length
IKT0940F	length	length	neither matches IBM	0x000be	1480	1480	length
IEAVESPR	identical	text	IFOX00 matches IBM, as370 does not	0x000a0	1475	1475	text
IDCCDRS	identical	length	IFOX00 matches IBM, as370 does not	0x002f1	1467	1311	length
IFCEMER3	identical	length	IFOX00 matches IBM, as370 does not	0x001cb	1445	1239	length
IFCSI155	identical	length	IFOX00 matches IBM, as370 does not	0x00007	1444	1228	length
IFG0200N	length	length	neither matches IBM	0x00396	1432	1432	length
IRBMFLPV	holes	length	neither matches IBM	0x0019b	1416	1444	length
IFCETRN4	length	length	neither matches IBM	0x0002e	1409	1233	length
IDCTSSA6	identical	length	IFOX00 matches IBM, as370 does not	0x00005	1405	1297	length
IDA019S6	length	length	neither matches IBM	0x000b1	1404	1404	length
IKJEFD31	identical	length	IFOX00 matches IBM, as370 does not	0x000d5	1385	1533	length
IKJEFF50	no-pair	no-pair	no distribution member	0x00468	1385	1286	no-pair
IFDOLT38	holes	mixed	neither matches IBM	0x0002f	1382	1382	mixed
AMDSASVI	holes	mixed	neither matches IBM	0x0002a	1364	1364	mixed
IFDOLT67	length	length	neither matches IBM	0x00050	1358	1358	length
AHLMCER	length	length	neither matches IBM	0x00007	1348	1276	length
IDCCDBI	identical	length	IFOX00 matches IBM, as370 does not	0x00208	1343	1139	length
IKJEFF16	no-pair	no-pair	no distribution member	0x004d7	1338	1338	no-pair
IDCCDLR	identical	length	IFOX00 matches IBM, as370 does not	0x00208	1329	837	length
IFCEC155	identical	length	IFOX00 matches IBM, as370 does not	0x00074	1322	1068	length
IGG0193Q	length	length	neither matches IBM	0x00147	1312	1304	length
IFCEB155	identical	length	IFOX00 matches IBM, as370 does not	0x00074	1307	1069	length
IFFPEAGR	identical	text	IFOX00 matches IBM, as370 does not	0x00029	1302	1302	text
IKTVTPUT	length	length	neither matches IBM	0x0003d	1296	1312	length
IRBMFTMA	holes	length	neither matches IBM	0x0001f	1290	1314	length
IEFNB903	length	length	neither matches IBM	0x0005b	1276	1276	length
IFCSUKNO	identical	length	IFOX00 matches IBM, as370 does not	0x00007	1254	1078	length
IFG0232G	mixed	mixed	neither matches IBM	0x003e7	1248	1248	mixed
IFDOLT24	length	length	neither matches IBM	0x0004b	1244	1244	length
IKJEBEAE	no-pair	no-pair	no distribution member	0x00225	1232	1232	no-pair
IFCEDDR0	length	length	neither matches IBM	0x00023	1229	1133	length
IKJEFF49	length	length	neither matches IBM	0x00390	1220	1109	length
IDACAT12	length	length	neither matches IBM	0x00294	1218	1218	length
IKTMSGS	length	length	neither matches IBM	0x00027	1207	1875	length
IEE5103D	length	length	neither matches IBM	0x00023	1202	1242	length
IKTCAS40	identical	length	IFOX00 matches IBM, as370 does not	0x0001f	1202	1194	length
IGC0506C	length	length	neither matches IBM	0x00035	1201	1201	length
IEAVXDOM	length	length	neither matches IBM	0x00020	1196	1196	length
IEFSD166	length	length	neither matches IBM	0x0001f	1194	1210	length
IEAVEMDL	length	length	neither matches IBM	0x0001f	1186	1203	length
IFG0195N	text	text	neither matches IBM	0x001d3	1184	1184	text
IGG09301	length	length	neither matches IBM	0x00025	1180	1196	length
IEAXPDXR	holes	holes	neither matches IBM	0x001ed	1160	1160	holes
ISTSC029	length	length	neither matches IBM	0x00438	1160	1160	length
IFDOLT07	holes	mixed	neither matches IBM	0x0003b	1158	1158	mixed
BLSRVRBX	text	length	neither matches IBM	0x00075	1152	1152	length
IDCCDCC	identical	length	IFOX00 matches IBM, as370 does not	0x00210	1145	1016	length
IRBMFIWK	holes	length	neither matches IBM	0x0001f	1132	1156	length
IHJACP01	length	length	neither matches IBM	0x0022b	1126	1126	length
IEEMB810	mixed	length	neither matches IBM	0x0001d	1125	1133	length
IEHDASDR	identical	text	IFOX00 matches IBM, as370 does not	0x0022f	1124	1124	text
IKJEBEUN	length	length	neither matches IBM	0x000d9	1120	1120	length
IGFC60	length	length	neither matches IBM	0x000de	1118	1118	length
IEESH03D	no-pair	no-pair	no distribution member	0x00005	1116	1104	no-pair
IDCTSCN0	identical	length	IFOX00 matches IBM, as370 does not	0x00005	1109	1095	length
IEBCQSAM	mixed	length	neither matches IBM	0x00023	1108	1236	length
BLSFPARS	identical	length	IFOX00 matches IBM, as370 does not	0x000cc	1104	1104	length
IFDOLT06	identical|unpaired	text	neither matches IBM	0x00031	1102	1102	text
IFFPBAPR	identical	text	IFOX00 matches IBM, as370 does not	0x00029	1102	1102	text
IECVCRHH	length	length	neither matches IBM	0x002d4	1100	1100	length
IHJQRS24	text	text	neither matches IBM	0x00029	1092	1092	text
IEE1603D	length	length	neither matches IBM	0x001e1	1088	1088	length
IFG0199D	length	length	neither matches IBM	0x00207	1088	1088	length
IEE0803D	length	length	neither matches IBM	0x00049	1085	1125	length
IERRCJ	no-pair	no-pair	no distribution member	0x00010	1082	1082	no-pair
IFCET006	length	length	neither matches IBM	0x0015d	1081	989	length
IECVBRSV	identical	length	IFOX00 matches IBM, as370 does not	0x00072	1071	1205	length
IGG03002	length	length	neither matches IBM	0x000bb	1040	1040	length
IGG0196Q	text	text	neither matches IBM	0x00290	1038	1038	text
IGC0002A	length	length	neither matches IBM	0x00285	1032	1032	length
AHLREADR	mixed	length	neither matches IBM	0x00006	1028	1148	length
IFOX0H	mixed	mixed	neither matches IBM	0x000ab	1027	1027	mixed
ISTOCCOA	mixed	mixed	neither matches IBM	0x0010a	1024	1024	mixed
IEECVFTB	length	length	neither matches IBM	0x0028b	1022	1022	length
IGG0193M	length	text	neither matches IBM	0x001a9	1020	1016	text
AMDSAAUD	length	length	neither matches IBM	0x00072	1012	1012	length
IEE0703D	length	length	neither matches IBM	0x00039	998	1038	length
IHJQRS20	text	text	neither matches IBM	0x0002d	990	990	text
IDCTSCO0	text	length	neither matches IBM	0x00009	987	915	length
IEE0303D	length	length	neither matches IBM	0x00081	986	1026	length
IKJEBEDC	no-pair	no-pair	no distribution member	0x00028	984	984	no-pair
IEESQ03D	no-pair	no-pair	no distribution member	0x00005	978	970	no-pair
IEE3703D	length	length	neither matches IBM	0x00063	977	1033	length
IGG0197B	length	length	neither matches IBM	0x000a0	976	1096	length
IKTXMTPT	length	length	neither matches IBM	0x0001d	964	972	length
IFCEMER0	identical	length	IFOX00 matches IBM, as370 does not	0x0019e	962	782	length
AMDSAPGI	holes	mixed	neither matches IBM	0x0020a	956	956	mixed
AMDSAWAT	holes	mixed	neither matches IBM	0x000b2	952	952	mixed
IDCTSSA7	identical	length	IFOX00 matches IBM, as370 does not	0x00005	949	899	length
IFDOLT53	length	length	neither matches IBM	0x00035	944	944	length
IEEVWKUP	length	length	neither matches IBM	0x0006c	936	936	length
IFDOLT56	holes	mixed	neither matches IBM	0x00037	936	936	mixed
IFDOLT26	holes	mixed	neither matches IBM	0x00037	926	926	mixed
IDCTSCV0	identical	length	IFOX00 matches IBM, as370 does not	0x00005	919	859	length
IEAVEMIN	length	length	neither matches IBM	0x0001f	914	931	length
IFCST00B	identical	length	IFOX00 matches IBM, as370 does not	0x00007	913	839	length
IFDOLT16	holes	mixed	neither matches IBM	0x0005b	906	906	mixed
IFDOLT21	holes	mixed	neither matches IBM	0x00033	906	906	mixed
IFCSXXXG	identical	length	IFOX00 matches IBM, as370 does not	0x00007	905	853	length
IEEMB825	length	length	neither matches IBM	0x0001d	900	892	length
IKJEFP40	length	length	neither matches IBM	0x00269	890	890	length
IKJEFLK	length	length	neither matches IBM	0x00021	888	904	length
IKTCAS52	length	length	neither matches IBM	0x0001e	876	996	length
BLSUNOTE	identical	length	IFOX00 matches IBM, as370 does not	0x0011c	864	864	length
IEFIB620	length	length	neither matches IBM	0x00325	863	863	length
IGG0193K	length	length	neither matches IBM	0x00136	856	856	length
IFDOLT52	length	length	neither matches IBM	0x0002f	850	850	length
IEE5403D	length	length	neither matches IBM	0x00244	836	836	length
IFOX0F	length	length	neither matches IBM	0x00083	832	832	length
IGG019VE	identical	length	IFOX00 matches IBM, as370 does not	0x0000d	824	816	length
IEAVAR03	identical	length	IFOX00 matches IBM, as370 does not	0x0001d	816	856	length
IEFXB604	holes	mixed	neither matches IBM	0x00288	816	816	mixed
ISTINCDT	identical	text	IFOX00 matches IBM, as370 does not	0x00007	816	816	text
IEHMVSRK	holes	holes	neither matches IBM	0x00288	786	746	holes
IFCS0155	identical	length	IFOX00 matches IBM, as370 does not	0x0007e	785	759	length
IEFSD102	mixed	length	neither matches IBM	0x0004d	774	766	length
IRBMFECH	no-pair	no-pair	no distribution member	0x000f8	772	772	no-pair
IDCTSSD0	identical	length	IFOX00 matches IBM, as370 does not	0x00005	769	713	length
IFCET00B	length	length	neither matches IBM	0x000db	768	704	length
IGG019VG	identical	length	IFOX00 matches IBM, as370 does not	0x0000d	752	744	length
ISTAPC58	mixed	mixed	neither matches IBM	0x00018	752	752	mixed
IEDBITN	length	length	neither matches IBM	0x00247	747	636	length
IFCET005	length	length	neither matches IBM	0x001aa	740	704	length
IFCETRN2	identical	length	IFOX00 matches IBM, as370 does not	0x0001a	729	665	length
BLSRFUCB	identical	length	IFOX00 matches IBM, as370 does not	0x00071	720	720	length
IEESC03D	no-pair	no-pair	no distribution member	0x0007f	714	717	no-pair
IFDOLT28	holes	mixed	neither matches IBM	0x00052	702	702	mixed
BLSRASCX	identical	length	IFOX00 matches IBM, as370 does not	0x0006f	672	672	length
IDCTSIO5	identical	length	IFOX00 matches IBM, as370 does not	0x00005	667	597	length
IFDOLT37	holes	mixed	neither matches IBM	0x00106	666	666	mixed
IDCTSAV0	identical	length	IFOX00 matches IBM, as370 does not	0x00007	660	630	length
IGFPTSIG	identical	text	IFOX00 matches IBM, as370 does not	0x000a6	640	640	text
IEFNB9CR	length	length	neither matches IBM	0x00020	636	892	length
IEFNB9IR	length	length	neither matches IBM	0x00020	636	892	length
IGG019BO	length	length	neither matches IBM	0x00271	632	753	length
ISTAPC57	length	length	neither matches IBM	0x00238	628	628	length
IDCTSSR0	identical	length	IFOX00 matches IBM, as370 does not	0x00005	626	602	length
IFDOLT13	holes	mixed	neither matches IBM	0x000d5	622	622	mixed
IFDOLT05	holes	mixed	neither matches IBM	0x0003d	582	582	mixed
IEFIB621	length	length	neither matches IBM	0x0001e	570	612	length
IFDOLT04	holes	mixed	neither matches IBM	0x00033	546	546	mixed
IGFPTCON	identical	text	IFOX00 matches IBM, as370 does not	0x00144	536	536	text
IDCCDCK	identical	length	IFOX00 matches IBM, as370 does not	0x000b0	533	272	length
IDCTSRR0	identical	length	IFOX00 matches IBM, as370 does not	0x00005	522	486	length
IEE7803D	length	length	neither matches IBM	0x00037	516	508	length
IFDOLT74	holes	mixed	neither matches IBM	0x0002f	490	490	mixed
AMDSATAP	length	length	neither matches IBM	0x00106	466	466	length
IGFPEXIT	identical	text	IFOX00 matches IBM, as370 does not	0x00040	458	458	text
IFCS0135	identical	length	IFOX00 matches IBM, as370 does not	0x0002b	448	424	length
IDCTSTR0	identical	length	IFOX00 matches IBM, as370 does not	0x0000b	437	431	length
IDCTSEC0	identical	length	IFOX00 matches IBM, as370 does not	0x00005	429	383	length
IGG019V2	text	length	neither matches IBM	0x00031	416	408	length
IKJEGSCD	no-pair	no-pair	no distribution member	0x00060	389	97	no-pair
IFDOLT50	holes	mixed	neither matches IBM	0x00035	378	378	mixed
IFDOLT17	mixed	mixed	neither matches IBM	0x000b5	360	360	mixed
IGG0203K	length	length	neither matches IBM	0x00048	336	336	length
IDCTSRV0	identical	length	IFOX00 matches IBM, as370 does not	0x00005	310	282	length
IDCTSSV0	identical	length	IFOX00 matches IBM, as370 does not	0x00005	304	252	length
ISTAPC53	identical	text	IFOX00 matches IBM, as370 does not	0x00018	300	300	text
IGG019M3	identical	length	IFOX00 matches IBM, as370 does not	0x00123	296	419	length
AHLMCIH	identical	text	IFOX00 matches IBM, as370 does not	0x0002e	288	288	text
IGG019M0	identical	length	IFOX00 matches IBM, as370 does not	0x0010b	272	395	length
IGG019MV	identical	length	IFOX00 matches IBM, as370 does not	0x0010d	272	397	length
IGFPMFRS	identical	text	IFOX00 matches IBM, as370 does not	0x000d8	260	260	text
IGFPMRTM	text	text	neither matches IBM	0x0008a	256	256	text
IGG019RA	identical	text	IFOX00 matches IBM, as370 does not	0x00033	250	250	text
IFDOLT43	text	text	neither matches IBM	0x0002d	242	242	text
BLSDSTAE	text	text	neither matches IBM	0x00026	240	240	text
IGG019MD	identical	length	IFOX00 matches IBM, as370 does not	0x000ed	240	365	length
IGG019MJ	identical	length	IFOX00 matches IBM, as370 does not	0x000df	224	351	length
IGG019MK	identical	length	IFOX00 matches IBM, as370 does not	0x000df	224	351	length
IGG019PP	identical	length	IFOX00 matches IBM, as370 does not	0x000dd	224	349	length
IKJEBEBO	no-pair	no-pair	no distribution member	0x00026	224	224	no-pair
IGG019MY	identical	length	IFOX00 matches IBM, as370 does not	0x000d7	216	343	length
IRBMFTCH	no-pair	no-pair	no distribution member	0x00084	216	216	no-pair
IDCTSRL0	identical	length	IFOX00 matches IBM, as370 does not	0x00005	210	176	length
IGG019ME	identical	length	IFOX00 matches IBM, as370 does not	0x000cb	208	331	length
IEFICPUA	holes	mixed	neither matches IBM	0x000a5	201	201	mixed
IGG019MW	identical	length	IFOX00 matches IBM, as370 does not	0x000b9	192	313	length
IDCTSMG0	identical	length	IFOX00 matches IBM, as370 does not	0x00065	179	171	length
IGG019MP	identical	length	IFOX00 matches IBM, as370 does not	0x000a9	176	297	length
IGG019MU	identical	length	IFOX00 matches IBM, as370 does not	0x000ab	176	299	length
IGG019PB	identical	length	IFOX00 matches IBM, as370 does not	0x0009d	160	285	length
IGG019MZ	identical	length	IFOX00 matches IBM, as370 does not	0x00097	152	279	length
IGG019MN	identical	length	IFOX00 matches IBM, as370 does not	0x00089	144	265	length
IGG019PF	identical	length	IFOX00 matches IBM, as370 does not	0x00089	144	265	length
IDCTSMC0	length	length	neither matches IBM	0x0003f	134	118	length
IGG019PE	identical	length	IFOX00 matches IBM, as370 does not	0x0006d	112	237	length
IGG019P7	identical	text	IFOX00 matches IBM, as370 does not	0x00037	102	102	text
IDCTSEV0	identical	length	IFOX00 matches IBM, as370 does not	0x00005	71	63	length
AMDPRPJB	holes	holes	neither matches IBM				holes
AMDPRPMS	holes	holes	neither matches IBM				holes
HMASMDC2	mixed	mixed	neither matches IBM				mixed
IDCRI04	length	length	neither matches IBM	0x00000	0	14023	length
IEAVELCR	identical	identical	both match -- impossible, check the comparison				identical
IEAVTFMT	length	length	neither matches IBM				length
IEAVTRER	text	text	neither matches IBM				text
IEBIOE	length	length	neither matches IBM				length
IECDAFMT	length	length	neither matches IBM				length
IECIOFMT	length	length	neither matches IBM				length
IEDAYOO	length	length	neither matches IBM				length
IEE1403D	length	length	neither matches IBM				length
IEE70110	length	length	neither matches IBM				length
IEFSD087	length	length	neither matches IBM				length
IEHDLABL	length	length	neither matches IBM				length
IEHMVSSF	length	length	neither matches IBM				length
IEHMVSSX	length	length	neither matches IBM				length
IERABW	no-pair	no-pair	no distribution member				no-pair
IERAOL	no-pair	no-pair	no distribution member				no-pair
IERAOM	no-pair	no-pair	no distribution member				no-pair
IFASMFDP	length	length	neither matches IBM				length
IFCEE155	length	length	neither matches IBM				length
IFCERFMT	length	length	neither matches IBM				length
IFG0192A	length	length	neither matches IBM				length
IFG0193D	length	length	neither matches IBM				length
IFG0193E	length	length	neither matches IBM				length
IFG0194A	length	length	neither matches IBM				length
IFG0195A	length	length	neither matches IBM				length
IFG0195C	mixed	mixed	neither matches IBM				mixed
IFG0195D	text	text	neither matches IBM				text
IFG0195G	text	text	neither matches IBM				text
IFG0195H	length	length	neither matches IBM				length
IFG0195K	length	length	neither matches IBM				length
IFG0195T	text	text	neither matches IBM				text
IFG0196J	text	text	neither matches IBM				text
IFG0196N	mixed	mixed	neither matches IBM				mixed
IFG0196O	length	length	neither matches IBM				length
IFG0196Q	text	text	neither matches IBM				text
IFG0196T	length	length	neither matches IBM				length
IFG0196U	length	length	neither matches IBM				length
IFG0196W	mixed	mixed	neither matches IBM				mixed
IFG0196X	length	length	neither matches IBM				length
IFG0200V	length	length	neither matches IBM				length
IFG0200Z	length	length	neither matches IBM				length
IFG0201R	mixed	mixed	neither matches IBM				mixed
IFG0202A	length	length	neither matches IBM				length
IFG0202C	length	length	neither matches IBM				length
IFG0202D	mixed	mixed	neither matches IBM				mixed
IFG0202F	mixed	mixed	neither matches IBM				mixed
IFG0202J	length	length	neither matches IBM				length
IFG0232D	text	text	neither matches IBM				text
IFG0232J	mixed	mixed	neither matches IBM				mixed
IFG0232M	length	length	neither matches IBM				length
IFG0232S	mixed	mixed	neither matches IBM				mixed
IFG0232Z	length	length	neither matches IBM				length
IFG0551F	length	length	neither matches IBM				length
IFG0551P	mixed	mixed	neither matches IBM				mixed
IFG0551R	mixed	mixed	neither matches IBM				mixed
IFG0551T	length	length	neither matches IBM				length
IFG0552B	length	length	neither matches IBM				length
IFG0552D	length	length	neither matches IBM				length
IFG0552F	text	text	neither matches IBM				text
IFG0552N	length	length	neither matches IBM				length
IFG0552R	length	length	neither matches IBM				length
IFG0552T	length	length	neither matches IBM				length
IFG0552X	length	length	neither matches IBM				length
IFG0553H	text	text	neither matches IBM				text
IFG0553P	length	length	neither matches IBM				length
IFG0553X	length	length	neither matches IBM				length
IFG0553Z	length	length	neither matches IBM				length
IFG0554B	mixed	mixed	neither matches IBM				mixed
IFG0554N	length	length	neither matches IBM				length
IFG0554Z	text	text	neither matches IBM				text
IFG0555B	text	text	neither matches IBM				text
IFG0555H	length	length	neither matches IBM				length
IFG0RR0E	length	length	neither matches IBM				length
IFG0RR0F	mixed	mixed	neither matches IBM				mixed
IFG0TC0A	length	length	neither matches IBM				length
IFNX5V	text	text	neither matches IBM				text
IGC00020	length	length	neither matches IBM				length
IGC0002B	length	length	neither matches IBM				length
IGC0002C	mixed	mixed	neither matches IBM				mixed
IGC0003A	length	length	neither matches IBM				length
IGC0005E	length	length	neither matches IBM				length
IGC0005G	length	length	neither matches IBM				length
IGC0006D	length	length	neither matches IBM				length
IGC0007H	text	text	neither matches IBM				text
IGC0408B	holes	holes	neither matches IBM				holes
IGE0000H	holes	holes	neither matches IBM				holes
IGE0001H	mixed	mixed	neither matches IBM				mixed
IGE0004A	length	length	neither matches IBM				length
IGE0004C	length	length	neither matches IBM				length
IGE0019I	length	length	neither matches IBM				length
IGE0119I	holes	holes	neither matches IBM				holes
IGE0904B	length	length	neither matches IBM				length
IGG01910	identical	identical	both match -- impossible, check the comparison				identical
IGG01911	identical	identical	both match -- impossible, check the comparison				identical
IGG01912	identical	identical	both match -- impossible, check the comparison				identical
IGG01913	identical	identical	both match -- impossible, check the comparison				identical
IGG01915	identical	identical	both match -- impossible, check the comparison				identical
IGG01916	length	length	neither matches IBM				length
IGG01917	identical	identical	both match -- impossible, check the comparison				identical
IGG01918	identical	identical	both match -- impossible, check the comparison				identical
IGG01919	identical	identical	both match -- impossible, check the comparison				identical
IGG0191A	length	length	neither matches IBM				length
IGG0191B	text	text	neither matches IBM				text
IGG0191C	length	length	neither matches IBM				length
IGG0191D	identical	identical	both match -- impossible, check the comparison				identical
IGG0191G	identical	identical	both match -- impossible, check the comparison				identical
IGG0191H	identical	identical	both match -- impossible, check the comparison				identical
IGG0191I	length	length	neither matches IBM				length
IGG0191J	length	length	neither matches IBM				length
IGG0191K	identical	identical	both match -- impossible, check the comparison				identical
IGG0191L	length	length	neither matches IBM				length
IGG0191M	length	length	neither matches IBM				length
IGG0191N	length	length	neither matches IBM				length
IGG0191O	identical	identical	both match -- impossible, check the comparison				identical
IGG0191P	identical	identical	both match -- impossible, check the comparison				identical
IGG0191Q	length	length	neither matches IBM				length
IGG0191R	length	length	neither matches IBM				length
IGG0191S	length	length	neither matches IBM				length
IGG0191T	length	length	neither matches IBM				length
IGG0191U	length	length	neither matches IBM				length
IGG0191V	length	length	neither matches IBM				length
IGG0191W	identical	identical	both match -- impossible, check the comparison				identical
IGG0191X	identical	identical	both match -- impossible, check the comparison				identical
IGG0191Y	identical	identical	both match -- impossible, check the comparison				identical
IGG0191Z	identical	identical	both match -- impossible, check the comparison				identical
IGG01923	text	text	neither matches IBM				text
IGG01926	identical	identical	both match -- impossible, check the comparison				identical
IGG0193A	length	length	neither matches IBM				length
IGG0193I	text	text	neither matches IBM				text
IGG0196A	length	length	neither matches IBM				length
IGG0196B	text	text	neither matches IBM				text
IGG0196I	text	text	neither matches IBM				text
IGG0196K	length	length	neither matches IBM				length
IGG0196L	length	length	neither matches IBM				length
IGG0196P	identical	identical	both match -- impossible, check the comparison				identical
IGG0197E	length	length	neither matches IBM				length
IGG0197F	length	length	neither matches IBM				length
IGG0197U	length	length	neither matches IBM				length
IGG0197V	mixed	mixed	neither matches IBM				mixed
IGG01991	identical	identical	both match -- impossible, check the comparison				identical
IGG01992	identical	identical	both match -- impossible, check the comparison				identical
IGG01993	identical	identical	both match -- impossible, check the comparison				identical
IGG01994	identical	identical	both match -- impossible, check the comparison				identical
IGG0199K	identical	identical	both match -- impossible, check the comparison				identical
IGG0199O	holes	identical	as370 matches IBM, IFOX00 does not				identical
IGG019MC	length	length	neither matches IBM				length
IGG019V6	length	length	neither matches IBM				length
IGG0201A	length	length	neither matches IBM				length
IGG0201B	length	length	neither matches IBM				length
IGG0201Z	length	length	neither matches IBM				length
IGG08108	length	length	neither matches IBM				length
IKJCT430	length	length	neither matches IBM				length
IKJCT431	length	length	neither matches IBM				length
IKJCT463	length	length	neither matches IBM				length
IKJEBEAA	no-pair	no-pair	no distribution member	0x00000	0	216	no-pair
IKJEFE02	no-pair	no-pair	no distribution member				no-pair
IKJEFF19	length	length	neither matches IBM				length
IKJEGCVT	no-pair	no-pair	no distribution member				no-pair
IKJEGDEB	no-pair	no-pair	no distribution member				no-pair
IKJEGEQU	no-pair	no-pair	no distribution member	0x00000	0	2843	no-pair
IKJEGINT	no-pair	no-pair	no distribution member				no-pair
IKJEGLSA	no-pair	no-pair	no distribution member				no-pair
IKJEGMAP	no-pair	no-pair	no distribution member				no-pair
IKJEGPSW	no-pair	no-pair	no distribution member				no-pair
IKJEGQFY	no-pair	no-pair	no distribution member				no-pair
IKJEGTCB	no-pair	no-pair	no distribution member				no-pair
IKJEGWHR	no-pair	no-pair	no distribution member				no-pair
IKJEHAL1	no-pair	no-pair	no distribution member				no-pair
IKJEHDEF	no-pair	no-pair	no distribution member				no-pair
IKJEHDS1	no-pair	no-pair	no distribution member	0x00000	0	6440	no-pair
IKJEHREN	no-pair	no-pair	no distribution member	0x00000	0	5260	no-pair
IKJRBBU0	length	length	neither matches IBM				length
ISTRAMA3	length	length	neither matches IBM				length
ISTRAMA4	length	length	neither matches IBM				length
SECLOADA	length	length	neither matches IBM				length
