image	dataset	tape	tapefile	members	records
src000.348	MVSSRC.EREPSY.F01	erepsym	FILE0001	76	75582
src000.348	MVSSRC.EREPSY.F02	erepsym	FILE0002	25	77868
src000.348	MVSSRC.EREPSY.F03	erepsym	FILE0003	9	15643
src000.348	MVSSRC.ES1102.F01	ess1102sym	FILE0001	43	79477
src000.348	MVSSRC.ES1102.F02	ess1102sym	FILE0002	37	79758
src000.348	MVSSRC.ES1102.F03	ess1102sym	FILE0003	41	79704
src000.348	MVSSRC.ES1102.F04	ess1102sym	FILE0004	9	17550
src000.348	MVSSRC.ET1102.F01	etc1102	FILE0001	92	22084
src000.348	MVSSRC.ET1102.F02	etc1102	FILE0002	31	16548
src000.348	MVSSRC.ET1102.F03	etc1102	FILE0003	137	79852
src000.348	MVSSRC.ET1102.F04	etc1102	FILE0004	92	79408
src000.348	MVSSRC.ET1102.F05	etc1102	FILE0005	102	79427
src000.348	MVSSRC.ET1102.F06	etc1102	FILE0006	3	1882
src000.348	MVSSRC.ET2402.F01	etc2402	FILE0001	68	6647
src000.348	MVSSRC.ET2402.F02	etc2402	FILE0002	139	72485
src000.348	MVSSRC.EV1202.F01	evt1202	FILE0001	26	39699
src000.348	MVSSRC.EV1202.F02	evt1202	FILE0002	34	45344
src000.348	MVSSRC.EV1202.F03	evt1202	FILE0003	28	55614
src000.348	MVSSRC.SOURCE.F01	source	FILE0001	23	33192
src000.348	MVSSRC.SOURCE.F02	source	FILE0002	33	44577
src000.348	MVSSRC.SOURCE.F03	source	FILE0003	13	9682
src000.348	MVSSRC.SYM101.F01	sym1-1	FILE0001	242	36224
src000.348	MVSSRC.SYM101.F02	sym1-1	FILE0002	5	4888
src000.348	MVSSRC.SYM101.F03	sym1-1	FILE0003	1	168
src000.348	MVSSRC.SYM101.F04	sym1-1	FILE0004	8	26709
src000.348	MVSSRC.SYM101.F05	sym1-1	FILE0005	48	78665
src000.348	MVSSRC.SYM101.F06	sym1-1	FILE0006	36	76539
src000.348	MVSSRC.SYM101.F07	sym1-1	FILE0007	33	79526
src000.348	MVSSRC.SYM101.F08	sym1-1	FILE0008	35	79436
src000.348	MVSSRC.SYM101.F09	sym1-1	FILE0009	8	8110
src000.348	MVSSRC.SYM101.F10	sym1-1	FILE0010	5	4422
src000.348	MVSSRC.SYM101.F11	sym1-1	FILE0011	46	51386
src000.348	MVSSRC.SYM101.F12	sym1-1	FILE0012	42	79630
src000.348	MVSSRC.SYM101.F13	sym1-1	FILE0013	43	37794
src000.348	MVSSRC.SYM101.F14	sym1-1	FILE0014	63	32099
src000.348	MVSSRC.SYM101.F15	sym1-1	FILE0015	44	77492
src000.348	MVSSRC.SYM101.F16	sym1-1	FILE0016	16	37527
src000.348	MVSSRC.SYM101.F17	sym1-1	FILE0017	1	1606
src000.348	MVSSRC.SYM101.F18	sym1-1	FILE0018	13	28914
src000.348	MVSSRC.SYM101.F19	sym1-1	FILE0019	8	33769
src000.348	MVSSRC.SYM101.F20	sym1-1	FILE0020	28	79366
src000.348	MVSSRC.SYM102.F01	sym1-2	FILE0001	1	1353
src000.348	MVSSRC.SYM102.F02	sym1-2	FILE0002	13	33236
src000.348	MVSSRC.SYM102.F03	sym1-2	FILE0003	28	79746
src000.348	MVSSRC.SYM102.F04	sym1-2	FILE0004	24	78319
src000.348	MVSSRC.SYM102.F05	sym1-2	FILE0005	14	75852
src000.348	MVSSRC.SYM102.F06	sym1-2	FILE0006	17	79297
src000.348	MVSSRC.SYM102.F07	sym1-2	FILE0007	5	11610
src000.348	MVSSRC.SYM102.F08	sym1-2	FILE0008	3	1567
src000.348	MVSSRC.SYM102.F09	sym1-2	FILE0009	25	78189
src000.348	MVSSRC.SYM102.F10	sym1-2	FILE0010	8	26426
src000.348	MVSSRC.SYM102.F11	sym1-2	FILE0011	9	29035
src000.348	MVSSRC.SYM102.F12	sym1-2	FILE0012	8	32240
src000.348	MVSSRC.SYM102.F13	sym1-2	FILE0013	16	79284
src000.348	MVSSRC.SYM102.F14	sym1-2	FILE0014	22	76470
src000.348	MVSSRC.SYM102.F15	sym1-2	FILE0015	4	14744
src000.348	MVSSRC.SYM102.F16	sym1-2	FILE0016	20	70455
src000.348	MVSSRC.SYM102.F17	sym1-2	FILE0017	1	10414
src000.348	MVSSRC.SYM102.F18	sym1-2	FILE0018	11	58163
src000.348	MVSSRC.SYM102.F19	sym1-2	FILE0019	27	58417
src000.348	MVSSRC.SYM103.F01	sym1-3	FILE0001	47	24846
src000.348	MVSSRC.SYM103.F02	sym1-3	FILE0002	51	66741
src000.348	MVSSRC.SYM103.F03	sym1-3	FILE0003	2	5337
src000.348	MVSSRC.SYM103.F04	sym1-3	FILE0004	6	54611
src000.348	MVSSRC.SYM103.F05	sym1-3	FILE0005	1	1358
src000.348	MVSSRC.SYM103.F06	sym1-3	FILE0006	11	4754
src000.348	MVSSRC.SYM103.F07	sym1-3	FILE0007	51	63274
src000.348	MVSSRC.SYM103.F08	sym1-3	FILE0008	32	47831
src000.348	MVSSRC.SYM103.F09	sym1-3	FILE0009	40	78127
src000.348	MVSSRC.SYM103.F10	sym1-3	FILE0010	48	79767
src000.348	MVSSRC.SYM103.F11	sym1-3	FILE0011	47	78597
src000.348	MVSSRC.SYM103.F12	sym1-3	FILE0012	38	79654
src000.348	MVSSRC.TIOCOP.F01	tiocopt	FILE0001	135	35138
src000.348	MVSSRC.TIOCOP.F02	tiocopt	FILE0002	31	16531
src000.348	MVSSRC.TIOCOP.F03	tiocopt	FILE0003	47	76802
src000.348	MVSSRC.TIOCOP.F04	tiocopt	FILE0004	111	79197
src000.348	MVSSRC.TIOCOP.F05	tiocopt	FILE0005	54	47496
src001.349	MVSSRC.SYM103.F13	sym1-3	FILE0013	3	10785
src001.349	MVSSRC.SYM103.F14	sym1-3	FILE0014	4	4169
src001.349	MVSSRC.SYM103.F15	sym1-3	FILE0015	19	29578
src001.349	MVSSRC.SYM103.F16	sym1-3	FILE0016	5	1384
src001.349	MVSSRC.SYM103.F17	sym1-3	FILE0017	87	51213
src001.349	MVSSRC.SYM103.F18	sym1-3	FILE0018	1	18
src001.349	MVSSRC.SYM103.F19	sym1-3	FILE0019	19	76079
src001.349	MVSSRC.SYM103.F20	sym1-3	FILE0020	20	72778
src001.349	MVSSRC.SYM104.F01	sym1-4	FILE0001	1	3584
src001.349	MVSSRC.SYM104.F02	sym1-4	FILE0002	28	71896
src001.349	MVSSRC.SYM104.F03	sym1-4	FILE0003	30	56915
src001.349	MVSSRC.SYM104.F04	sym1-4	FILE0004	3	4655
src001.349	MVSSRC.SYM104.F05	sym1-4	FILE0005	19	30300
src001.349	MVSSRC.SYM104.F06	sym1-4	FILE0006	48	79873
src001.349	MVSSRC.SYM104.F07	sym1-4	FILE0007	51	75480
src001.349	MVSSRC.SYM104.F08	sym1-4	FILE0008	31	78689
src001.349	MVSSRC.SYM104.F09	sym1-4	FILE0009	31	47928
src001.349	MVSSRC.SYM201.F01	sym2-1	FILE0001	4	466
src001.349	MVSSRC.SYM201.F02	sym2-1	FILE0002	43	79558
src001.349	MVSSRC.SYM201.F03	sym2-1	FILE0003	1	2143
src001.349	MVSSRC.SYM201.F04	sym2-1	FILE0004	71	8963
src001.349	MVSSRC.SYM201.F05	sym2-1	FILE0005	37	25639
src001.349	MVSSRC.SYM201.F06	sym2-1	FILE0006	5	775
src001.349	MVSSRC.SYM201.F07	sym2-1	FILE0007	1	5440
src001.349	MVSSRC.SYM201.F08	sym2-1	FILE0008	6	15283
src001.349	MVSSRC.SYM201.F09	sym2-1	FILE0009	5	5675
src001.349	MVSSRC.SYM201.F10	sym2-1	FILE0010	1	5509
src001.349	MVSSRC.SYM201.F11	sym2-1	FILE0011	1	5955
src001.349	MVSSRC.SYM201.F12	sym2-1	FILE0012	1	2791
src001.349	MVSSRC.SYM201.F13	sym2-1	FILE0013	8	5245
src001.349	MVSSRC.SYM201.F14	sym2-1	FILE0014	20	79790
src001.349	MVSSRC.SYM201.F15	sym2-1	FILE0015	39	60830
src001.349	MVSSRC.SYM201.F16	sym2-1	FILE0016	29	20715
src001.349	MVSSRC.SYM201.F17	sym2-1	FILE0017	6	15635
src001.349	MVSSRC.SYM201.F18	sym2-1	FILE0018	3	1546
src001.349	MVSSRC.SYM201.F19	sym2-1	FILE0019	2	1191
src001.349	MVSSRC.SYM201.F20	sym2-1	FILE0020	2	4667
src001.349	MVSSRC.SYM201.F21	sym2-1	FILE0021	22	21965
src001.349	MVSSRC.SYM201.F22	sym2-1	FILE0022	5	5958
src001.349	MVSSRC.SYM201.F23	sym2-1	FILE0023	9	16287
src001.349	MVSSRC.SYM201.F24	sym2-1	FILE0024	6	1106
src001.349	MVSSRC.SYM201.F25	sym2-1	FILE0025	9	4755
src001.349	MVSSRC.SYM201.F26	sym2-1	FILE0026	8	14362
src001.349	MVSSRC.SYM201.F27	sym2-1	FILE0027	5	5809
src001.349	MVSSRC.SYM201.F28	sym2-1	FILE0028	1	62
src001.349	MVSSRC.SYM201.F29	sym2-1	FILE0029	28	78998
src001.349	MVSSRC.SYM201.F30	sym2-1	FILE0030	29	79437
src001.349	MVSSRC.SYM201.F31	sym2-1	FILE0031	29	76253
src001.349	MVSSRC.SYM201.F32	sym2-1	FILE0032	25	79271
src001.349	MVSSRC.SYM201.F33	sym2-1	FILE0033	2	5860
src001.349	MVSSRC.SYM202.F01	sym2-2	FILE0001	8	2760
src001.349	MVSSRC.SYM202.F02	sym2-2	FILE0002	1	1739
src001.349	MVSSRC.SYM202.F03	sym2-2	FILE0003	4	5068
src001.349	MVSSRC.SYM202.F04	sym2-2	FILE0004	43	24425
src001.349	MVSSRC.SYM202.F05	sym2-2	FILE0005	4	2484
src001.349	MVSSRC.SYM202.F06	sym2-2	FILE0006	1	387
src001.349	MVSSRC.SYM202.F07	sym2-2	FILE0007	9	3254
src001.349	MVSSRC.SYM202.F08	sym2-2	FILE0008	7	13914
src001.349	MVSSRC.SYM202.F09	sym2-2	FILE0009	6	4133
src001.349	MVSSRC.SYM202.F10	sym2-2	FILE0010	3	13848
src001.349	MVSSRC.SYM202.F11	sym2-2	FILE0011	3	5157
src001.349	MVSSRC.SYM202.F12	sym2-2	FILE0012	5	5831
src001.349	MVSSRC.SYM202.F13	sym2-2	FILE0013	22	17461
src001.349	MVSSRC.SYM202.F14	sym2-2	FILE0014	12	5749
src001.349	MVSSRC.SYM202.F15	sym2-2	FILE0015	7	5932
src001.349	MVSSRC.SYM202.F16	sym2-2	FILE0016	1	2418
src001.349	MVSSRC.SYM202.F17	sym2-2	FILE0017	1	175
src001.349	MVSSRC.SYM202.F18	sym2-2	FILE0018	40	24321
src001.349	MVSSRC.SYM202.F19	sym2-2	FILE0019	4	205
src001.349	MVSSRC.SYM202.F20	sym2-2	FILE0020	70	26749
src001.349	MVSSRC.SYM202.F21	sym2-2	FILE0021	5	7478
src001.349	MVSSRC.SYM202.F22	sym2-2	FILE0022	7	13040
src001.349	MVSSRC.SYM202.F23	sym2-2	FILE0023	14	50137
src001.349	MVSSRC.SYM202.F24	sym2-2	FILE0024	15	6204
src001.349	MVSSRC.SYM202.F25	sym2-2	FILE0025	6	7245
src001.349	MVSSRC.SYM202.F26	sym2-2	FILE0026	22	15581
src001.349	MVSSRC.SYM202.F27	sym2-2	FILE0027	42	4870
src001.349	MVSSRC.SYM202.F28	sym2-2	FILE0028	66	79346
src001.349	MVSSRC.SYM202.F29	sym2-2	FILE0029	54	78946
src001.349	MVSSRC.SYM202.F30	sym2-2	FILE0030	44	78717
src001.349	MVSSRC.SYM202.F31	sym2-2	FILE0031	47	78686
src001.349	MVSSRC.SYM202.F32	sym2-2	FILE0032	61	78925
src001.349	MVSSRC.SYM202.F33	sym2-2	FILE0033	61	79354
src001.349	MVSSRC.SYM202.F34	sym2-2	FILE0034	3	6896
src001.349	MVSSRC.SYM301.F01	sym3	FILE0001	11	71028
src001.349	MVSSRC.SYM301.F02	sym3	FILE0002	8	585
src001.349	MVSSRC.SYM301.F03	sym3	FILE0003	3	242
src001.349	MVSSRC.SYM301.F04	sym3	FILE0004	10	5549
src001.349	MVSSRC.SYM401.F01	sym4-1	FILE0001	115	42572
src001.349	MVSSRC.SYM401.F02	sym4-1	FILE0002	3	364
src001.349	MVSSRC.SYM401.F03	sym4-1	FILE0003	42	79062
src001.349	MVSSRC.SYM401.F04	sym4-1	FILE0004	3	9638
src001.349	MVSSRC.SYM401.F05	sym4-1	FILE0005	25	78379
src001.349	MVSSRC.SYM401.F06	sym4-1	FILE0006	21	76944
src001.349	MVSSRC.SYM401.F07	sym4-1	FILE0007	17	78777
src001.349	MVSSRC.SYM401.F08	sym4-1	FILE0008	18	78126
src001.349	MVSSRC.SYM401.F09	sym4-1	FILE0009	21	76950
src001.349	MVSSRC.SYM401.F10	sym4-1	FILE0010	11	78834
src001.349	MVSSRC.SYM401.F11	sym4-1	FILE0011	13	77786
src001.349	MVSSRC.SYM401.F12	sym4-1	FILE0012	15	76292
src001.349	MVSSRC.SYM401.F13	sym4-1	FILE0013	15	76826
src001.349	MVSSRC.SYM401.F14	sym4-1	FILE0014	17	75581
src001.349	MVSSRC.SYM402.F01	sym4-2	FILE0001	13	76605
src001.349	MVSSRC.SYM402.F02	sym4-2	FILE0002	10	79004
src001.349	MVSSRC.SYM402.F03	sym4-2	FILE0003	13	74692
src001.349	MVSSRC.SYM402.F04	sym4-2	FILE0004	13	76911
src001.349	MVSSRC.SYM402.F05	sym4-2	FILE0005	19	76972
src001.349	MVSSRC.SYM402.F06	sym4-2	FILE0006	15	76664
src002.34a	MVSSRC.SYM402.F07	sym4-2	FILE0007	14	75749
src002.34a	MVSSRC.SYM402.F08	sym4-2	FILE0008	13	77400
src002.34a	MVSSRC.SYM402.F09	sym4-2	FILE0009	25	74052
src002.34a	MVSSRC.SYM402.F10	sym4-2	FILE0010	19	79154
src002.34a	MVSSRC.SYM402.F11	sym4-2	FILE0011	27	78246
src002.34a	MVSSRC.SYM402.F12	sym4-2	FILE0012	27	78145
src002.34a	MVSSRC.SYM403.F01	sym4-3	FILE0001	17	79750
src002.34a	MVSSRC.SYM403.F02	sym4-3	FILE0002	27	75845
src002.34a	MVSSRC.SYM403.F03	sym4-3	FILE0003	22	75607
src002.34a	MVSSRC.SYM403.F04	sym4-3	FILE0004	20	77186
src002.34a	MVSSRC.SYM403.F05	sym4-3	FILE0005	22	77522
src002.34a	MVSSRC.SYM403.F06	sym4-3	FILE0006	24	72744
src002.34a	MVSSRC.SYM403.F07	sym4-3	FILE0007	20	79630
src002.34a	MVSSRC.SYM403.F08	sym4-3	FILE0008	22	78256
src002.34a	MVSSRC.SYM403.F09	sym4-3	FILE0009	8	19756
src002.34a	MVSSRC.SYM403.F10	sym4-3	FILE0010	39	77383
src002.34a	MVSSRC.SYM403.F11	sym4-3	FILE0011	24	52457
src002.34a	MVSSRC.SYM501.F01	sym5	FILE0001	135	35138
src002.34a	MVSSRC.SYM501.F02	sym5	FILE0002	31	16531
src002.34a	MVSSRC.SYM501.F03	sym5	FILE0003	47	76802
src002.34a	MVSSRC.SYM501.F04	sym5	FILE0004	111	79197
src002.34a	MVSSRC.SYM501.F05	sym5	FILE0005	88	78823
src002.34a	MVSSRC.SYM501.F06	sym5	FILE0006	62	79347
src002.34a	MVSSRC.SYM501.F07	sym5	FILE0007	49	77376
src002.34a	MVSSRC.SYM501.F08	sym5	FILE0008	58	78720
src002.34a	MVSSRC.SYM501.F09	sym5	FILE0009	98	76978
src002.34a	MVSSRC.SYM501.F10	sym5	FILE0010	14	4880
src002.34a	MVSSRC.SYM601.F01	sym6-1	FILE0001	200	22382
src002.34a	MVSSRC.SYM601.F02	sym6-1	FILE0002	10	29202
src002.34a	MVSSRC.SYM601.F03	sym6-1	FILE0003	9	12313
src002.34a	MVSSRC.SYM601.F04	sym6-1	FILE0004	3	2565
src002.34a	MVSSRC.SYM601.F05	sym6-1	FILE0005	25	76944
src002.34a	MVSSRC.SYM601.F06	sym6-1	FILE0006	27	78952
src002.34a	MVSSRC.SYM601.F07	sym6-1	FILE0007	17	78237
src002.34a	MVSSRC.SYM601.F08	sym6-1	FILE0008	12	77333
src002.34a	MVSSRC.SYM601.F09	sym6-1	FILE0009	16	76833
src002.34a	MVSSRC.SYM601.F10	sym6-1	FILE0010	16	79361
src002.34a	MVSSRC.SYM601.F11	sym6-1	FILE0011	18	78925
src002.34a	MVSSRC.SYM601.F12	sym6-1	FILE0012	17	79978
src002.34a	MVSSRC.SYM601.F13	sym6-1	FILE0013	15	76258
src002.34a	MVSSRC.SYM601.F14	sym6-1	FILE0014	4	23662
src002.34a	MVSSRC.SYM601.F15	sym6-1	FILE0015	16	42597
src002.34a	MVSSRC.SYM601.F16	sym6-1	FILE0016	8	20818
src002.34a	MVSSRC.SYM602.F01	sym6-2	FILE0001	33	79849
src002.34a	MVSSRC.SYM602.F02	sym6-2	FILE0002	15	73612
src002.34a	MVSSRC.SYM602.F03	sym6-2	FILE0003	8	76969
src002.34a	MVSSRC.SYM602.F04	sym6-2	FILE0004	10	74188
src002.34a	MVSSRC.SYM602.F05	sym6-2	FILE0005	30	41627
src002.34a	MVSSRC.SYM602.F06	sym6-2	FILE0006	85	51169
src002.34a	MVSSRC.SYM602.F07	sym6-2	FILE0007	85	79685
src002.34a	MVSSRC.SYM602.F08	sym6-2	FILE0008	31	24188
src002.34a	MVSSRC.SYM602.F09	sym6-2	FILE0009	4	4221
src002.34a	MVSSRC.SYM602.F10	sym6-2	FILE0010	57	34536
src002.34a	MVSSRC.SYM602.F11	sym6-2	FILE0011	43	41769
src002.34a	MVSSRC.SYM602.F12	sym6-2	FILE0012	116	75687
src002.34a	MVSSRC.SYM602.F13	sym6-2	FILE0013	37	29212
src002.34a	MVSSRC.SYM701.F01	sym7	FILE0001	126	24150
src002.34a	MVSSRC.SYM701.F02	sym7	FILE0002	24	79661
src002.34a	MVSSRC.SYM701.F03	sym7	FILE0003	16	55350
src002.34a	MVSSRC.SYM701.F04	sym7	FILE0004	2	5908
src002.34a	MVSSRC.SYM701.F05	sym7	FILE0005	17	75573
srccat.34b	MVSSRC.SYM701.F06	sym7	FILE0006	38	67281
srccat.34b	MVSSRC.SYM701.F07	sym7	FILE0007	20	79633
srccat.34b	MVSSRC.SYM701.F08	sym7	FILE0008	10	41792
srccat.34b	MVSSRC.SYM701.F09	sym7	FILE0009	37	55668
srccat.34b	MVSSRC.SYM701.F10	sym7	FILE0010	4	16717
srccat.34b	MVSSRC.SYM701.F11	sym7	FILE0011	30	78398
srccat.34b	MVSSRC.SYM701.F12	sym7	FILE0012	13	75857
srccat.34b	MVSSRC.SYM701.F13	sym7	FILE0013	33	59585
